Contact Name,Campus,Capabilities / Expertise,Category,Civic Domains,Communities Served,ID,INI Alignments,Needs / Challenges,Notes / Insights,Oppurtunity Ideas,Program/Org Affiliation,Role/Title,edited_by,v1_ready
Sada Jaman ,LaGuardia CC,"Information Provision, Collaboration Facilitation",Faculty Research,"Civic Engagement, Service-Learning","General Public, Students",1,Humanitarian Initiative,,"Sada Jaman serves as the primary contact for the LaGuardia Humanitarian Initiative. She can answer questions and provide more information about civic engagement, service-learning opportunities, and ways to collaborate with the program",,,Staff,Jeremiah_AI_v2_Standardized,Yes
Rev. Dr. Kathleen M. Cumiskey and Crystal Deosaran,College of Staten Island,"Admissions Management, Student Support",Other,Education,"Students, Prospective Students",4,,,"Crystal Deosaran is Responsible for admissions and student support for the PIT program, Crystal is the primary contact for prospective or current PIT students.   ",," Director of the PIT@CSI learning community at CSI St. George
and a faculty member in the Psychology Department and Student Services Specialist for the PIT program at CSI St. George
",Staff,Jeremiah_AI_v2_Standardized,Yes
Margaret Van-Ess Holman,Baruch College,Civic Engagement Facilitation,Other,Leadership Development,"Students, General Public",3,,,Margaret Holman serves as the primary contact to ask questions or learn more about additional civic engagement opportunities at Baruch College ,,Assistant Director of Leadership Development,Staff,Jeremiah_AI_v2_Standardized,Yes
Professor Elizabeth Toohey,Queensborough CC,Journalism,Faculty Research,Education,"Students, General Public",5,,,,,Advisor of Communique QCC Newspaper,Faculty,Jeremiah_AI_v2_Standardized,Yes
Rima Douglas ,John Jay College,"Mentoring, Program Development, Student Connection",Faculty Research,Community Outreach,Students,9,,,"Helps with student programs, mentoring, and connecting students to real world opportunities ",,Associate Director of community outreach service ,Staff,Jeremiah_AI_v2_Standardized,Yes
Professor Alisa Cercone,Queensborough CC,Advisor,Faculty Research,,Students,6,,,,,Advisor of Communique QCC Newspaper,Faculty,Jeremiah_AI_v2_Standardized,Yes
Donniece Davis ,LaGuardia CC,Program Oversight,Other,Student Life,Students,10,,,"Oversees student programs and clubs 
",,Associate Director of campus life ,Staff,Jeremiah_AI_v2_Standardized,Yes
Stephen Palencia,Baruch College,Support,Other,Student Life,Students,7,,,Supports student clubs/orgs,,Assistant Director of Student Activities,Staff,Jeremiah_AI_v2_Standardized,Yes
Molly de Aguiar,Craig Newmark Graduate School of Journalism,Faculty,Faculty Research,,General Public,13,,,,,News Integrity Initiative,Faculty,Jeremiah_AI_v2_Standardized,Yes
Kavitha Rajagopalan,Craig Newmark Graduate School of Journalism,Leadership,Other,Media,Asian Communities,12,,,Kavitha Rajagopalan serves as the Director of CCM’s(Center for Community Media) Asian Media Initiative,,Asian Media Initiative,Faculty,Jeremiah_AI_v2_Standardized,Yes
     Dr. Richard Flanagan    ,College of Staten Island,"Research, Advisory Hub",Faculty Research,Public Issues,"Faculty, Students, Staff, Local Civic Leaders, Community",11,Nonpartisan,,"Dr. Richard and Dr. Jonathan are co-directors for the center for study of Staten island whose mission is Unites faculty, students, and staff with local civic leaders to tackle public issues. It serves as a nonpartisan research and advisory hub for the community.",,Co-Director for Center for the Study of Staten Island    ,Staff,Jeremiah_AI_v2_Standardized,Yes
Jesenia De Moya Correa,Craig Newmark Graduate School of Journalism,Teaching,Other,Education,Students,14,,,,,Latino Media Initiative,Faculty,Jeremiah_AI_v2_Standardized,Yes
Pablo Ávila ,LaGuardia CC,Teaching,Faculty Research,,Education,15,,,,,Associate Director of the center for teaching and learning ,Staff,Jeremiah_AI_v2_Standardized,Yes
Damali Smith Tolson,Baruch College,Program Oversight,Other,Student Life,Students,20,,,Oversees all student engagement and programs,,Director of Student Life,Staff,Jeremiah_AI_v2_Standardized,Yes
Michael Max Knobbe ,Lehman College,"Programming, Local Engagement",Faculty Research,"Education, Government",Bronx Residents,16,Public Access,,"person in charge for BronxNet is a public, educational, and government access (PEG) cable television network based at Lehman College, offering programming that serves Bronx residents and fosters local engagement. ",,Executive Director / Director of Creative Services,Faculty,Jeremiah_AI_v2_Standardized,Yes
Cheryl Thompson Morton,Craig Newmark Graduate School of Journalism,Leadership,Other,Media,Black Community,17,,,Cheryl Thompson-Morton serves as the director of the Black Media Initiative,,Black Media Initiative,Faculty,Jeremiah_AI_v2_Standardized,Yes
Jasmin Clavasquin,Lehman College,"Liaisoning, Advocacy, Partnership Building",Faculty Research,"Government, Community Development","Lehman College, Bronx Community, Government Agencies",19,"Institutional Partnerships, Community Support",,"oversees the office which acts as the liaison between Lehman College and government, businesses, and the Bronx community, advocating for institutional partnerships and community-supportive policies. ",,Director for Office of Government & Community Affairs,Faculty,Jeremiah_AI_v2_Standardized,Yes
Maria Savva,LaGuardia CC,Program Oversight,Faculty Research,Education,Students,18,,,Oversees all student programs in experimental learning ,,Co-facilitator of the experimental learning program ,Staff,Jeremiah_AI_v2_Standardized,Yes
Dinetta Curtis,Baruch College,"Program Oversight, Club Activity Management",Other,Student Life,Students,24,,,Oversees student programs and club activities,,Deputy Director of Student Life,Staff,Jeremiah_AI_v2_Standardized,Yes
Robert King Kee,College of Staten Island,"Coordination, Emerging Leader Development",Other,"Leadership, Community Service","Students, General Public",22,,,"Coordinator for Emerging Leaders, Leadership & Community Service",,Coordinator for Student Leadership Development,Staff,Jeremiah_AI_v2_Standardized,Yes
Declan Walsh,John Jay College,Program Oversight,Faculty Research,Community Outreach,Students,25,,,Oversees all student programs ,,Office Director of Community outreach service and learning ,Staff,Jeremiah_AI_v2_Standardized,Yes
Evelyn Almonte,Baruch College,Management,Other,Student Life,Students,21,,,Directly manages student engagement,,"Community Engagement Manager, Student Life",Staff,Jeremiah_AI_v2_Standardized,Yes
Jan Martinez,Baruch College,Initiative Oversight,Other,"Diversity, Equity & Inclusion",General Public,23,,,Oversees DEI initiatives,,"Assistant Director of Diversity, Equity & Inclusion",Staff,Jeremiah_AI_v2_Standardized,Yes
Amina Rae Yamusah,Bronx Community College,"Cooperative Work Experience, Internship Placement",Community Mentor,"Computer Information Systems, Technology","Students, Professionals",26,,,"For majors like Computer Information Systems (and related technology disciplines), BCC offers a Cooperative Work Experience (CWE) course that integrates academic credit with practical internships",,Senior Career Specialist,Career Office Staff,Jeremiah_AI_v2_Standardized,Yes
Olivia Tcholakian,Queens College,"Program Coordination, Tool Implementation",Faculty Research,Education,Students,28,,,Oversees student day to day programs and she may be more directly involved in implementing tools like civicWire ,,Experiential program coordinator ,Staff,Jeremiah_AI_v2_Standardized,Yes
Veronica Manslow,Brooklyn College,Faculty,Student Opportunity,"Innovation, Entrepreneurship","Students, Startups",27,,,,,Innovation + Entrepreneurship Lab (I+E Lab / Blackstone LaunchPad),Faculty,Jeremiah_AI_v2_Standardized,Yes
Cristina Di Meo,Queens College,"Service Learning, Internship Coordination, Community Based Program Management",Faculty Research,Education,"Students, General Public",29,,,"She oversees service learning, internships, and community based programs ",,Experiential Educator Director ,Staff,Jeremiah_AI_v2_Standardized,Yes
Civic Engagemnet Center,Brooklyn College,"Volunteerism Coordination, Voter Registration, Civic Program Development",Other,"Civic Engagement, Social Responsibility","Students, General Public",33,Civic-Impact Goals,," coordinates volunteerism, voter registration, and civic programs — strong overlap with Vngle’s civic-impact goals.",,Office of Civic Engagement & Social Responsibility,Student Org Leader,Jeremiah_AI_v2_Standardized,Yes
Peter Holoman,Medgar Evers College,Teaching,Student Opportunity,Education,Students,30,,,,,Brooklyn Recovery Corps,Faculty,Jeremiah_AI_v2_Standardized,Yes
Tiffany Dubon-Yard ,Bronx Community College,"Resource Provision, Guidance, Initiative Support",Faculty Research,"Student Life, Civic Engagement","Students, Community Members",31,Civic Involvement,,The Office of Student Life supports various student organizations and initiatives that promote civic engagement and community involvement. They provide resources and guidance for students interested in participating in or organizing civic activities.,,Associate Director,Staff,Jeremiah_AI_v2_Standardized,Yes
Dr. Teresita Levy ,Lehman College,"Program Development, Community Building, Service Coordination",Faculty Research,International Programs & Community Engagement,"Students, Faculty, Community Partners",32,"Positive Change, Community Development",,"The Office of International Programs & Community Engagement at Lehman College empowers students, faculty, and community partners to collaborate towards positive change. Through various programs, they utilize technology to connect the campus with the wider world, fostering a spirit of service and community development.       ",,Executive Director The Office of International Programs & Community Engagement      ,Staff,Jeremiah_AI_v2_Standardized,Yes
Hamidreza Nourouzi,NYC College of Technology,"Research Collaboration, Career Exploration",Faculty Research,"Earth Science, Remote Sensing","Students, Faculty",34,Education,,"ReSESS is all about getting students and faculty working together on Earth science and remote sensing research. It’s helping build a stronger research culture at City Tech and creating real opportunities for students to explore careers in geoscience.
",,Director for The Center for Remote Sensing and Earth System Sciences (ReSESS) at CityTech,Faculty,Jeremiah_AI_v2_Standardized,Yes
Dr. Terry Huang,School of Public Health,Leadership,Faculty Research,"Systems, Community Design",Academic,37,,,Director of of CUNY Center for Systems and Community Design,,CUNY Center for Systems and Community Design,Faculty,Jeremiah_AI_v2_Standardized,Yes
Andrea Gabor,Baruch College,"Course Registration Support, Program Question Answering, Writing Skill Improvement, Research Skill Improvement",Faculty Research,Education,Students,35,,,Oversees course registration and program questions in Journalism and the Writing Professions. Supports students in improving writing and research skills,,Professor and Chair for the Journalism and the Writing Professions department,Faculty,Jeremiah_AI_v2_Standardized,Yes
Yra Yza Francisco,Bronx Community College,"Job Market Support, Training and Certification",Student Opportunity,IT Training,"Unemployed and Underemployed Individuals, Bronx Residents",36,Economic Empowerment,,"IT Training Office (ITTO) Through its Continuing Education department, BCC offers programs like the CompTIA A+ Certification Prep, which provides training and job market support to the unemployed and underemployed in the Bronx. This grant-funded program is designed to help individuals secure entry-level IT jobs",,Manager and Lead Trainer of IT Training,Mentor,Jeremiah_AI_v2_Standardized,Yes
Gregory Smithsimon,Brooklyn College,,Faculty Research,Brooklyn,Students,41,,,,,Center for the Study of Brooklyn (CSB),BMCC SGA,Jeremiah_AI_v2_Standardized,Yes
Benedetto Fontana,Baruch College,"Course Registration Support, Program Guidance, Career Development",Faculty Research,"Government, Policy, Civic","Students, Political Science Majors/Minors",40,Civic Careers,,"Supports students pursuing government, policy, and civic careers",,"Department Chair and main contact for Political Science majors/minors, course registration, and program questions",Faculty,Jeremiah_AI_v2_Standardized,Yes
Craig Willingham,School of Public Health,Leadership,Faculty Research,Urban Food Policy,Academia,39,,,Is the Deputy Director of CUNY Urban Food Policy Institute,,CUNY Urban Food Policy Institute,Faculty,Jeremiah_AI_v2_Standardized,Yes
Deborah Levine,School of Public Health,,Faculty Research,Health,General Public,38,,,,,Harlem Health Initiative,Faculty,Jeremiah_AI_v2_Standardized,Yes
James A. Bosch,Lehman College,"Event Organization, Skill Enhancement, Networking",Other,Computer Science,"Students, Computer Science Enthusiasts",44,,,"Computer Science Club is a student-run organization dedicated to fostering a supportive community for students interested in computer science and technology. The club organizes events such as hackathons, coding jams, and workshops to enhance members' skills and provide networking opportunities.    ",,Computer Science Club’s president ,Student Org Leader,Jeremiah_AI_v2_Standardized,Yes
Dr. Nakamura,NYC College of Technology,"Research, Skill-Building, Publishing, Career Development",Faculty Research,"Sustainability, Environmental Engineering","Students, Industry Professionals, Grad School",45,,,"The EES Lab is a space where students can get real experience doing research in sustainability and environmental engineering. It’s a great opportunity to build skills, publish work, and grow toward careers in industry or grad school.",,Energy and Environmental Simulation Laboratory,Faculty,Jeremiah_AI_v2_Standardized,Yes
Dr. Joseph Barba,City College,"Research Support, Mentoring, Academic Enrichment",Faculty Research,STEM Education,"Students, Community Members",43,"Career Development, Leadership",,"The STEM Institute at CCNY supports students through hands-on research, mentoring, and academic enrichment, helping prepare them for careers and leadership in science, tech, engineering, and math.",,STEM enrichment programs and initiatives that give students and the community access to research and educational opportunities,Faculty,Jeremiah_AI_v2_Standardized,Yes
Arianna livreri ,Queens College,Program Management,Faculty Research,Civic Engagement,General Public,42,,,Manages civic engagement programs ,,Associate Director of civic engagement ,Staff,Jeremiah_AI_v2_Standardized,Yes
Eva Chou,Baruch College,"Advising, Supporting, Civic Engagement Project Facilitation",Faculty Research,"Sociology, Anthropology",Students,49,"Social Research, Cultural Research",,"Oversees majors/minors, advising, and supporting students in social/cultural research and civic engagement projects",,Chair of Sociology & Anthropology Department,Faculty,Jeremiah_AI_v2_Standardized,Yes
Bachelor of Science in Public Affairs Office,Baruch College,"Civic Engagement, Advocacy, Hands-On Learning",Faculty Research,Public Affairs,Students,46,,,"Supports students in civic engagement, advocacy and hands-on learning",,Oversees the Bachelor of Science in the Public Affairs program and Hagedorn Internship Fellowship,Faculty,Jeremiah_AI_v2_Standardized,Yes
Taruna Sadhoo,Queens College,Internship Management,Faculty Research,NYC Organizations,Students,47,,,Manages paid internships across a variety of nyc organizations ,,Campus Director of service corps ,Staff,Jeremiah_AI_v2_Standardized,Yes
Nana Abeyie,City College,"Tech Support, Digital Resource Management, Teaching and Learning Enhancement",Student Opportunity,Education Technology,"Faculty, Students",50,,,"ATS helps support teaching and learning by handling classroom tech, Zoom, and digital resources, while also helping faculty use these tools smoothly and effectively.",,"Supports AV tech in classrooms and events, manages Zoom and digital signage, and helps faculty use tech effectively across campus.",Faculty,Jeremiah_AI_v2_Standardized,Yes
Robert B. Curry,Baruch College,"Leadership, Community Policing Initiatives, Partnerships",Faculty Research,Public Safety,"Campus Community, Surrounding Community",48,,,"Leads campus safety team, community policing initiatives, and partnerships with campus and surrounding community",,Chief of Public Safety,Faculty,Jeremiah_AI_v2_Standardized,Yes
Professor Cynthia Jones,Hostos Community College,"Civic Engagement, Service Coordination, Fundraising, Awareness Raising",Civic Engagement,"Education, Community Development","Students, Local Community, Youth Groups, Campus Food Pantries",51,"Civic Responsibility, Social Justice",,"The program is active and committed to civic responsibility. As a requirement for all students in the Honors Program, community service projects provide direct benefits to the local community. Volunteer hours: Honors students must complete a minimum of 15 hours of community service per semester.Partnerships: The program collaborates with on-campus and off-campus affiliates and supports student-initiated projects.Community events: Past activities have included walks for causes such as AIDS, breast cancer, and Alzheimer's disease.Local support: Students volunteer for initiatives such as campus food pantries, youth groups, and local fundraisers
Through its ongoing service projects, the Honors Program provides the following benefits to the community: 
• Addresses local needs: Provides direct support to local initiatives like food pantries, addressing tangible issues in the community.
• Raises awareness:
 Students participate in fundraising events and walks for a variety of 
health-related causes, which helps raise community awareness and 
support.
• Cultivates civic engagement:
 By requiring mandatory volunteer hours, the program instills a strong 
sense of civic responsibility in its high-achieving students, 
encouraging lifelong community involvement. ",,Co-Director of Honors Program (and Honors Club),Co-Director,Jeremiah_AI_v2_Standardized,Yes
Manuela Jiménez ,John Jay College,"Leadership Development, Event Planning, Promotion",Faculty Research,Civic Engagement,"Students, General Public",52,Civic Events,,Helps oversee the leadership program where students lead planning and promotion of key civic events ,,AmeriCorps Liaison ,Staff,Jeremiah_AI_v2_Standardized,Yes
Paul Longo,Queens College,"Program Management, Civic Education",Faculty Research,Education,"Students, Schools",53,Improvement of Education,,He oversees the CIE program that focuses on school partnerships and civic oriented education,,Director for the improvement of education ,Staff,Jeremiah_AI_v2_Standardized,Yes
Mariam Abdul Sattar,CUNY SPS,"Digital Civic Tools, Open Educational Resources",Faculty Research,Education,"Faculty, Students",57,,,"Helps faculty/students use open educational resources, good for digital civic tools.",,Assistant to the Committee on Institutional Equity & Diversity (CIED),Faculty,Jeremiah_AI_v2_Standardized,Yes
Terry McGovern,School of Public Health,Faculty Leadership,Faculty Research,Sexual and Reproductive Justice,Academic Community,55,,,Founding faculty of the SRJ Hub,,Sexual and Reproductive Justice Hub,Faculty,Jeremiah_AI_v2_Standardized,Yes
Dr. Suzanna McDermott,School of Public Health,Leadership,Faculty Research,Energy,Academic,54,,,Director of Energy Center,,The Energy Center at CUNY SPH,Faculty,Jeremiah_AI_v2_Standardized,Yes
Paola Veras,Hostos Community College,"Mentorship, Academic Counseling, Tutoring, Resource Coordination",Student Opportunity,Education,"First-Generation College Students, Students",56,,,"the College Discovery program
The program is a New York State-funded opportunity initiative offered at six CUNY community colleges, including Hostos. It has been shown to result in better student retention and graduation rates. This program offers support services to students who are the first in their families to attend college, providing academic counseling, tutoring, and other resources to ensure their success.",,College Discovery Program contact ,Mentor,Jeremiah_AI_v2_Standardized,Yes
Eileen Newman,Hostos Community College,"Capacity Building, Strengthening Non-Profits",Civic Leadership & Innovation,Non-Profit Management,"Bronx Community, Nonprofit Organizations",59,,,The Center for Bronx Nonprofits (CBNP) at Hostos Community College is dedicated to strengthening the capacity of nonprofit organizations serving the Bronx community.,,Executive Director Center for Bronx Non-Profits    ,Mentor,Jeremiah_AI_v2_Standardized,Yes
Stephanie Oliviero,Hostos Community College,"Initiative Implementation, Conflict Resolution",Cultural Empowerment,"Diversity & Inclusion, Compliance","Students, Staff",58,Inclusive Environment,,"This office promotes an inclusive environment by addressing complaints related to discrimination and harassment, and by implementing initiatives that support diversity and awareness.",,Associate Director of the Office of Compliance and Diversity/Deputy ,Associate Director,Jeremiah_AI_v2_Standardized,Yes
Sarina Harty,Guttman Community College,"Scholarship Opportunities, Campus Resource Connection, Career and Financial Guidance, Legal Assistance, Emergency Grants, Advocacy",Civic Leadership & Innovation,"Immigration, Higher Education","Immigrant Students, Undocumented Students, DACA Students, Asylum Seekers",61,"Justice, Civic Reform",," The initiative and its student club, Grizzlies Beyond Borders,
 provide extensive resources for immigrant students, regardless of their
 immigration status (including undocumented, DACA, TPS, and asylum 
seekers). The services include: 
• Scholarship opportunities:
 The initiative provides information on and assistance with various 
grants and scholarships, such as the José Peralta New York State DREAM 
Act, the Dream.US Scholarship, and the institution-specific Cornelis and
 Angela Klein Scholarship.
• Campus resource connection:
 Immigrant liaisons help students navigate college life and connect with
 on-campus resources. The Grizzlies Beyond Borders club serves as a safe
 space for immigrant students and allies to find a supportive community.
• Career and financial guidance:
 The initiative offers career planning resources, advice on obtaining an
 Individual Taxpayer Identification Number (ITIN), and information on 
paid internships and fellowships available to students.
• Legal assistance:
 It connects students with CUNY Citizenship Now and other non-profit 
legal services to access free and confidential help for citizenship 
applications, DACA renewals, asylum claims, and other legal matters.
• Emergency grants:
 The college's Connect Center, which is closely affiliated with the 
initiative, provides emergency grants for eligible students to help with
 rent, utilities, medical bills, and other essential needs.
• Advocacy and community events:
 The initiative and student club organize community events and advocate 
for immigrant students, including protecting them from ICE enforcement 
actions on campus",,Student Success Advocate and Immigrant Student Liaison,Staff,Jeremiah_AI_v2_Standardized,Yes
Dr. Victoria Ngo,School of Public Health,Research,Faculty Research,Mental Health,Harlem Strong,60,Innovation,,Director of Center for Innovation in Mental Health/Central Director of Harlem Strong,,Center for Innovation in Mental Health/Harlem Strong,Director of Research,Jeremiah_AI_v2_Standardized,Yes
Shweta Jain ,John Jay College,"Peer Learning Facilitation, Outreach Coordination",Faculty Research,Cybersecurity,Students,62,,,Oversees cybersecurity education and clubs engaged in peer learning and outreach ,,Cyber Hub main contact ,Staff,Jeremiah_AI_v2_Standardized,Yes
Katheryn Crawford,John Jay College,"Team Leadership, Real World Engagement",Faculty Research,Service Learning,Students,63,,,Leads a team that supports service learning and real world engagement ,,Experiential learning ,Staff,Jeremiah_AI_v2_Standardized,Yes
Ingrid verás ,LaGuardia CC,Staff,Faculty Research,,General Public,65,,,,,Co Director of casa de las Americas ,Staff,Jeremiah_AI_v2_Standardized,Yes
Prof. Hamid Norouzi,NYC College of Technology,Collaboration Facilitation,Faculty Research,Research,"Students, Faculty",64,,,They manage faculty/student research opportunities; good lead if you want to find more people for collaboration.,,"Undergraduate Research, City Tech",Faculty,Jeremiah_AI_v2_Standardized,Yes
Dr. Alethia Jones,School of Labor & Urban Studies,Leadership Development,Student Opportunity,Civic Engagement,Students,68,Civic Engagement,,,,The Civic Engagement and Leadership Development Program,Faculty,Jeremiah_AI_v2_Standardized,Yes
     Vanessa Joseph   ,Lehman College,"Business Assistance, Minority/Business-Owner Support, Start-Up/Growth Services",Faculty Research,"Small Business Development, Entrepreneurship, Community Economic Development","Entrepreneurs, Small Firms, Minority/Business-Owners",67,Economic Development,,"Lehman Small Business Development Center Assists entrepreneurs, small firms in the Bronx; helps minority/business-owners in starting or growing business; part of community economic development.",,Director of Lehman Small Business Development Center,Staff,Jeremiah_AI_v2_Standardized,Yes
Jasmin Clavasquin,Lehman College,"Coordination, Empowerment",Faculty Research,"Government, Community Engagement","Students, Faculty, Community Partners",69,Positive Change,,"Lehman College's Community Engagement Initiatives are coordinated through the Office of International Programs & Community Engagement (IPCE). This office is dedicated to fostering positive change both locally and globally by empowering students, faculty, and community partners to collaborate.    ",,Director of Government and External Affairs,Staff,Jeremiah_AI_v2_Standardized,Yes
Daniel Hurewitz,Hunter College,Student Success,Faculty Research,,Students,66,,,,,Associate provost for student success ,Staff,Jeremiah_AI_v2_Standardized,Yes
Miesha smith,Hunter College,"Event Coordination, Leadership Development",Faculty Research,Student Life,Students,73,,,Student leadership and event coordinador ,,Director of student life ,Staff,Jeremiah_AI_v2_Standardized,Yes
Clinic Dean,CUNY Law School,"Entry Point, Clinical Work",Faculty Research,"Justice, Policy","Law Students, General Public",71,Civic Reform,,This is a good entry point for all clinical / justice / policy work in Law.,,"Clinical Programs, CUNY Law",Faculty,Jeremiah_AI_v2_Standardized,Yes
Dr. John Meche,College of Staten Island,"Event Planning, Program Development",Other,Social Justice,"Ethnic Groups, Religious Groups, Cultural Groups, Campus Community",70,"Diversity, Inclusion",,"The Mission of the Social Justice Program
 aims to represent ethnic, religious, and cultural groups through 
various events and programs on campus. The ongoing goal is to celebrate 
our diversity while encouraging a unified campus.",,Associate Director of Social Justice,Staff,Jeremiah_AI_v2_Standardized,Yes
Dr. Lisa Auerbach,CUNY School of Medicine,"Curriculum-Based Outreach, Clinical Education",Student Opportunity,"Academia, Healthcare","Students, Faculty",72,,,Useful for linking with curriculum-based outreach or clinical education.,,"Academic Departments, CUNY Med",Faculty,Jeremiah_AI_v2_Standardized,Yes
Shiao-chuan Kung,Hunter College,"Workshop Facilitation, Teaching Technology",Faculty Research,Education,Educators,77,,,Facilitates workshops on teaching with technology ,,Program Director ,Staff,Jeremiah_AI_v2_Standardized,Yes
Jose-Luis Garcia,Guttman Community College,"Mentoring, Workshop Facilitation, Community Service Coordination, Leadership Development",Faculty Research,"Academia, Education","Men of Color, Underrepresented Groups",74,"Empowerment, Social Justice",,"
The United Men of Color (UMOC) program provides a supportive environment for men of color to 
succeed academically and personally. The organization was founded to 
address inequalities and empower underrepresented men. As part of the 
broader CUNY Black Male Initiative, UMOC offers services that include: 
• Academic support and mentoring: Members receive academic guidance to help them navigate their college experience.
• Workshops and personal development: The program holds workshops and activities that focus on personal and professional growth, well-being, and skill-building.
• Sociocultural dialogue:
 UMOC facilitates discussions where students can engage in dialogue to 
enhance their understanding of themselves and their communities.
• Community service projects: Participants take part in community service to build character and a sense of fellowship.
• Leadership development: UMOC helps scholars develop leadership skills that they can apply both in and out of school. ",,United Men of color  Program Director,Staff,Jeremiah_AI_v2_Standardized,Yes
Caitlin Ho,Hunter College,"Program Management, Research Facilitation, Partnership Development",Faculty Research,Social Justice,"Students, Institutional Partnerships",76,Justice,,"Manages student leadership programs, research seminars, and institutional partnerships for social justice ",,Program Director ,Staff,Jeremiah_AI_v2_Standardized,Yes
Jessica Portilla,Guttman Community College,"Resource Connection, Advocacy, Empowerment",Student Opportunity,"Immigration, Education","Undocumented Students, Immigrant Students, Allies",75,Social Justice,,"Grizzlies Beyond Borders
aims to create a welcoming and empowering space for immigrant students and allies at Guttman and beyond. They connect students to resources such as legal assistance, career and work opportunities, and advocate for the undocumented community. They also aim to share experiences and knowledge to unite and advance advocacy work for the undocumented community.",,Grizzlies Beyond Borders Club advisors / program staff,Staff,Jeremiah_AI_v2_Standardized,Yes
Dr. Evelyn Castro,Medgar Evers College,Education,Student Opportunity,Community Development,"Youth, Cornerstone & youth/community centers",81,,,,,School of Professional & Community Development (SPCD) — Cornerstone & youth/community centers,Faculty,Jeremiah_AI_v2_Standardized,Yes
Jean Phelps,York College,Student Activities,Faculty Research,,Students,78,,,,,Director of student activities ,Staff,Jeremiah_AI_v2_Standardized,Yes
Basil Smikle,Hunter College,Program Oversight,Faculty Research,"Public Policy, Human Rights, Civic Engagement",General Public,79,Justice,,"Oversees the program that focuses on public policy, human rights, and civic engagement ",,Director of public policy program ,Staff,Jeremiah_AI_v2_Standardized,Yes
"Dorina Til, Dawn Levy",Kingsborough CC,"Education, Student Development",Student Opportunity,"Entrepreneurship, Small Business","Students, Entrepreneurs",80,,,,,Entrepreneurship / Small Business continuing education & student Entrepreneurship Club,Faculty,Jeremiah_AI_v2_Standardized,Yes
Suzette Ramsundar,Lehman College,"Program Design, Community Service Engagement, Leadership Empowerment",Other,Student Leadership Development,Students,84,,,"Herbert H. Lehman Center for Student Leadership Development The Center aims to provide opportunities designed to empower responsible, ethical student leadership. It offers programs that encourage students to engage in community service and leadership roles.",,"The Director of Student Life, Suzette Ramsundar, is the key contact for the Herbert H. Lehman Center for Student Leadership Development
.",Staff,Jeremiah_AI_v2_Standardized,Yes
Louis Torres,Lehman College,"Project Development, Service Coordination",Other,"Environmental, Community Service","Students, General Public",85,,,ASEZ (Save the Earth from A to Z)  Focuses on environmental and community service projects.,,ASEZ (Save the Earth from A to Z) CLUB VICE PRESIDENT,Student Org Leader,Jeremiah_AI_v2_Standardized,Yes
Roderick Snipes,BMCC,,Student Opportunity,Small Business/Entrepreneurship,,83,,,,,Small Business / Entrepreneurship (SBE),Faculty,Jeremiah_AI_v2_Standardized,Yes
Christine.Zagari,Kingsborough CC,Faculty,Student Opportunity,,General Public,82,,,,,mailto:ecastro@mec.cuny.edu,Faculty,Jeremiah_AI_v2_Standardized,Yes
Julman Tolentino,School of Labor & Urban Studies,Program Coordination,Student Opportunity,Public Administration,"Government Agencies, Students",88,,,Public Administration Program Coordinator,,NYC Department of Citywide Administrative Services Partnership with SLU,Faculty,Jeremiah_AI_v2_Standardized,Yes
Herminio Martinez,Lehman College,"Research Development, Project Coordination",Other,"Education, Quality of Life","Academic Institutions, Community Groups, Students",87,"Improving Education, Enhancing Quality of Life",,"Lehman College Bronx Institute
Description: Fosters faculty research relevant to the improvement of education and the quality of life in the Bronx. The Institute works with academic institutions, community groups, and other organizations to develop joint projects that serve the educational needs of students in the Bronx.",, Executive Director of the Lehman College Bronx Institute,Director of Research,Jeremiah_AI_v2_Standardized,Yes
NOOR AL-ARAIDAH,Lehman College,"Empowerment, Engagement, Academic Support, Co-Curricular Activities",Other,Healthcare,"Underserved Communities, Pre-Health Students, Lehman College Students",86,Social Justice,,Minority Association of Pre-Health Students (MAPS) MAPS is dedicated to empowering and engaging Lehman students through academic and co-curricular activities. The organization emphasizes addressing the needs of underserved communities by supporting current and future health professionals.,,Primary Contact,Student Org Leader,Jeremiah_AI_v2_Standardized,Yes
Lene Skou ,Baruch College,"Faculty Advisor, Model UN Faculty Advisor",Faculty Research,International Business,"Students, General Public",91,,,"Faculty advisor for the Model  United Nations Club for more than a decade. Deputy Director, Weissman Center for Int’l Business.",,"Deputy Director, Weissman Center for Int’l Business. Model UN Faculty Advisor",Faculty,Jeremiah_AI_v2_Standardized,Yes
Suzette Ramsundar,Lehman College,"Recognition, Support, Oversight",Other,Student Life,"Students, Student Clubs",90,,,"Office of Campus Life (Student Clubs / Student Government / Clubs & Organizations) Runs recognition, support, oversight for student clubs including those with a service / civic mission. Lightning Connections is the portal for these.",,contact at the office of campus life,Staff,Jeremiah_AI_v2_Standardized,Yes
Ernesto Malave Jr.,School of Labor & Urban Studies,Program Administration,Student Opportunity,Education,Students,92,Higher Education,,Assistant Director of Program; more associated with CUNY than SLU,,Edward T. Rogowsky Internship,CUNY,Jeremiah_AI_v2_Standardized,Yes
Dante Albertie,Lehman College,"Event Planning, Training & Employment Opportunities",Other,Arts & Culture,"Lehman College Students, Bronx Community",89,,,"Lehman College Lehman Stages It creates cultural initiatives and events, featuring performances from its own student artists and benefiting both students and the Bronx community.It helps bridge the gap between academic and professional performing arts careers for Lehman students by offering training and employment opportunities. ",,Director of Lehman College Lehman Stages,Student Org Leader,Jeremiah_AI_v2_Standardized,Yes
Thamar Pacheco ,Lehman College,"Outreach, Community Service",Other,Education,"Students, General Public",94,,,The School of Education Involved in educational outreach and community service projects.,,contact for the club The school of education ,Student Org Leader,Jeremiah_AI_v2_Standardized,Yes
Amanda DuBois,Lehman College,"Program Management, Community Engagement",Other,Higher Education,"Students, General Public",95,,,in charge of the Lehaman college L.I.F.E initiative and the office of community engagement/student affairs,,"Director, Office of Community Engagement & New Student Programs",Staff,Jeremiah_AI_v2_Standardized,Yes
Diana Cabral,Lehman College,"Program Development, Service Coordination",Other,Education,"Children Facing Medical Challenges, Families",96,Social Justice,,"Project Sunshine Provides free educational, recreational, and social programs to children facing medical challenges and their families.",,Primary Contact for Project Sunshine - Lehman College's Roster,Student Org Leader,Jeremiah_AI_v2_Standardized,Yes
José Higuera-López,Lehman College,Civic Engagement,Other,Mexican Studies,"Students, General Public",93,Civic Engagement,,CUNY Mexican Studies Institute – Civic Engagement,,Director of CUNY Mexican Studies Institute – Civic Engagement at Lehaman College,Staff,Jeremiah_AI_v2_Standardized,Yes
Janice Pineda-Ortiz,Lehman College,"Service Coordination, Program Management",Other,"Education, Community Development","College Students, Low-Income Neighborhoods, Preschool Children",98,Social Responsibility,,"Jumpstart at Lehman College Prepares and supports college students to serve preschool children in low-income neighborhoods, promoting school success and instilling a sense of community responsibility.",, Site Manager For Jumpstart at Lehman College,Staff,Jeremiah_AI_v2_Standardized,Yes
The Ticker (editor),Baruch College,Media Amplification,Other,Education,"Students, Campus Community",99,Civic Engagement,,Campus-wide media outlet. Can amplify civic stories and initiatives.,,Student media org. Editor-in-Chief or section editors,Career Office Staff,Jeremiah_AI_v2_Standardized,Yes
Matthew Chalmers,Macaulay Honors,Leadership,Student Opportunity,Education,"Students, Community",97,,,Chair and Interim Student Development,,The Community Service Committee,Faculty,Jeremiah_AI_v2_Standardized,Yes
Jane Kehoe Higgins,Lehman College,Research,Other,"Education, Literacy",Community Education,100,Long Term Connection,,"Lehman College Institute for Literacy Studies Founded in 1984, the Institute is a research unit of the City University of New York (CUNY) Great Long Term connection for community education and on deportation happening in the country ",, Executive Director of the Lehman College Institute for Literacy Studies ,Director of Research,Jeremiah_AI_v2_Standardized,Yes
Pre-Law Society ,Baruch College,"Advocacy, Organizational Leadership",Student Opportunity,"Law, Political Engagement","Aspiring Law Students, General Public",103,Civic Reform,,Civic-focused student org. Overlaps with political engagement and advocacy.,,Student org for aspiring law students,Career Office Staff,Jeremiah_AI_v2_Standardized,Yes
Maureen LaMar,School of Labor & Urban Studies,Contact,Student Opportunity,Communications,"Labor Union Members, Students",101,,,Main Contact,,Communications Workers of America(CWA) Local 1180 Partnership with SLU,Faculty,Jeremiah_AI_v2_Standardized,Yes
Chris Dinardo,School of Labor & Urban Studies,"Administration, Reimbursement Processing",Student Opportunity,Education,"Students, Employees",104,,,Program Associate; deals with Exams and Reimbursements,,NYS and CSEA Tuition Benefits Program,Faculty,Jeremiah_AI_v2_Standardized,Yes
Johnny Lozada,Lehman College,"Mentorship, Academic Support, Community Service",Other,Urban Male Leadership,Male Students of Color,102,College Success,,"Urban Male Initiative (UMI)Supports male students of color by providing mentorship, academic support, and community service opportunities to enhance their college experience and success.",," Associate Director, Urban Male Leadership Program",Staff,Jeremiah_AI_v2_Standardized,Yes
Kathryn Franco,Lehman College,"Community Service, Outreach",Other,Healthcare,"Nursing Students, General Public",108,,,Nursing Students Association Engages in health-related community service and outreach,,Nursing Students Association CLUB Vice PRESIDENT,Student Org Leader,Jeremiah_AI_v2_Standardized,Yes
Jude Fitch,School of Labor & Urban Studies,Tuition Benefit Administration,Student Opportunity,Education,Students,106,,,Program Associate; deals with tuition benefits,,NYS and CSEA Tuition Benefits Program,Faculty,Jeremiah_AI_v2_Standardized,Yes
Stephanie R. Golob,Baruch College,"Civic Engagement Initiatives, Faculty Support",Faculty Research,Political Science,"Academics, Students",107,,,Faculty leader in political science. Valuable for civic engagement initiatives and potential faculty support.,,"Chair, Political Science Dept. ",Faculty,Jeremiah_AI_v2_Standardized,Yes
Shannon Cammarano,College of Staten Island,"Individualized Support, Comprehensive Services",Student Opportunity,"Career Development, Social Mobility",College of Staten Island Students,109,Student Success,,The Center for Career and Professional Development contributes directly to the social mobility of College of Staten Island students by empowering them to be marketable and competitive for life-long career opportunities through the delivery of a comprehensive range of services and individualized support that respects student needs and diversity.,,Director for the Center for Career and Professional Development,Director,Jeremiah_AI_v2_Standardized,Yes
Joanne Mason,School of Labor & Urban Studies,Contact,Student Opportunity,Operating Engineers,General Public,105,,,Main Contact,,International Union of Operating Engineers - Local 94 Partnership with SLU,Faculty,Jeremiah_AI_v2_Standardized,Yes
Manoj Padarat,CUNY School of Medicine,"Mentorship, Job-Shadowing",Community Mentor,Alumni Relations,"Students, Professionals",110,,,"Program coordinating mentorship & job-shadowing, useful for outreach.",,Manager of Alumni Relations,Mentor,Jeremiah_AI_v2_Standardized,Yes
Michael DiBartolo,College of Staten Island,"Mentorship, Partnership Facilitation",Community Mentor,"Youth Development, Community Development","Students, Local Community",113,Service,,Rotaract & local Rotaract partnerships (Staten Island Rotaract) What they do: youth service & community projects on Staten Island; students often participate alongside CSI. Rotaract clubs are community-facing (may not be CSI-chartered but partner with students).,,Vice President the Staten Island Rotaract Club,Mentor,Jeremiah_AI_v2_Standardized,Yes
Vanessa K. Valdés,City College,"Partnership Building, Civic Engagement",Community Mentor,Community Development,"Harlem Community, Local Community",112,Civic Fit,,Focuses Harlem & local community partnerships; strong civic fit.,,CCNY Office of Community Engagement,Faculty,Jeremiah_AI_v2_Standardized,Yes
Debi Kee,College of Staten Island,"Programming Development, Community Service Organization Management",Other,Student Life,CSI Students,111,,,"the Campus Activities Board (CAB) is the student programming board that researches and develops a variety of social, educational, community service, and other extra-curricular programs, in order to provide a more entertaining, intellectually stimulating, and culturally enlightening experience for the diverse community of CSI students.  CAB is funded through an earmarking of your student activity fee.",,Deputy Director of Student Life AND THE PERSON IN CHARGE OF HE CAMPUS ACTIVITIES BOARD ,Staff,Jeremiah_AI_v2_Standardized,Yes
Dr. Tyler McLoughlin,College of Staten Island,"Public Service Programming, Local Partnerships",Other,"Student Life, Community Programming","Students, General Public",115,Civic Engagement,,"WSIA 88.9 FM (student radio) — community programming & public service What they do: community announcements, public service programming, local partnerships.",,Associate Director of Student Life and Operations,Staff,Jeremiah_AI_v2_Standardized,Yes
Alana Kim,NYC College of Technology,"Support, Civic/Equity Engagement",Student Opportunity,"STEM, Equity",Students from Underrepresented Backgrounds,114,"Civic Reform, Equity",,"CSTEP helps students from underrepresented backgrounds in STEM, useful civic / equity angle",,"The CSTEP program, or Collegiate Science and Technology Entry Program, is designed to support students in pursuing careers in Science, Technology, Engineering, Mathematics, and Health-related fields.",Faculty,Jeremiah_AI_v2_Standardized,Yes
Program office,NYC College of Technology,"Program Development, Student Support",Student Opportunity,STEM Research,"Students, Pre-College Students",117,,,Good pre‑college/STEM research program; helps students get early exposure to research.,,College Now STEM Research Academy,Student Org Leader,Jeremiah_AI_v2_Standardized,Yes
Kirby Sikes,College of Staten Island,"Community Organizing, Campaigning",Faculty Research,"Environmental, Consumer, Student Activism","Students, General Public, Staten Island Community",116,,,"NYPIRG (New York Public Interest Research Group) — CSI chapter
What they do: student activism, environmental & consumer campaigns, community organizing on Staten Island.",,NYPIRG Regional Campus Supervisor for the College of Staten Island (CSI),Staff,Jeremiah_AI_v2_Standardized,Yes
Anthony Achille,City College,"Policy Engagement, Civic Connection, Partnership Opportunities",Faculty Research,"Government Relations, External Affairs",General Public,119,Civic,,Good for policy / civic connection / external partnership opportunities,,Executive Director for Government Relations / External Affairs,Faculty,Jeremiah_AI_v2_Standardized,Yes
Alexa Capeloto,John Jay College,"Advisory, Media Oversight",Faculty Research,Digital Media,Students,120,,,Oversees digital media and is an adviser for student newspaper ,,Coordinates digital media ,Staff,Jeremiah_AI_v2_Standardized,Yes
Prof. Isabel Estrada,City College,"Fellowship Management, Civic/Social Component Development",Student Opportunity,"Civic, Social","Students, General Public",121,,,Fellowships often include civic/social components.,,Director of Fellowships for Offices & Services,Faculty,Jeremiah_AI_v2_Standardized,Yes
Devin Harner ,John Jay College,Overseeing,Faculty Research,Journalism,Students,122,,,He oversees journalism/media work at John jay,,Co directs the journalism minor ,Staff,Jeremiah_AI_v2_Standardized,Yes
Prof. Carmen Huertas‑Noble,CUNY Law School,"Civic Engagement, Community Outreach",Community Mentor,"Community Development, Economic Development","Tenant Unions, Co-ops, Community Groups",118,Civic Relevance,,"Works with community groups, tenant unions, co-ops; high civic relevance.",,Co‑Director of Community & Economic Development Clinic (CEDC),Career Office Staff,Jeremiah_AI_v2_Standardized,Yes
Carmen Renée Green,CUNY School of Medicine,"Research Leadership, Equity Program Development",Faculty Research,Medicine,"Academic Community, Senior Leaders",124,,,"As Dean, she leads research and equity programs; good senior contact.",,MD of  CUNY School of Medicine,Faculty,Jeremiah_AI_v2_Standardized,Yes
Isha Kumar,College of Staten Island,"Service Coordination, Event Organization",Other,"Healthcare, Non-Profit","Nursing Students, General Public, Staten Island Nonprofits",126,Community Service,,"The Nursing Student Alliance organizes service events like toy drives, food drives, and works directly with Staten Island nonprofits (e.g., Where to Turn, Project Hospitality).",,Nursing Student Alliance (NSA) clubs president ,Student Org Leader,Jeremiah_AI_v2_Standardized,Yes
Darlene Blanco,College of Staten Island,Mentoring,Community Mentor,"Business, Entrepreneurship",Entrepreneurs,125,Innovation,,The THRIVE Program at the College of Staten Island (CSI) is a business mentoring program that serves entrepreneurs on Staten Island. it is managed through the CSI Innovation Hub.,,Director of the CSI Office of Workforce Development and Innovation,Mentor,Jeremiah_AI_v2_Standardized,Yes
Jasmine Cardona,College of Staten Island,"Project Management, Student Placement, Real-World Application",Other,"Community Development, Public Health, Green Infrastructure, Education, Economic Development","NYC Communities, Staten Island Communities, Students",123,"Community Benefit, Social Impact",,"CUNY Service Corps (CSI Participation) What they do: Projects focus on community & public health, green infrastructure, education, economic development, etc. Students are hired or placed in real-projects that benefit NYC/Staten Island communities.",,Executive Director of Economic Development and Community Partnerships,Staff,Jeremiah_AI_v2_Standardized,Yes
Madiha B. Akhtar,CUNY School of Medicine,"Program Oversight, Civic Initiative Connection",Student Opportunity,Student Affairs,Students,129,,,"Oversees student programs, can help connect student-led civic initiatives",,Associate Dean for Student Affairs,Student Org Leader,Jeremiah_AI_v2_Standardized,Yes
Mario D'Alessandro,College of Staten Island,"Service Coordination, Community Service Organization",Other,"Civic Engagement, Volunteering","Students, General Public",128,CSI Civic Engagement,,"CSI Civic Engagement and Volunteering What they do: This initiative sponsors a featured service project each month, providing individuals and groups the opportunity to make a difference in just one day. It's a great way for students to engage in community service without a long-term commitment.",,Office of Student Life Director,Staff,Jeremiah_AI_v2_Standardized,Yes
Tara Pace,Other CUNY,"Internship Placement, Civic Engagement",Student Opportunity,"Public Policy, Government",Students,127,Civic & Policy Work,,Paid internship that places students into public policy / gov roles; excellent for civic & policy work.,,CUNY Civic Engagement Internship Program,Faculty,Jeremiah_AI_v2_Standardized,Yes
Luis Martinez,College of Staten Island,"Mentorship, Incubation, Workshop Facilitation, Community Development",Other,"Technology, Innovation, Education","Students, Under-Resourced Neighborhoods, Broader Community",130,"Social Impact, Economic Empowerment",,"CSI Tech Incubator What they do: A hub that supports tech innovation, entrepreneurship, mentor networks, workshops for students & broader community including under-resourced neighborhoods. Helps transform Staten Island via tech education and applied support. ",,"Director, CSI Innovation Hub",Mentor,Jeremiah_AI_v2_Standardized,Yes
Dr. Stephen M. Ferst,College of Staten Island,"Study Abroad Coordination, Service Learning Facilitation, International Volunteer Prep, Community Education Project Support",Other,"Global Engagement, International Service Programming","Students, General Public, Local Communities",132,Civic Engagement,,"Center for Global Engagement — community & international service programming What they do: study abroad & global partnership projects, service learning and international volunteer prep (often supports community education projects).",,Executive Director for Center for Global Engagement — community & international service programming,Staff,Jeremiah_AI_v2_Standardized,Yes
Katherine Gloede Silverman,City College,Environmental Civic Initiatives,Faculty Research,"Sustainability, Urban Environment",General Public,134,Research & Equity,,Useful for environmental civic initiatives; connects well with research & equity,,Program Manager for Sustainability & Urban Environment,Faculty,Jeremiah_AI_v2_Standardized,Yes
Sara Fares,NYC College of Technology,"Peer Support, Civic Engagement",Student Opportunity,Student Life,Students,131,Student-Voice,,Peer support / student life has civic engagement ties and student‑voice opportunities.,,Peer Navigator Leader for student life,Student Org Leader,Jeremiah_AI_v2_Standardized,Yes
Dominic Stellini,City College,"Enrichment Opportunities, Student Engagement",Student Opportunity,"Student Orgs, Civic Media",Students,133,,,Works with students and enrichment opportunities; good for student orgs / civic media.,,CCNY Student Engagement,Student Org Leader,Jeremiah_AI_v2_Standardized,Yes
Anthony Achille,City College,Event Programming,Student Opportunity,"Civic, Cultural, Community",General Public,135,,,Handles public‑facing civic / cultural / community event programming.,,"CCNY Office of External Relations, Cultural, & Government Affairs",CUNY,Jeremiah_AI_v2_Standardized,Yes
Cheryl Howard,CUNY Law School,"Public Interest Law Focus, Preparation for Law School",Faculty Research,"Law, Civic Justice","Students, General Public",137,Justice,,"Prep for law school, public interest law focus, strong civic justice angle.",,"CUNY School of Law , Pipeline to Justice",Faculty,Jeremiah_AI_v2_Standardized,Yes
Office,CUNY SPS,Digital Civic Tools,Student Opportunity,Education,"Faculty, Students",138,,,"Helps faculty/students use open educational resources, good for digital civic tools.",,Faculty Development & Instructional Tech,Student Org Leader,Jeremiah_AI_v2_Standardized,Yes
Charles Liu,College of Staten Island,"Public Outreach, Education",Other,Astrophysics,"General Public, Amateur Astronomers, Students",136,Science Engagement,,"Astrophysical Observatory (Public Outreach) What they do: Provides educational outreach to the general public, amateur astronomers, students — a way for the CSI community to engage with science and the local community.",,Astrophysical Observatory professor in charge ,Staff,Jeremiah_AI_v2_Standardized,Yes
Dr. Gerry Milligan,College of Staten Island,"Partnership Building, Service Coordination",Other,Community Development,"Students, Local Nonprofits",141,Civic Engagement,,Verrazzano Honors / Honors Program community partnerships What they do: student community service requirement and local nonprofit partnerships (students participate in Habitat and other projects).,,Director of Verrazzano Honors / Honors Program community partnerships,Staff,Jeremiah_AI_v2_Standardized,Yes
Jana Elsayed,Baruch College,"Experiential Learning, Internship Placement",Faculty Research,Higher Education,Students,142,,,Oversees internships and experiential learning. ,,Chair of Clubs & Orgs,Faculty,Jeremiah_AI_v2_Standardized,Yes
Tara Mastrangelo,College of Staten Island,"Community Building, Event Planning",Other,"Diversity, Equity, Inclusion, Belonging","Campus Community, Local Community",139,DEIB,,"Community Building Circle (DEIB community events open to local community) What they do: events exploring diversity, equity, inclusion and belonging that engage campus & local community.",,Current Chief Diversity Officer,Staff,Jeremiah_AI_v2_Standardized,Yes
Winnie Brophy,College of Staten Island,"Program Preparation, Placement Coordination",Other,"International Service, Community Development","Students, General Public",140,Service,,Peace Corps Prep Program (PCP) — CSI What they do: prepares students for international service and community development; places students in community service projects.,,coordinator for Peace Corps Prep Program (PCP) — CSI,Staff,Jeremiah_AI_v2_Standardized,Yes
Susanna Rosenbaum,City College,"Public Engagement, Interdisciplinary Research",Other,"Civic Studies, Cultural Studies","Academics, General Public",146,Civic Media,,Interdisciplinary civic / cultural studies program; might intersect with civic media or public engagement.,,M.A. in the Study of the Americas,Staff,Jeremiah_AI_v2_Standardized,Yes
Chris Daversa,NYC College of Technology,Co-Curricular Program Development,Faculty Research,Civic Programs,Students,144,,,Good entry point for co‑curricular civic programs.,,Director of Student Life & Development at City Tech,Faculty,Jeremiah_AI_v2_Standardized,Yes
Cheryl Howard,CUNY Law School,"Pro Bono Engagement, Public Interest Advocacy",Faculty Research,Legal Education,"Students, Justice-Impacted Individuals",145,Civic Mission,,Program focused on pro bono & public interest legal education; strong civic mission.,,Director of Pipeline to Justice program,Faculty,Jeremiah_AI_v2_Standardized,Yes
Tara Mastrangelo,College of Staten Island,"Community Building, Event Planning, Incident Support, Workshop Facilitation, Outreach",Other,"Diversity, Equity, Inclusion","Campus Community, Office of Diversity/DEI",143,Anti-Racism,,"RELAY (Office of Diversity/DEI community-building / anti-racism resource team) What they do: campus community building events, DEIB initiatives, incident support. Often runs public workshops and outreach.",,"Director, Office of Diversity, Equity & Inclusion / Chief Diversity Officer",Staff,Jeremiah_AI_v2_Standardized,Yes
Professor Andrew Rowan,Bronx Community College,"Communication, Engagement",Podcasts & Media,Education,"BCC Community, Students",150,,,"The Communicator (Student Newspaper)
• A student-run publication that provides news, opinions, and information relevant to the BCC community, fostering communication and engagement.",,"faculty advisor
for The Communicator",Staff,Jeremiah_AI_v2_Standardized,Yes
Ashley Villalva,College of Staten Island,"Advocacy, Service Coordination, Event Planning",Other,"Student Life, Community Development","Students, General Public",149,Civic Engagement,,"Student Government (Student Association / Student Senate) What they do: student advocacy, community initiatives, civic events on & off campus. Student Government officers and senators run outreach & service projects.",,President of the College of Staten Island's Student Government,Student Org Leader,Jeremiah_AI_v2_Standardized,Yes
Public Interest Law Association,CUNY Law School,Civic Activism Leadership,Student Opportunity,Law,Students,147,Local,,Student‑led law org with civic activism potential; good local lead.,,"CUNY School of Law, Student Orgs",Student Org Leader,Jeremiah_AI_v2_Standardized,Yes
Nikole feliciano,Hunter College,Student Affairs Oversight,Faculty Research,Academic Support,Students,151,,,Oversees student affairs ,,Associate dean for academic support ,Staff,Jeremiah_AI_v2_Standardized,Yes
Tim McCormack,John Jay College,Program Oversight,Faculty Research,Writing,,148,,,Oversees the writing program ,,Director of writing program ,Staff,Jeremiah_AI_v2_Standardized,Yes
Craig Blodgett,Queens College,"Civic Engagement, Volunteer Program Management",Faculty Research,Student Development,Students,152,,,He runs civic engagement & volunteer programs ,,Director of student development & leadership ,Staff,Jeremiah_AI_v2_Standardized,Yes
Kahlil Garner ,York College,Support Services,Faculty Research,Media,Project Teams,153,,,Video/podcast support for projects ,,Media production services ,Staff,Jeremiah_AI_v2_Standardized,Yes
Iris Lopez,City College,"Mentorship, Equity-Centered Engagement",Student Opportunity,Sociology,Students,156,Civic-Facing Pedagogy,,leadership in civic-facing pedagogy and mentorship reflects the kind of equity-centered engagement,,Department of Sociology,CUNY,Jeremiah_AI_v2_Standardized,Yes
Spring Cooper,School of Public Health,Committee Leadership,Student Opportunity,"Mental Health, Wellness, Security","LGBTQI+ Individuals, Students",155,,,"Subcommittee is Mental Health, Wellness and Security",,CUNY LGBTQI+Council for Queensborough Community College,Faculty,Jeremiah_AI_v2_Standardized,Yes
Sara Mazes,Macaulay Honors,Leadership,Student Opportunity,Sustainability,General Public,154,,,Co-Chair,,Sustainability Committee,Faculty,Jeremiah_AI_v2_Standardized,Yes
Lisa Brundage,Macaulay Honors,Council Participation,Student Opportunity,LGBTQI,"Queensborough Community College Students, CUNY LGBTQI+ Council Members",161,,,Apart of the council,,CUNY LGBTQI+Council for Queensborough Community College,Faculty,Jeremiah_AI_v2_Standardized,Yes
Gloria Rodriguez,Bronx Community College,"Leadership Development, Advocacy, Community Service",Civic Leadership & Innovation,"Women's Empowerment, Gender Minorities","Women, Gender Minorities",159,,,"WomXnUp!
• A space dedicated to empowering women and gender minorities, focusing on leadership development, advocacy, and community service.",,the Director of the WomXnUp! Women's Center,Staff,Jeremiah_AI_v2_Standardized,Yes
Charlene Darbassie,City College,Outreach,Student Opportunity,Civic Leadership,General Public,158,,,"Civic Leadership, good for outreach",,Colin Powell School,CUNY,Jeremiah_AI_v2_Standardized,Yes
Anthony Maniscalco,Baruch College,"Leadership, Initiative Development",Faculty Research,Civic Learning,"Students, Community Members",157,,,Leads experiential and civic learning initiatives,,Director of the Office of Experiential and Community Engaged Learning,Faculty,Jeremiah_AI_v2_Standardized,Yes
Naz Ahmad,CUNY Law School,Student Leadership,Student Opportunity,,Students,160,,,,,Co-Director for CLEAR Project,Student Org Leader,Jeremiah_AI_v2_Standardized,Yes
Keosha Bond,CUNY School of Medicine,Research,Faculty Research,Health,General Public,162,Civic,,Supports NIH-funded civic health research.,,Assistant Professor for Community Health,assistant professor,Jeremiah_AI_v2_Standardized,Yes
Purnima Mehta Taylor,John Jay College,"Program Oversight, Student Experience Development",Faculty Research,Career Development,Students,163,,,She oversees the program where she helps students develop and gain experience ,,Director of career learning ,Staff,Jeremiah_AI_v2_Standardized,Yes
Claire sternberg,John Jay College,Program Development,Faculty Research,Student Academic Success,"Students, Apple Corps Program",166,,,She’s part of the student academic success program with the apple corps program ,,Service learning specialist ,Staff,Jeremiah_AI_v2_Standardized,Yes
Eileen Makak,Macaulay Honors,Leadership,Student Opportunity,Diversity,General Public,165,,,Chair,,Diversity Committee,Faculty,Jeremiah_AI_v2_Standardized,Yes
Natalie Chin,CUNY Law School,Outreach,Other,Disability,Individuals with Disabilities,164,Justice,,"Disability Justice, good for outreach",,Disability Rights Clinic,Career Office Staff,Jeremiah_AI_v2_Standardized,Yes
Julie bashioum,Queens College,"Partnership Building, Project Scaling",Faculty Research,Career Development,"Professionals, Students",170,Civic Engagement,,Strategic partner for scaling career linked civic projects,,Program Director ,Staff,Jeremiah_AI_v2_Standardized,Yes
Thomas J. Main,Baruch College,Research,Faculty Research,"Public Administration, Urban Politics","Academics, General Public",169,Democracy,,"His research focuses on democracy, public administration, urban politics. ",,"Professor, Public Affairs (Marxe)",Faculty,Jeremiah_AI_v2_Standardized,Yes
Dr. Ana Mendieta,Bronx Community College,"Mentorship, Resource Provision, Networking",Student Opportunity,Entrepreneurship,Student Entrepreneurs,168,,,"Blackstone LaunchPad

Supports student entrepreneurs by providing mentorship, resources, and networking opportunities to develop innovative business ideas.",,Blackstone LaunchPad Project Director at BCC,Career Office Staff,Jeremiah_AI_v2_Standardized,Yes
Jie Wei,CUNY School of Medicine,Capacity Building,Faculty Research,Research,Academia,167,,,CUNY Med,,Research Capacity,Faculty,Jeremiah_AI_v2_Standardized,Yes
Bobby Derival,City College,Administration,Community Mentor,Public Administration,General Public,171,Civic,,Public Administration,,MPA Program,CUNY,Jeremiah_AI_v2_Standardized,Yes
Bria Thorne,Craig Newmark Graduate School of Journalism,Committee Leadership,Student Opportunity,"Mental Health, Wellness, Security","LGBTQI+ Individuals, Queensborough Community College Students",174,Civic Reform,,"Subcommittee is Mental Health, wellness and security",,CUNY LGBTQI+Council for Queensborough Community College,Faculty,Jeremiah_AI_v2_Standardized,Yes
Lamar Greene,Queensborough CC,Specialist,Student Opportunity,LGBTQI,"Queensborough Community College Students, LGBTQ+ Individuals",175,,,LGBTQ+ Specialist,,CUNY LGBTQI+Council for Queensborough Community College,Faculty,Jeremiah_AI_v2_Standardized,Yes
Ali Abdullah ,LaGuardia CC,Talent Development,Faculty Research,Technology,Students,172,,,Student tech talent for for civic tech projects ,,Program coordinator of the student technology ,Staff,Jeremiah_AI_v2_Standardized,Yes
Nichelle Hemphill,Hostos Community College,"Advocacy, Event Organization, Club Management, Committee Participation",Student Opportunity,Education,"Students, Student Body, College Administration, Faculty",173,Student Advocacy,,"The SGA is composed of sixteen members, including seven executive officers and nine senators. It acts as the voice of the student body on college policy issues and advocates for students to the administration and faculty. The SGA also manages the student activity fee, assists clubs and organizations, and organizes cultural, educational, and social events. They participate in various college committees such as the Hostos Association, College-Wide Senate, and others. ",,the President of the SGA at Hostos Community College,Staff,Jeremiah_AI_v2_Standardized,Yes
Jen Light,City College,Education,Student Opportunity,Legal Education,Students,180,,,Legal Education,,Honors & Legal Studies,Faculty,Jeremiah_AI_v2_Standardized,Yes
Amaris Matos,Queensborough CC,"Leadership, Founding Member",Student Opportunity,Higher Education,Campus Community,179,"Truth, Racial Healing, and Transformation",,The Assistant Vice President and original founding member,,"Queensborough Truth, Racial Healing, and Transformation Campus Center",Faculty,Jeremiah_AI_v2_Standardized,Yes
Jamal Biggs,Queensborough CC,Leadership,Community Mentor,Education,Male Population,177,,,QMRC Director,,Male Resource Center,Faculty,Jeremiah_AI_v2_Standardized,Yes
Fernando Villalta,CUNY School of Medicine,"Research, Outreach",Faculty Research,Health,General Public,176,,,"Health Equity Research, good for outreach",,Investigator Development,Faculty,Jeremiah_AI_v2_Standardized,Yes
Julian Cornell,Queens College,Internship Oversight,Faculty Research,Education,Students,178,,,"Oversees students already seeking applie, civic, or Media internships ",,Director of honors internship program ,Staff,Jeremiah_AI_v2_Standardized,Yes
Aliya Feldman ,Hunter College,"Journalism, Reporting",Faculty Research,"Social Issues, Campus Policies, Community Concerns","Students, General Public, Local Community",183,,,"Newspaper covers social issues, campus policies, and community concerns ",,Hunter newspaper envoy ,Student Org Leader,Jeremiah_AI_v2_Standardized,Yes
Deborah Cheng,City College,Access,Student Opportunity,Equity,Students,181,,,Equity & Access,,Fellowships & Student Success,Student Org Leader,Jeremiah_AI_v2_Standardized,Yes
Lynn D. Lu,CUNY Law School,Outreach,Faculty Research,Economic Justice,General Public,182,,,Economic Justice useful for outreach,,Economic Justice Project,Faculty,Jeremiah_AI_v2_Standardized,Yes
Eija ayravainen,Hunter College,Program Oversight,Faculty Research,Student Affairs,Students,184,,,Oversees the student affairs program ,,Vice president for student affairs ,Staff,Jeremiah_AI_v2_Standardized,Yes
"Sherry Ryan, PhD",Baruch College,Leadership,Faculty Research,Public Affairs,Academia,186,,,"As Dean, she has oversight of the entire Public Affairs school.",,Dean of the Marxe School of Public and International Affairs,Faculty,Jeremiah_AI_v2_Standardized,Yes
"Tiffany Dubon-Yard, Dr. Monique A. Guishard, Dr. Yvonne Erazo, ",Bronx Community College,"Co-Curricular Programming Development, Collaboration, Amplification of Social Justice Work",Civic Leadership & Innovation,"Criminal Justice, Health Care, Education","Staff, Faculty, Students, Womxn Up!, Unity and Strength, Association of Latino Faculty and Staff, ASAP, MEN, LGBTQI center",185,"Social Justice, Civic Engagement, Radical Wellness",,"The Social Justice Network (SJN) is a volunteer collective of staff, faculty, administrators and students at Bronx Community College who began meeting and organizing in the summer of 2020.

SJN worked together to develop the co-curricular programming we believe our communities needed in response to anti-Black racism in the US criminal justice system, health care, & education in addition to anti-Latinx/a/o policies and xenophobia.

We collaborate with established organizations and programs on campus (Womxn Up!, Unity and Strength; Association of Latino Faculty and Staff; ASAP; MEN; LGBTQI center, etc.), off campus and in our CUNY community.

SJN highlights and amplifies the work that is done surrounding Social Justice, Civic Engagement and Radical Wellness. ",,executive board members,Staff,Jeremiah_AI_v2_Standardized,Yes
Teneia Wooten ,Hunter College,"Event Approvals, Club Advisor Support",Faculty Research,Student Activities,Students,187,,,Gateway to club advisors and event approvals ,,Assistant Director of student activities ,Staff,Jeremiah_AI_v2_Standardized,Yes
Anna Zak,School of Labor & Urban Studies,Committee Leadership,Student Opportunity,"Mental Health, Wellness, Security","LGBTQI+ Individuals, Queensborough Community College Students",188,,,"Subcommittee is Mental Health, Wellness and Security",,CUNY LGBTQI+Council for Queensborough Community College,Faculty,Jeremiah_AI_v2_Standardized,Yes
Jonathan quash,York College,Program Oversight,Faculty Research,Mentoring,Male Initiates,194,,,Oversees the male initiate program,,Mentoring ,Staff,Jeremiah_AI_v2_Standardized,Yes
Ronny Ortega,Queensborough CC,Outreach Coordination,Community Mentor,,Black Males,192,,,BMI Outreach Coordinator,,Black Male Initiative,Staff,Jeremiah_AI_v2_Standardized,Yes
Amy Herzog ,Queens College,"Program Oversight, Student Success Support",Faculty Research,Film Studies,Students,193,,,Oversees the film studies program and helps students succeed ,,Coordinator of fim studies program and graduate center ,Staff,Jeremiah_AI_v2_Standardized,Yes
Audrey hatch ,John Jay College,"Program Oversight, Trust Building",Faculty Research,Minority Communities,Minority Communities,189,,,She oversees the program to improve relationships and increase trust between minority communities ,,Project associate ,Staff,Jeremiah_AI_v2_Standardized,Yes
Tashuna Albritton,CUNY School of Medicine,Disparity Analysis,Faculty Research,Health,General Public,191,,,Health Disparities,,Community Health,Faculty,Jeremiah_AI_v2_Standardized,Yes
Harold holzer ,Hunter College,,Faculty Research,,,190,,,Oversees the Roosevelt house program ,,Director of the Roosevelt house ,Staff,Jeremiah_AI_v2_Standardized,Yes
Jessica Perez,LaGuardia CC,Staff,Faculty Research,,,196,,,,,Center for career & professional development ,Staff,Jeremiah_AI_v2_Standardized,Yes
Leslie Ader,Hunter College,"Program Development, Student Support",Faculty Research,Student Affairs,Students,198,,,Helps with student activities and program ,,Associate dean for student affairs ,Staff,Jeremiah_AI_v2_Standardized,Yes
Denise vivar,John Jay College,"Community Amplification, Support Services",Faculty Research,Immigration,"Immigrant Families, General Public",195,Social Justice,,She helps immigrant families and amplifies their voices throughout the community ,,Manager of immigration student success center ,Staff,Jeremiah_AI_v2_Standardized,Yes
Ousmane Diallo,City College,Leadership,Student Opportunity,Student Leadership,Students,197,,,Good student leadership contact.,,SGA Vice President of Finance,Student Org Leader,Jeremiah_AI_v2_Standardized,Yes
Jan Benjamin ,John Jay College,Amplification,Faculty Research,Media Relations,"Students, Campus Community",201,,,Helpful to amplify student work and cross campus stories ,,Director of media Relations ,Staff,Jeremiah_AI_v2_Standardized,Yes
Dr. Andrea Ortuño,Bronx Community College,"Gallery Management, Art Promotion",Civic Leadership & Innovation,"Arts Education, Cultural Events","Emerging Artists, Underrepresented Communities, Bronx Residents",203,,,"BronxArtSpace A non-profit gallery that promotes underrepresented and emerging artists, fostering arts education and cultural events in the Bronx.",,BronxArtSpace Gallery Director,Staff,Jeremiah_AI_v2_Standardized,Yes
Wei Chong,NYC College of Technology,"Peer Collaboration, Student Voice",Student Opportunity,Civic Projects,Students,199,Civic,,"Student org; good for student voice, civic‑projects, peer collaboration",,SGA (Student Government Association),Student Org Leader,Jeremiah_AI_v2_Standardized,Yes
Victor Rosa ,LaGuardia CC,Collaboration,Faculty Research,Education,Students,200,,,Student journalism collaboration ,,Mentor for the bridge student newspaper ,Staff,Jeremiah_AI_v2_Standardized,Yes
Elizabeth Alsop,CUNY SPS,Outreach,Student Opportunity,"Communication, Media",General Public,202,Civic,,Civic Media good for outreach,,Communication & Media,Faculty,Jeremiah_AI_v2_Standardized,Yes
Debby Amaya ,Queens College,Program Management,Faculty Research,Workforce Development,Experiential Learners,208,,,Pipeline to experiential an workforce programs,,Program manager ,Staff,Jeremiah_AI_v2_Standardized,Yes
Patricia Bianchi,City College,"Mentoring, Alumni Programs",Faculty Research,Civic Careers,"Students, Alumni",205,Civic Engagement,,"Leads mentoring, alumni programs, and Civic Careers",,CUNY LEADS – CCNY,Faculty,Jeremiah_AI_v2_Standardized,Yes
Jessica Neuwirth,Hunter College,Event Oversight,Faculty Research,Human Rights,General Public,209,Justice,,Oversees human rights events ,,Director human rights program ,Staff,Jeremiah_AI_v2_Standardized,Yes
Joshua Varma,Queensborough CC,Outreach Coordination,Community Mentor,,Black Males,206,,,BMI Outreach Coordinator,,Black Male Initiative,Staff,Jeremiah_AI_v2_Standardized,Yes
Mara Einstein ,Queens College,Social Impact Analysis,Faculty Research,Media Studies,General Public,204,,,"She’s widely known for her work on media, advertising, and the social impact of media systems ",,Profesor in the media studies ,Staff,Jeremiah_AI_v2_Standardized,Yes
Maria Vidal ,John Jay College,"Program Oversight, Leadership",Faculty Research,Education,"Students, Urban Male Initiative Participants",207,,,Oversees student programs and leads the urban male initiative,,Coordinator for scholar advisor ,Staff,Jeremiah_AI_v2_Standardized,Yes
James Warren,School of Public Health,"Outreach, Online Presence",Student Opportunity,LGBTQI,"Queensborough Community College Students, General Public",213,,,Subcommittee is outreach and online presence,,CUNY LGBTQI+Council for Queensborough Community College,Faculty,Jeremiah_AI_v2_Standardized,Yes
Maria Lima,CUNY School of Medicine,Research,Faculty Research,,Academics,211,,,,,Research,Faculty,Jeremiah_AI_v2_Standardized,Yes
Elizabeth Navarro,CUNY SPS,"Leadership Development, Civic Engagement",Community Mentor,Education,Students,212,,,Peer leadership + civic engagement program.,,CUNY SPS — Change Warriors (Student Leadership Program),CUNY,Jeremiah_AI_v2_Standardized,Yes
Wendy Calderón-Payne,Bronx Community College,"Mentoring, Community Engagement",Civic Leadership & Innovation,"Youth Development, Criminal Justice","Court-Involved Youth, Bronx Community",210,Positive Change,,"BronxConnect
• A mentoring program that supports court-involved youth in the Bronx, helping them make positive changes and contribute to their community.",,BronxConnect Director,Mentor,Jeremiah_AI_v2_Standardized,Yes
J.V Fuqua ,Queens College,"Program Oversight, Faculty Development, Student Development",Faculty Research,Media Studies,"Academic Community, Students",216,,,"Oversees media studies programs, faculty, and student development ",,Chair of the media studies department ,Staff,Jeremiah_AI_v2_Standardized,Yes
Maya Gutierrez,City College,"Mentoring, Alumni Programs, Civic Careers",Faculty Research,Public Service,"Students, Professionals",218,Career Development,,"Leads mentoring, alumni programs, and Civic Careers",,Public Service Career Hub,Faculty,Jeremiah_AI_v2_Standardized,Yes
Glenn Lewis,York College,Journalism,Faculty Research,,General Public,217,,,,,Director of journalism ,Staff,Jeremiah_AI_v2_Standardized,Yes
Chris Daversa,Macaulay Honors,Leadership,Student Opportunity,Sustainability,General Public,215,,,Co-Chair,,Sustainability Committee,Faculty,Jeremiah_AI_v2_Standardized,Yes
 Mr. Clifford L. Marshall II,Bronx Community College,"Mentorship, Professional Development",Civic Leadership & Innovation,Education,Male Students of Color,214,Civic Engagement,,"NYC Men Teach
• A program that supports male students of color pursuing careers in education, offering mentorship and professional development opportunities.",,Person in charge NYC Men Teach bronx community college,Staff,Jeremiah_AI_v2_Standardized,Yes
Jennifer Jarvis ,Queens College,Coordination,Faculty Research,Student Affairs,Students,221,,,Helps day to day coordination of student affairs ,,Vice president for student affairs ,Staff,Jeremiah_AI_v2_Standardized,Yes
Ashiwel Undieh,CUNY School of Medicine,Research,Faculty Research,"Biomedicine, Equity",General Public,220,,,Biomedical Equity,,Research Capacity,Faculty,Jeremiah_AI_v2_Standardized,Yes
Dr. Meg Tarafdar,Queensborough CC,Leadership,Student Opportunity,Global,General Public,223,,,Interim Director,,Global and Diversity Learning (GDL),Faculty,Jeremiah_AI_v2_Standardized,Yes
Kevin Simmons,School of Labor & Urban Studies,"Policy Development, Information Systems",Student Opportunity,LGBTQI+,"Gender Non-Conforming Individuals, Queer Community",219,Inclusive Education,,Subcommittee is Gender/Name Policies and Information Systems,,CUNY LGBTQI+Council for Queensborough Community College,Faculty,Jeremiah_AI_v2_Standardized,Yes
Sheila Beverly ,York College,Programming Logistics,Faculty Research,Student Activities,Students,222,,,Operational contact for programming logistics ,,Assistant to student activities ,Staff,Jeremiah_AI_v2_Standardized,Yes
Sean Pierce ,Queens College,"Program Oversight, Student Engagement",Faculty Research,Student Affairs,Students,225,,,He oversees all student engagement & programs ,,Interim assistant for student affairs ,Staff,Jeremiah_AI_v2_Standardized,Yes
Dr. Robin Ford,Queensborough CC,Committee Leadership,Student Opportunity,"Mental Health, Wellness, Security","LGBTQI+ Individuals, Queensborough Community College Students",227,Civic Reform,,"Subcommittee on Council is Mental Health, Wellness and Security",,CUNY LGBTQI+Council for Queensborough Community College,Faculty,Jeremiah_AI_v2_Standardized,Yes
Bryan Gomez,Bronx Community College,"Advocacy, Event Organization, Community Involvement",Other,Higher Education,"Students, Campus Community",226,Student Interests,,"Student Government Association (SGA)
• Represents the student body, advocating for student interests and organizing events and initiatives that enhance campus life and community involvement.",,Student Government Association President,Student Org Leader,Jeremiah_AI_v2_Standardized,Yes
Dr. Aliza Atik,Queensborough CC,Council Participation,Student Opportunity,LGBTQI,Queensborough Community College Students,224,,,Apart of the Council,,CUNY LGBTQI+Council for Queensborough Community College,Faculty,Jeremiah_AI_v2_Standardized,Yes
"Celiany Rivera-Velázquez, PhD",BMCC,"Civic Equity Partnership, Community Inclusion Projects",Other,"Belonging, Inclusion","LGBTQIA+ Individuals, General Public",230,Equity,,Equity and belonging; strong partner for civic equity and community inclusion projects.,,Center for Belonging and Inclusion (LGBTQIA+ Resource),manager,Jeremiah_AI_v2_Standardized,Yes
Chris Moss,BMCC,"Storytelling, Civic Engagement",Podcasts & Media,Education,"Students, General Public",234,INI,,Faculty contact for podcasts; aligns with INI’s storytelling and civic engagement.,,BMCC Voices Audio & Podcasts Team,assistant professor,Jeremiah_AI_v2_Standardized,Yes
Jean Amaral,BMCC,"Audio Production, Storytelling",Podcasts & Media,"Civic Engagement, Open Knowledge","Podcast Creators, General Public",229,Civic Podcast Storytelling,,Provides audio production space; supports INI’s civic podcast storytelling.,,BMCC Library Podcast Booth,Associate Professor & Open Knowledge Librarian,Jeremiah_AI_v2_Standardized,Yes
Twaambo Kabosha,NYC College of Technology,Outreach,Student Opportunity,Student Government,Students,228,,,Another student government leader; multiple roles so strong for outreach.,,City Tech – SGA Vice President,Student Org Leader,Jeremiah_AI_v2_Standardized,Yes
General Contact (Dr. Lisa O’Connor / Leonardo Graham),BMCC,"Voter Data Initiatives, Democratic Participation Support",Civic Leadership & Innovation,Civic Leadership,General Public,232,Civic Networks,,Supports democratic participation; aligns with INI’s civic networks and voter data initiatives.,,Civic Leadership and Engagement,Civic Engagement Office,Jeremiah_AI_v2_Standardized,Yes
Craig Nielsen,BMCC,"Librarianship, Storytelling",Podcasts & Media,Education,"Podcasters, Community-Based Storytellers",235,Community Engagement,,Library contact for podcasting; supports INI’s community-based storytelling.,,BMCC Voices Audio & Podcasts Team,Adjunct College Fluency & OER Librarian,Jeremiah_AI_v2_Standardized,Yes
Tamanna Ali,BMCC,"Mentorship, Internships, Leadership, Civic Engagement",Civic Leadership & Innovation,Civic Engagement,"Youth, General Public",240,Mentorship Pipeline,,"Provides mentorship, internships, leadership, and civic engagement; strong overlap with INI’s mentorship pipeline mission.",,Conexiones & Connections,Social Media Coordinator,Jeremiah_AI_v2_Standardized,Yes
Raquel Neris,BMCC,Civic Insights Generation,Podcasts & Media,Community Development,Grassroots Perspectives,237,Civic Engagement,,Captures grassroots perspectives; aligns with INI’s community-focused civic insights.,,OpenLab Student Voices Podcast,OpenLab Student Engagement Coordinator,Jeremiah_AI_v2_Standardized,Yes
Julio Vaca,BMCC,"Mentorship, Internships, Leadership, Civic Engagement",Civic Leadership & Innovation,Civic Engagement,"Youth, General Public",241,Mentorship Pipeline Mission,,"Provides mentorship, internships, leadership, and civic engagement; strong overlap with INI’s mentorship pipeline mission.",,Conexiones & Connections,Bilingual Advisor,Jeremiah_AI_v2_Standardized,Yes
Tiffany James,BMCC,"Mentorship, Pipeline Development",Civic Leadership & Innovation,"Mentorship, Internships, Leadership, Civic Engagement","Youth, Young Adults",238,Mentorship Pipeline Mission,,"Provides mentorship, internships, leadership, and civic engagement; strong overlap with INI’s mentorship pipeline mission.",,Conexiones & Connections,Director,Jeremiah_AI_v2_Standardized,Yes
General Contact,BMCC,"Community Engagement, Equity",Mentorship,"Diversity, Inclusion",Multicultural Individuals,242,Equity,,Diversity and inclusion hub; aligns with INI’s equity and community engagement goals.,,Multicultural Center,Multicultural Center,Jeremiah_AI_v2_Standardized,Yes
Jose Hernandez,BMCC,"Mentorship, Internships, Leadership, Civic Engagement",Civic Leadership & Innovation,"Academic, Civic Engagement","Students, Youth",245,Mentorship Pipeline,,"Provides mentorship, internships, leadership, and civic engagement; strong overlap with INI’s mentorship pipeline mission.",,Conexiones & Connections,Bilingual Academic Advisor,Jeremiah_AI_v2_Standardized,Yes
Esther Rosa,BMCC,"Mentorship, Internships, Leadership, Civic Engagement",Civic Leadership & Innovation,Civic Engagement,"Youth, Young Adults",244,Mentorship Pipeline,,"Provides mentorship, internships, leadership, and civic engagement; strong overlap with INI’s mentorship pipeline mission.",,Conexiones & Connections,Program Manager,Jeremiah_AI_v2_Standardized,Yes
Brian Kelly,BMCC,Allyship,Other,LGBTQIA+,"Faculty/Staff, LGBTQ+ Individuals",243,Equity-Driven Civic Focus,,Faculty/staff ally in LGBTQ+ initiatives; can connect with INI’s equity-driven civic focus.,,LGBTQIA+ Resource Center (Faculty/Staff Contact),Coordinator,Jeremiah_AI_v2_Standardized,Yes
Iqra Sheikh,BMCC,"Student Outreach Support, Amplifying Student Civic Voices",Podcasts & Media,Education,Students,246,Civic Engagement,,Student outreach support; aligns with INI’s goal of amplifying student civic voices.,,BMCC Voices Audio & Podcasts Team,OpenLab Student Outreach Assistant,Jeremiah_AI_v2_Standardized,Yes
Isa Mitchell,BMCC,"Coordination, Connection Building",Student Opportunity,Student Life,Students,247,Community Engagement,,Coordinates student involvement and engagement; helps connect students to INI projects.,,Office of Student Activities,Assistant Director of Student Activities & Engagement,Jeremiah_AI_v2_Standardized,Yes
M. George Stevenson,BMCC,"Civic Storytelling, Training",Faculty Research,Media Arts & Technology,"Future Media Professionals, Community",251,Civic Engagement,,Supports civic storytelling and training future media professionals for community insights.,,Media Arts & Technology,Associate Professor & Deputy Chairperson,Jeremiah_AI_v2_Standardized,Yes
Olga Milman,BMCC,"Focus on Equity and Inclusion, Grassroots Civic Insights",Civic Leadership & Innovation,"Equity, Inclusion, Civic Resilience",General Public,248,INI's Grassroots Civic Insights,,"Focuses on equity, inclusion, and civic resilience; aligns with INI’s grassroots civic insights.",,Project Impact,Assistant Director,Jeremiah_AI_v2_Standardized,Yes
Jessica Rodriguez,BMCC,"Mentorship, Internships, Leadership, Civic Engagement",Civic Leadership & Innovation,Civic Engagement,"Youth, Young Adults",250,Mentorship Pipeline,,"Provides mentorship, internships, leadership, and civic engagement; strong overlap with INI’s mentorship pipeline mission.",,Conexiones & Connections,Programming Activities Coordinator,Jeremiah_AI_v2_Standardized,Yes
Patricia Mathews,BMCC,"Storytelling, Amplification",Faculty Research,Ethnic & Race Studies,Marginalized Voices,249,Equity,,Amplifies marginalized voices; aligns with INI’s equity and community storytelling mission.,,Ethnic & Race Studies Department,Chairperson,Jeremiah_AI_v2_Standardized,Yes
Ariel Leutheusser,BMCC,Podcast Production,Podcasts & Media,Civic Media Innovation,Audio & Podcasts Team,254,Civic Media Innovation,,Supports podcast production; aligns with INI’s civic media innovation.,,BMCC Voices Audio & Podcasts Team,Learning Experience Designer,Jeremiah_AI_v2_Standardized,Yes
Shirley Leyro,BMCC,"Community Engagement, Civic Insights",Faculty Research,Urban Policy,General Public,257,Governance,,Urban policy and community engagement; strong fit for civic insights and governance focus.,,Urban Studies Program,Program Coordinator,Jeremiah_AI_v2_Standardized,Yes
Raquel Neris,BMCC,Student Voice Amplification,Podcasts & Media,"Civic Storytelling, Grassroots Insights",Students,253,Civic Engagement,,Amplifies student voices; aligns with INI’s civic storytelling and grassroots insights.,,BMCC Voices Podcast,OpenLab Student Engagement Coordinator,Jeremiah_AI_v2_Standardized,Yes
Joseph Contreras Ramos,BMCC,"Mentorship, Internships, Leadership, Civic Engagement",Civic Leadership & Innovation,Civic Engagement,"Youth, Young Adults",255,Mentorship Pipeline,,"Provides mentorship, internships, leadership, and civic engagement; strong overlap with INI’s mentorship pipeline mission.",,Conexiones & Connections,Data Collection Specialist,Jeremiah_AI_v2_Standardized,Yes
General Contact,BMCC,"Leadership Development, Civic Engagement Project Partnership",Student Opportunity,Student Life,Students,252,Civic Engagement,,Direct link to student voices and leadership; key partner for civic engagement projects.,,Student Government Association (SGA),BMCC SGA,Jeremiah_AI_v2_Standardized,Yes
General Contact,BMCC,Grassroots Civic Insights,Civic Leadership & Innovation,"Equity, Inclusion, Civic Resilience",General Public,256,INI's Grassroots Civic Insights,,"Focuses on equity, inclusion, and civic resilience; aligns with INI’s grassroots civic insights.",,Project Impact,Program Email,Jeremiah_AI_v2_Standardized,Yes
Shari Rothfarb Mekonen,BMCC,"Storytelling, Digital Journalism",Faculty Research,"Media, Technology",General Public,259,Civic Media,,Media storytelling and digital journalism; aligns with INI’s verified reporting and civic media.,,Media Arts & Technology,Chairperson,Jeremiah_AI_v2_Standardized,Yes
Derik Kraych,BMCC,"Research Infrastructure, Civic-Tech Project Support",Faculty Research,"STEM, Social Science","Researchers, Students",260,Civic Engagement,,STEM and social science research infrastructure; provides resources for civic-tech projects.,,Research Core / Lab Facilities,Research Core Laboratory Manager,Jeremiah_AI_v2_Standardized,Yes
"Odaelys Pollard, PhD",BMCC,"Mentorship, Civic Data Support",Faculty Research,Research,Undergraduate Students,261,"Mentorship, Civic Data Mission",,Supports undergraduate research; aligns with INI’s mentorship and civic data mission.,,"Research & Scholarly Inquiry / BFF, CRSP, etc.",Director of Research,Jeremiah_AI_v2_Standardized,Yes
Kimberly Castro,BMCC,"Mentorship, Internships, Leadership, Civic Engagement",Civic Leadership & Innovation,Academic,Students,258,Mentorship Pipeline,,"Provides mentorship, internships, leadership, and civic engagement; strong overlap with INI’s mentorship pipeline mission.",,Conexiones & Connections,Bilingual Academic Advisor,Jeremiah_AI_v2_Standardized,Yes
Tommasina Faratro,BMCC,"Focus on Equity and Inclusion, Grassroots Civic Insights",Civic Leadership & Innovation,"Equity, Inclusion, Civic Resilience",General Public,262,INI's Grassroots Civic Insights,,"Focuses on equity, inclusion, and civic resilience; aligns with INI’s grassroots civic insights.",,Project Impact,Director,Jeremiah_AI_v2_Standardized,Yes
OpenLab Team,BMCC,"Digital Collaboration, Hub Management",Podcasts & Media,"Civic Data Storytelling, Visualization",General Public,264,Civic Data,,Digital collaboration hub; aligns with INI’s civic data storytelling and visualization goals.,,OpenLab Virtual Campus,General Team Contact,Jeremiah_AI_v2_Standardized,Yes
 Dr. Sofia Oviedo,Hostos Community College,"Mentorship, Professional Development, Grant Writing, Community Engagement, Academic Research",Faculty Research,"Education, Research","Students, Faculty, South Bronx Community",265,"Hope, Justice",,"The Hostos Research Center was established to be an innovative and collaborative community-focused endeavor. Its work serves students, faculty, and the wider South Bronx community by: 
• Promoting local research:
 The center fosters projects that address critical issues within the 
local community, bringing faculty together to collaborate on research 
that can generate solutions.
• Developing student skills:
 It creates research internships and other hands-on learning experiences
 to develop students' research skills and professional knowledge.
• Mentoring students:
 The center facilitates research mentorships between faculty and 
students, providing guidance and support for budding researchers.
• Supporting faculty:
 It helps faculty secure external funding and offers workshops and 
professional development opportunities in grant writing and research.
• Advancing educational practices:
 The center supports research on teaching and learning that helps 
improve educational practices, particularly those that are effective and
 have a high impact.
• Serving as a beacon of hope:
 By tackling the complex challenges of the South Bronx through academic 
and community-based research, the center aims to be a source of hope for
 the local area.",,Hostos Research Center (HRC) Research Programs Director,Director,Jeremiah_AI_v2_Standardized,Yes
General Contact,BMCC,"Partnership Coordination, Service Hub",Other,Student Equity,Students,263,,,Main office for student equity and services; general hub to coordinate partnerships.,,Student Affairs (Main Office),Student Affairs,Jeremiah_AI_v2_Standardized,Yes
Rosa Santos,BMCC,Student Engagement,Faculty Research,Student Engagement,Students,268,,,Works directly with student engagement,,"Student Engagement Specialist, BMCC",Faculty,Jeremiah_AI_v2_Standardized,Yes
"Dr, Karen Florez",School of Public Health,Leadership,Faculty Research,"Systems, Community",Academic,266,,,Deputy Director,,Center of Systems and Community Design,Faculty,Jeremiah_AI_v2_Standardized,Yes
Patricia Burke ,York College,Staff,Faculty Research,,,269,,,,,Chair of nursing department ,Staff,Jeremiah_AI_v2_Standardized,Yes
Dr. Robert E. Cortes,Queensborough CC,Program Direction,Student Opportunity,Education,Students,267,,,Director of the College Discovery Program,,The College Discovery Program,Faculty,Jeremiah_AI_v2_Standardized,Yes
Charlene dertinger,York College,Environment Creation,Faculty Research,Child Development,Children,272,,,She fosters an engaging and effective environment for child development ,,Higher education officer ,Staff,Jeremiah_AI_v2_Standardized,Yes
"Jason W. Ellis
",NYC College of Technology,"Civic Writing Support, Public Communication Skills Development",Initiative,"Writing, Public Communication","Students, General Public",270,Civic Engagement,,Supports civic writing and public communication skills.,,Writing Across the Curriculum,Faculty Advisor,Jeremiah_AI_v2_Standardized,Yes
Karen Williams ,York College,Program Oversight,Faculty Research,Higher Education,Students,273,,,Oversees a lot of the programs in York ,,Vice president of student affairs ,Staff,Jeremiah_AI_v2_Standardized,Yes
 Ellen Mareneck and Dr. Sara Brady,Bronx Community College,"Mentorship, Workshop Facilitation",Podcasts & Media,Arts & Culture,"Students, Faculty Members",271,,,"Theatre Workshop The workshop offers BCC students the opportunity to explore live theatre by participating in the production of plays. Students can act, or work on set design, lighting, and sound In addition to working on productions, the workshop mentors expose students to wider theatrical events in the city, broadening their artistic horizons",,faculty members in the Department of Communication Arts and Sciences and mentor the Theater Workshop,Mentor,Jeremiah_AI_v2_Standardized,Yes
Staff,CUNY SPS,"Civic Analytics, Research",Faculty Research,"Data Science, Public Policy",General Public,275,Civic,,Supports civic analytics and public policy research.,,Data Science Program,Faculty,Jeremiah_AI_v2_Standardized,Yes
Editorial / Student Lead,CUNY SPS,"Storytelling, Civic Commentary",Initiative,"Writing, Media","Students, General Public",276,,,Student media; good partner for storytelling or civic commentary.,,The Kiosk (Creative Writing Club at SPS),Student Org Leader,Jeremiah_AI_v2_Standardized,Yes
Aleon Hardy,NYC College of Technology,Advocacy,Initiative,"Environmental Justice, Sustainability",Campus Community,274,Justice,,Promotes environmental justice and campus sustainability.,,Sustainability Task Force,Faculty Advisor,Jeremiah_AI_v2_Standardized,Yes
Robert Thill,BMCC,"Content Development, Digital Civic Engagement, Project Facilitation",Faculty Research,"Media, Arts & Technology",Students,278,,,"Same area; could help with student content, digital civic engagements or media-based projects.",,"Professor, Media, Arts & Technology – Internship Faculty Contact",Faculty,Jeremiah_AI_v2_Standardized,Yes
Samantha Barrick,CUNY School of Medicine,"Curriculum Development, Storytelling",Faculty Research,Medicine,"Healthcare Professionals, Students",277,Civic Engagement,,Leads narrative medicine and civic storytelling curriculum.,,Humanities in Medicine,Director,Jeremiah_AI_v2_Standardized,Yes
Savitrie rampersaud,York College,Ombudsperson Program Oversight,Faculty Research,Student Affairs,Students,280,,,Oversees the ombudsperson program ,,Assistant Director of student affairs ,Staff,Jeremiah_AI_v2_Standardized,Yes
Benjamin Shepard,NYC College of Technology,"Community Service Coordination, Student Engagement",Student Opportunity,Social Justice,"Students, General Public",279,Justice,,Engages students in social justice and community service work.,,Human Services Club,Faculty Advisor,Jeremiah_AI_v2_Standardized,Yes
Jeffrey Wisotsky,Bronx Community College,"Career Development, Production Assistance",Podcasts & Media,"Education, Film & Media","Students, Faculty/Staff",281,,,"Bronx Community College, the Media and Digital Film Club and the Film Society The club helps connect students with paid roles as production 
assistants on major motion pictures and TV shows filmed on campus. Past 
productions filmed at BCC include A Beautiful Mind and episodes of Law and Order.

",,advisor for the Media and Digital Film Club at Bronx Community College,Staff,Jeremiah_AI_v2_Standardized,Yes
Cristina M. Balboa,Baruch College,,Faculty Research,Public Affairs,,282,,,,,"Associate Professor, Public Affairs",Faculty,Jeremiah_AI_v2_Standardized,Yes
Michael S. Seltzer,Baruch College,"Resource Mobilization, Leadership",Faculty Research,Nonprofit Sector,,284,,,"Works on nonprofit sector, resource mobilization, leadership. ",,"Distinguished Lecturer, Marxe School",Faculty,Jeremiah_AI_v2_Standardized,Yes
Staff,CUNY Law School,"Discussion Facilitation, Event Planning",Cultural Empowerment,Law,Jewish Law Students Association (JLSA),285,Cultural Exchange,,Cultural + legal discussion; potential for outreach & events.,,Jewish Law Students Association (JLSA),Faculty,Jeremiah_AI_v2_Standardized,Yes
Michael Banach,Baruch College,Networking,Faculty Research,"Government, Community Relations","Government Stakeholders, Community Stakeholders",286,Civic Networking,,"Role directly connects Baruch to government and community stakeholders, which mirrors INI’s civic networking mission.",,Director of Government and Community Relations at OCMPA,Faculty,Jeremiah_AI_v2_Standardized,Yes
Staff,CUNY Law School,"Restorative Legal Work, Mindful Civic Engagement",Civic Engagement,Urban Law,Community Members,283,Civic Engagement,,Focuses on restorative / community-centered legal work and mindful civic engagement.,,Contemplative Urban Law Program,CUNY,Jeremiah_AI_v2_Standardized,Yes
Suzanne Bronski,Baruch College,"Amplification of Voices, Visibility Enhancement",Faculty Research,Public Relations,General Public,288,,,PR is about amplifying voices and visibility,,Director of Public Relations at OCMPA,Faculty,Jeremiah_AI_v2_Standardized,Yes
Dr. Diana Samaroo,NYC College of Technology,,Faculty Research,Chemistry,Science/Research Officers,287,,,,,Chemistry Club & Science / Research Officers,Faculty,Jeremiah_AI_v2_Standardized,Yes
Lisa Davis,CUNY Law School,Legal Advocacy,Faculty Research,Gender Justice,"LGBTQ+, Gender-Nonconforming Individuals",290,Justice,,Legal advocacy for LGBTQ+ and gender justice.,,Gender Justice Clinic,Co-Director,Jeremiah_AI_v2_Standardized,Yes
Faustino Quintanilla,Queensborough CC,Leadership,Student Opportunity,Arts,Art Gallery & Community Outreach Department,289,,,Department Head,,Art Gallery & Community Outreach Department,Faculty,Jeremiah_AI_v2_Standardized,Yes
Terri anderson,CUNY SPS,Advocacy,Civic Engagement,Disability,Individuals with Disabilities,293,Civic Inclusion,,Advocates for civic inclusion and accessibility,,Disability Studies Program,Faculty,Jeremiah_AI_v2_Standardized,Yes
Johanna Gomez,Hostos Community College,"Leadership Development, Professional Growth, Event Planning, Counseling, Academic Support, Community Engagement, Campus-Community Interaction",Student Support,"Higher Education, Student Life","Students, Local Community, Faculty and Staff",292,"Inclusivity, Diversity",,"
The Office of Student Life (OSL) serves both the internal college 
community and the local Bronx area. The office's work focuses on 
fostering student growth and maintaining a vibrant campus atmosphere. For the student community, the OSL:
• Encourages leadership and professional growth through extracurricular activities, workshops, and internships.
• Supports student organizations by assisting the Student Government Association and over 50 student clubs in managing administrative tasks and planning events.
• Promotes student wellness through counseling, orientation, and various wellness programs.
• Handles student grievances and ensures fairness through its role in the student judicial process and academic appeal reviews.
• Assists at-risk students by providing guidance and academic support to improve student retention.
• Builds a diverse, inclusive environment where students can interact with one another, faculty, and staff to exchange ideas. 
• For the local community, the OSL:
• Fosters campus-community interaction by encouraging student and faculty engagement with local community members.
• Sponsors campus events that reflect the diverse interests and backgrounds of the student body and neighborhood.
• Helps develop future leaders and employees from the local area by offering leadership activities, career exploration, and internships",,the Office of Student Life Assistant Dean,Assistant Dean,Jeremiah_AI_v2_Standardized,Yes
Carolette McDonald ,York College,"Tutoring, Peer Mentoring",Faculty Research,Education,Students,291,,,Oversees the collaborative learning center and helps with tutoring and peer mentoring ,,Manager ,Staff,Jeremiah_AI_v2_Standardized,Yes
Tashuna Albritton,CUNY School of Medicine,Community Engagement,Faculty Research,Health,General Public,294,Health Disparities,,Leads Community Engagement Core focused on health disparities.,,Community Health,Associate Professor & Open Knowledge Librarian,Jeremiah_AI_v2_Standardized,Yes
Amanda  Beltran,CUNY Law School,Coordination,Admin,Student Affairs,Students,295,Civic,,Coordinates civic student orgs and events.,,Student Affairs,Director,Jeremiah_AI_v2_Standardized,Yes
Sandra Fajardo,Baruch College,Advisement,Faculty Research,Academic,Students,297,,,Advisement role gives connection to students,,"Director of Academic Advisement, Marxe School",Faculty,Jeremiah_AI_v2_Standardized,Yes
Annabel Santana,CUNY School of Medicine,Outreach Management,Admin,Civic Partnerships,General Public,296,Civic,,Manages outreach and civic partnerships.,,Office of the Dean,Chief of Staff,Jeremiah_AI_v2_Standardized,Yes
Juana Minaya,Hostos Community College,"Volunteer Management, Registration Support, Event Planning, Mentorship, Community Outreach",Student Support,"Student Life, Higher Education","Students, Hostos Community, General Public",300,"Service, Leadership Development",,"
The SOS Team provides valuable support to students and the wider Hostos 
community by performing key volunteer services. The team's activities 
are robust and active, as evidenced by recent contract and event 
information. Services for students:
• Orientations and tours:
 Team members assist with new student orientations and college tours, 
helping incoming students navigate the campus and get settled.
• Registration assistance: They provide support to students during registration periods, ensuring a smoother process.
• Campus events: They are present at campus-wide activities, such as job fairs and other school-based events.
• Mentorship:
 The SOS Team acts as a feeder program for the Hostos Student 
Ambassadors, creating a tiered system for student leadership and 
providing mentorship opportunities. 
• Services for the broader community:
• Community service: SOS team members commit to performing community service hours as part of their program.
• Campus representation: By committing to one year of service, team members represent the college at various internal and external events.
• Local outreach: As volunteers, they participate in outreach activities that support the local community",,Student Life Specialist,Faculty,Jeremiah_AI_v2_Standardized,Yes
Madiha Akhtar,CUNY School of Medicine,"Civic Student Support, Engagement",Admin,Student Affairs,Students,299,Civic Engagement,,Oversees civic student support and engagement.,,Student Affairs,Associate Dean,Jeremiah_AI_v2_Standardized,Yes
Travis Hayward,NYC College of Technology,"Storytelling, Community Visibility, Student Voice, Creative Civic Engagement",Podcasts & Media,"Education, Film","Students, Staff, Campus Community",298,Civic Engagement,,"College Affairs is a student-run film club at City Tech that documents campus life and events, while teaching hands-on video and editing skills. By highlighting student and staff experiences, the club fosters community visibility, student voice, and creative civic storytelling, making it a grassroots form of civic engagement on campus.

",,“College Affairs” Film Club,Staff,Jeremiah_AI_v2_Standardized,Yes
Tamara bloom,Other CUNY,Volunteer Coordination,Other,Immigration,Undocumented Individuals,303,,,,,Volunteer coordination for immigration services ,CUNY,Jeremiah_AI_v2_Standardized,Yes
Michael Verdino,Queensborough CC,Advisement,Student Opportunity,Academy,Students,302,,,Director of the Office of Academy Advisement,,Office of Academy Advisement,Faculty,Jeremiah_AI_v2_Standardized,Yes
Hilary Botein,Baruch College,"Policy Research, Civic Advocacy",Faculty Research,Public Affairs,"Academics, Researchers",304,Social Justice,,Potential contact for policy research / civic advocacy work,,"Associate Professor, Public Affairs",Faculty,Jeremiah_AI_v2_Standardized,Yes
Hopeton Allen,York College,Program Oversight,Faculty Research,,,301,,,Oversees the program ,,Program Director ,Staff,Jeremiah_AI_v2_Standardized,Yes
Staff,CUNY Law School,Advocacy,Student Opportunity,"Asian-Pacific, Civic Legal Issues",Asian-Pacific Community,305,,,Advocates for Asian-Pacific civic legal issues.,,APALSA,Student Org Leader,Jeremiah_AI_v2_Standardized,Yes
Sharon D. Reid,BMCC,"Internship Placement, Experiential Learning",Student Opportunity,Education,Students,306,,,Oversees internships and experiential learning,,Director of Internships & Experiential Learning,Career Office Staff,Jeremiah_AI_v2_Standardized,Yes
Alfonso Bravo,BMCC,Experiential Learning,Student Opportunity,Academic,Students,307,,,Works under the Internships & Experiential Learning arm,,Academic Internship Specialist,Career Office Staff,Jeremiah_AI_v2_Standardized,Yes
Mark Hellermann,NYC College of Technology,"Outreach, STEM Enrichment",Student Opportunity,Chemistry,Students,308,,,"Open to students interested in chemistry, outreach, and STEM enrichment.",,Chemistry Club (“Find a Solution”),Faculty,Jeremiah_AI_v2_Standardized,Yes
Matthew Diner ,York College,"Collaboration, Success Coaching",Faculty Research,Leadership,Student Leaders,309,,,"Provides a personal experience, and collaborates with student leaders to ensure success ",,Msw leadership club,Staff,Jeremiah_AI_v2_Standardized,Yes
Club President & Officers via City Tech Computer Club page,NYC College of Technology,Staff,Student Opportunity,,Computer Club,310,,,,,Computer Club,Staff,Jeremiah_AI_v2_Standardized,Yes
Brianna Mayne,NYC College of Technology,"Creating Growth Spaces, Safe Learning Environments",Student Opportunity,"Student Success, Academic Growth",Students,312,,,Dedicated to student success and safe learning environments. Passionate about creating growth spaces for students to thrive personally and academically.,,Student Clubs & Organizations Coordinator,Faculty,Jeremiah_AI_v2_Standardized,Yes
Glenda Blakely,BMCC,Internship Facilitation,Faculty Research,"Media, Arts",Students,311,,,Tied to Media & Arts internships.,,"Professor, Media, Arts & Technology – Internship Faculty Contact",Faculty,Jeremiah_AI_v2_Standardized,Yes
Staff,CUNY Law School,"Research, Data Analysis",Faculty Research,"Law, Society","Academics, Researchers",313,Civic Insight,,"Legal research + social science overlap, useful for data‑driven civic insight.",,Empirical Law & Society (ELS),Faculty,Jeremiah_AI_v2_Standardized,Yes
Anne Marie Sowders,NYC College of Technology,"Community Planning, Civic Infrastructure Development",Initiative,"Urban Planning, Infrastructure","Students, Communities",314,Civic Engagement,,Students work on civic infrastructure and community planning.,,Urban Design Studio,Faculty Advisor,Jeremiah_AI_v2_Standardized,Yes
Staff,CUNY Law School,"Internship Placement, Career Guidance",Student Support,Public Interest,"Students, Professionals",316,,,Core public interest work + internships.,,Public Interest Law Association (PILA),Career Office Staff,Jeremiah_AI_v2_Standardized,Yes
Gail Camille Patterson,Queensborough CC,Advising,Student Opportunity,Academy,Students,318,,,Associate Director of the Office of Academy Advisement,,Office of Academy Advisement,Faculty,Jeremiah_AI_v2_Standardized,Yes
Michael Gilbert ,School of Labor & Urban Studies,"Program Management, Academic Support",Community Mentor,Education,"Students of Color, Black Male Students",317,Social Justice,,Academic Program Specialist/Main Contact for BMI,,CUNY BMI(Black Male Initiative)-SLU Leadership Program,Faculty,Jeremiah_AI_v2_Standardized,Yes
Mark Hellermann,NYC College of Technology,"Service Delivery, Hands-on Community Work",Other,"Hospitality, Community Development",Local Community,315,Sustainability,,"Service through gardening, local produce; hands‑on community work.",,Hospitality Garden Club (Hospitality Management Department),CUNY,Jeremiah_AI_v2_Standardized,Yes
Scott Beltzer,Queensborough CC,Advising,Student Opportunity,Academy,Students,322,,,Associate Director of the Office of Academy Advisement,,Office of Academy Advisement,Faculty,Jeremiah_AI_v2_Standardized,Yes
Rachael Walton ,York College,"Collaboration, Partnership Building",Faculty Research,"Events, Student Club Partnerships","Students, Event Organizers",321,,,Good contact for for events collaboration & student club partnerships ,,Administrative coordinator ,Staff,Jeremiah_AI_v2_Standardized,Yes
Talia Peleg,CUNY Law School,Legal Education,Faculty Research,Immigration,Immigrant Communities,323,Civic,,Supports civic legal education for immigrant communities.,,Immigrant Rights Clinic,Co-Director,Jeremiah_AI_v2_Standardized,Yes
Tracey Ellis ,York College,"Advising, Mentoring, Service Learning Pathways",Faculty Research,Seek,General Public,320,,,"She gives advising, mentoring, and service learning pathways ",,Seek advisor ,Staff,Jeremiah_AI_v2_Standardized,Yes
Cynthia Gutierrez,City College,"Mentoring, Networking, Support",Mentorship,Education,"Students, 1st Generation Students",319,,,"Mentoring program for students, including 1st generation support and networking.",,Mentoring & Alumni Relations — Colin Powell School,Faculty,Jeremiah_AI_v2_Standardized,Yes
Staff,City College,"Mentoring, Program Development",Mentorship,"STEM, Inclusion","Women in STEM, BIPOC Faculty",327,"Diversity, Equity & Inclusion",,Mentoring program across STEM departments to promote inclusion of women & BIPOC faculty.,,AIDE‑STEM Mentorship (NSF ADVANCE),Faculty,Jeremiah_AI_v2_Standardized,Yes
Ojuolape mayungbo,York College,"Pathway Development, Service Coordination",Faculty Research,"Counseling, Mentoring, Service Learning",Seek Counselor,328,,,"Gives counseling, mentoring, and service learning pathways ",,Seek counselor ,Staff,Jeremiah_AI_v2_Standardized,Yes
Natalie Roopchand,Queensborough CC,Advising,Student Opportunity,Academy,Students,324,,,Associate Director of the Office of Academy Advisement,,Office of Academy Advisement,Faculty,Jeremiah_AI_v2_Standardized,Yes
Keline adams,CUNY SPS,Civic Leadership Training,Student Support,Youth Policy,Students,326,,,Trains students in youth policy and civic leadership.,,Youth Studies Program,Faculty,Jeremiah_AI_v2_Standardized,Yes
Shayla pruitt ,York College,Mentoring,Faculty Research,First Year Experience,Freshmen,325,,,She gives first year experience & mentoring for freshman’s ,,Director of FYE & mentoring ,Staff,Jeremiah_AI_v2_Standardized,Yes
Félix Arocho,Hostos Community College,"Programming Development, Artist Nurturing, New Work Creation",Cultural Empowerment,"Arts & Culture, Latino Studies, African Studies","Artists, Audiences",329,,,Recognized as a national leader in Latino and African-based programming It creates performing and visual arts forums that highlight the diverse cultural heritages of its audiences.It is dedicated to nurturing the development of new artists and creating new work.,, Director of the Center for the Arts & Culture ,Staff,Jeremiah_AI_v2_Standardized,Yes
Roosevelt smith,York College,Mentorship,Faculty Research,Student Life,Students,330,,,Oversees the male initiate program where he mentors students ,,Student life manager ,Staff,Jeremiah_AI_v2_Standardized,Yes
staff,CUNY Law School,"Activism, Legal Policy Work",Other,"Labor, Economic Justice",Workers,331,Justice,,Activism + legal policy work.,,Labor Coalition for Workers Rights & Economic Justice,CUNY,Jeremiah_AI_v2_Standardized,Yes
Lisanette Rosario,Hostos Community College,"Personalized Support, Internship Placement, Cooperative Education Opportunities, Career Fairs, Interview Facilitation, Networking, One-on-one Career Counseling, Job and Internship Search Support, Resume Writing Workshops, Interviewing Skills Workshops",Community Mentor,Career Development,"Students, Alumni",333,,,"Hostos' Career Services office offers personalized support to both students and alumni to help them achieve academic and career success Helps students identify and secure internships and cooperative education opportunities. Organizes career fairs where students can meet employers across various industries.Facilitates on-campus or virtual interviews for employers.Connects students and faculty with employer contacts.One-on-one career counseling Assistance with career exploration and deciding on a major Job and internship search support Workshops on resume writing, interviewing skills, and networking",,Director of Career Services,Career Office Staff,Jeremiah_AI_v2_Standardized,Yes
Kim melendez,York College,Counseling Services,Faculty Research,Education,Students,335,,,"Provides services that address the psychological, educational, social, and developmental needs of students ",,Student counseling director ,Staff,Jeremiah_AI_v2_Standardized,Yes
Cameron Man,Queensborough CC,Coordination,Student Opportunity,"Equity, Inclusion","Students, Faculty",334,,,Administrative Coordinator,,"Office of Equity, Inclusion, and Belonging",Faculty,Jeremiah_AI_v2_Standardized,Yes
Travaras Geter,Hostos Community College,"Civic Engagement Facilitation, Leadership Development, Internship Coordination, Presentation Delivery",Student Support,"Education, Government, Community Development","High School Seniors, Youth, Bronx Community, Local Government",332,"Social Justice, Community Advocacy",,"The Bronx Civics Scholars Institute is a six-week summer enrichment 
program for rising high school seniors. It has been active since at 
least 2006 and provides students with an academic and practical 
understanding of how local government works. The institute benefits the community by:
• Fostering civic engagement: Students engage with social justice issues through the lens of local, state, and federal laws.
• Providing real-world experience:
 Students earn college credit and complete internships at Bronx 
community-based organizations. Past partners have included The Bronx 
Defenders and the Northwest Bronx Community and Clergy Coalition.
• Developing future leaders: The program helps students acquire the skills and knowledge needed to be effective leaders and community advocates.
• Connecting youth with the Bronx: It teaches participants about the borough's history and connects them with advocates who are already creating positive change.
• Inspiring action:
 The summer program culminates in students delivering presentations 
about their work and research on issues facing the community, which are 
well-received by staff and community members.",,Associate Director of College Now and oversees Bronx Civics Scholars Institute (BCSI) ,Director,Jeremiah_AI_v2_Standardized,Yes
Cynthia Soohoo,CUNY Law School,Civic Justice Advocacy,Civic Engagement,Reproductive Rights,Reproductive Justice Advocates,339,Justice,,Focused on reproductive rights — very relevant for civic justice.,,IF/When/How: Lawyering for Reproductive Justice,Staff,Jeremiah_AI_v2_Standardized,Yes
Architecture Department,NYC College of Technology,"Guest Speaker Events, Tours",Civic Leadership & Innovation,"Design, Urban Planning","Students, Professionals",340,Civic Engagement,,"Offers guest speaker events, tours; good for design + civic / urban engagement.",,Architectural Club,Career Office Staff,Jeremiah_AI_v2_Standardized,Yes
Ramzi kassem,CUNY Law School,Advocacy,Faculty Research,"Immigration, Law","Muslim Communities, Immigrant Communities",337,Justice,,Legal advocacy for Muslim and immigrant communities.,,CLEAR Project,Co-Director,Jeremiah_AI_v2_Standardized,Yes
Teresa Scala,City College,Partnership Building,Initiative,"Equity, Sustainability",Harlem Organizations,338,Social Justice,,Builds partnerships with Harlem orgs for equity and sustainability.,,Harlem 2032,Coordinator,Jeremiah_AI_v2_Standardized,Yes
Jennifer sparrow,CUNY SPS,"Curriculum Development, Program Oversight",Admin,"Academics, Governance","Students, Faculty",336,Civic Engagement,,Oversees civic curriculum and governance programs.,,Academic Affairs,Assistant Dean,Jeremiah_AI_v2_Standardized,Yes
Gabriel Foreman,City College,"Mentorship Matching, Flexible Format Coordination",Mentorship,Career Development,"Students, Professionals",342,,,Mentorship matching for students & professionals; flexible format (remote/in‑person).,,CUNY Career Mentorship Program (CCNY),Student Org Leader,Jeremiah_AI_v2_Standardized,Yes
Janelle ambrose,CUNY SPS,Civic Engagement Event Coordination,Admin,Student Life,Students,343,Civic Engagement,,Coordinates student orgs and civic engagement events.,,Student Life,Steering Officer,Jeremiah_AI_v2_Standardized,Yes
Debora young ,York College,"Career Planning, Program Referrals",Faculty Research,Education,"Students, English Language Learners",344,,,Helps students that English is their second language and assists with career planning and program referrals ,,Director of college learning Center ,Staff,Jeremiah_AI_v2_Standardized,Yes
Joery Francois ,York College,Coordination,Faculty Research,Student Activities,Students,341,,,Helps with club coordination ,,Administrative coordinator of student activities ,Staff,Jeremiah_AI_v2_Standardized,Yes
Nichole Acevedo ,York College,Supportive Services,Faculty Research,Women's Issues,Women,347,,,Provides supportive services for the growth and development of women ,,Women’s center director ,Staff,Jeremiah_AI_v2_Standardized,Yes
Enrique Desmond Arias,Baruch College,Faculty,Faculty Research,Public Affairs,Academics,348,,,Strong faculty in public affairs,,"Professor, Public Affairs (Marxe)",Faculty,Jeremiah_AI_v2_Standardized,Yes
Kathryn Gerhardt,BMCC,"Internship Placement, Partnership Management",Community Mentor,Community Engagement,"Students, Community Partners",345,,,Handles internships/community partner relationships,,"Administrative Assistant, Community Engagement (“CUNY in The Heights”)",Career Office Staff,Jeremiah_AI_v2_Standardized,Yes
Club Relations Team,City College,Registration Management,Student Opportunity,Student Orgs,Student Organizations,346,,,Manages club registrations; useful if you're contacting multiple student orgs.,,Club Relations & Reservations,CUNY,Jeremiah_AI_v2_Standardized,Yes
Marlon Peterson,Hostos Community College,"Leadership Development, Career Advancement, Policy Advocacy, Wraparound Support",Community Advocacy,"Higher Education, Criminal Justice","Justice-Impacted Women, Students",351,"Racial Justice, Gender Justice, Economic Justice",,"CCF is a non-profit organization that helps justice-involved women earn college degrees and achieve career stability. Its work has multi-generational implications by reducing recidivism and empowering women to become leaders in their communities.
Specifically, CCF provides:

Higher education support: CCF assists formerly incarcerated women in achieving college degrees by helping them overcome barriers to education.
Leadership and career development: The program equips students with leadership skills and provides services that ensure career advancement after they complete their degrees.
Advocacy for policy change: CCF is actively involved in policy and advocacy work at the systemic level, addressing issues related to racial, gender, and economic justice. It has been a vocal proponent of campaigns such as ""Ban the Box"" and the restoration of Pell Grants for incarcerated individuals.
Wraparound support: CCF offers a network of peer mentoring, professional and college counseling, and other support services to promote long-term stability and success for its members.",,Executive Director College & Community Fellowship,Director,Jeremiah_AI_v2_Standardized,Yes
"Sherri 
L. 
Rings",NYC College of Technology,Support,Admin,Education,Underserved Students,349,Civic,,Civic support for underserved students.,,SEEK Program,Director,Jeremiah_AI_v2_Standardized,Yes
Luke Waltzer and Adashima Oyo,Hostos Community College,"Graduate Student Training, Undergraduate Mentorship, Creating Career Pathways, Equity and Inclusion, Institutional Collaboration",Student Opportunity,Humanities,"Underrepresented Students at CUNY's Community Colleges, CUNY Doctoral Students, Community College Students, Four-Year Institution Students",350,"Social Justice, Higher Education Equity and Inclusion",,"
The CUNY Humanities Alliance focuses on increasing access to and 
engagement with the humanities, particularly for underrepresented 
students at CUNY's community colleges. Key contributions include:
• Graduate student training:
 The program trains CUNY doctoral students in effective teaching methods
 for diverse community college classrooms, preparing them for future 
academic careers.
• Undergraduate mentorship:
 The program provides robust mentorship and academic support to 
community college students, helping them successfully navigate their 
education and transfer to four-year institutions.
• Creating career pathways:
 It helps both graduate and undergraduate students envision and pursue 
career paths related to the humanities, emphasizing the value of 
humanistic study.
• Equity and inclusion:
 The initiative promotes a mission of social justice within higher 
education, working to make academic systems more equitable and inclusive
 for all students.
• Institutional collaboration:
 The alliance fosters collaboration and connection between the Graduate 
Center and several CUNY community colleges, including LaGuardia, Hostos,
 Guttman, and Borough of Manhattan Community College (BMCC).",,The CUNY Humanities Alliance Program Co-Director,Co-Director,Jeremiah_AI_v2_Standardized,Yes
Ebonie Jackson ,York College,"Event Planning, Service Coordination, Advocacy",Faculty Research,Gender Justice,Women,355,Justice,,She runs food access & service/advocacy events ,,Director of women’s center for gender justice ,Staff,Jeremiah_AI_v2_Standardized,Yes
Marvia Alston,CUNY School of Medicine,Service Coordination,Admin,Clinical Service,"Students, Community-Based Organizations",353,,,Connects students to community-based clinical service.,,Clinical Fieldwork,Clerkship Coordinator,Jeremiah_AI_v2_Standardized,Yes
Amawati Gonesh,Queensborough CC,Associate/Manager,Student Opportunity,Higher Education,"Students, Faculty",354,,,Higher Education Associate/Student Life Manager,,Advocacy Resource Center,Faculty,Jeremiah_AI_v2_Standardized,Yes
Ana I. García Reyes,Hostos Community College,"Community Relations, Professional Development, Study Abroad Program",Civic Engagement,Education,"Hostos Community College, International Education",352,College Mission,,The office serves as the main point of contact between the college and the community. The office represents the college at community events and international forums.It helps to support the college's mission on international education through initiatives such as a Professional Development / Study Abroad Program.,,Dean for Community Relations at Hostos Community College,Staff,Jeremiah_AI_v2_Standardized,Yes
Dr. Kafui Attoh,School of Labor & Urban Studies,Governance,Admin,Academia,"Faculty, Students",357,,,Associate Professor; Academic Governance Council Chair,,Academic Governance at SLU/The governing body of the CUNY School of Labor & Urban Studies,Faculty,Jeremiah_AI_v2_Standardized,Yes
steve zeidman,CUNY Law School,"Sentencing Reform Advocacy, Civic Justice Advocacy",Faculty Research,Criminal Justice,"Justice-Impacted Individuals, Students",358,Civic Justice,,Advocates for sentencing reform and civic justice.,,Criminal Law,Associate Professor & Deputy Chairperson,Jeremiah_AI_v2_Standardized,Yes
Yessenia Garcia,Queensborough CC,Program Management,Student Opportunity,"Equity, Inclusion","Students, Faculty",359,,,Diversity Program Manager,,"Diversity Program of the Office of Equity, Inclusion, and Belonging",Faculty,Jeremiah_AI_v2_Standardized,Yes
Jessica Seliger,Bronx Community College,"Training, Mentorship Services, Community-Focused Educational Programs",Community Mentor,"Workforce Development, Continuing Education","Low-Income Individuals, Underserved Communities",356,,,"Workforce Development & Continuing Education (Community training & service programs The program offers low-cost training in high-demand fields, mentorship services, and community-focused educational programs.",,Dean of Workforce Development & Continuing Education,Staff,Jeremiah_AI_v2_Standardized,Yes
Michelle  Davis,CUNY Law School,"Civic Engagement Support, Initiative Leadership",Admin,Student Activities,Students,361,Civic Engagement,,Supports civic engagement and student-led initiatives.,,Student Activities,Associate Director,Jeremiah_AI_v2_Standardized,Yes
Vivian Rodriguez,Bronx Community College,Education & Training,Podcasts & Media,Healthcare,"Students, Hospitals & Facilities",362,,,"the Radiologic Technology (Rad-Tech) program The program prepares students for careers in the diagnostic imaging sciences, training compassionate radiographers with strong patient care skills for hospitals and other facilities.",,Clinical Coordinator for the Radiologic Technology program,Staff,Jeremiah_AI_v2_Standardized,Yes
Chris Washington,School of Labor & Urban Studies,Advisory,Community Mentor,Academia,Students,360,,,Senior Academic Advisor,,CUNY BMI-SLU Leadership Program Advisory Committee,Faculty,Jeremiah_AI_v2_Standardized,Yes
Dr. Maria M. Franco,Queensborough CC,"Mentorship, Development",Student Opportunity,Technology,Students,365,,,Main Contact for Google Mentorship and Development Program,,Google Mentorship and Development Program,Administrator,Jeremiah_AI_v2_Standardized,Yes
Jason Libfeld,Hostos Community College,"Community Service Coordination, Program Management",Civic Leadership & Innovation,"Civic Engagement, Leadership Development","Students, International Relief Organizations, Local Organizations",364,Civic Engagement,,"Hostos Volunteer Corps (Student Leadership Academy — Volunteer Corps)The academy promotes students' civic engagement and leadership skills through community service, cultural activities, and developmental training. The program connects students with international relief organizations, as well as with local organizations for walks, food drives, and other initiatives",,Student Leadership Academy Coordinator,Staff,Jeremiah_AI_v2_Standardized,Yes
Dr. Diane Banks,Bronx Community College,"Professional Development Facilitation, Mentorship, Clinical Volunteer Coordination, Internship Placement",Student Opportunity,"Medical Laboratory Technician, Healthcare","Students, Alumni, Medical Laboratory Personnel, Affiliated Hospitals",363,"Student Professional Development, Community Engagement",,"the MLT Club is a highly active and involved organization, offering 
students significant opportunities for professional and community 
engagement. Promotes student professional development: The club facilitates students' academic and professional growth through field trips to clinical laboratories and conferences. Provides mentors: The club fosters mentorship by creating a community for students and alumni to share knowledge and enhance the Medical Laboratory Technician 
program. Supplies clinical volunteers:
 The club has helped fill medical laboratory personnel shortages at 
affiliated hospitals, particularly during the COVID-19 pandemic. Student
 and alumni volunteers assisted with tasks like phlebotomy and sample 
collection. Coordinates internships:
 The MLT program works with affiliated hospitals to provide internship 
opportunities that give students valuable, hands-on experience and help 
them secure full-time jobs.",,Club leader,Student Org Leader,Jeremiah_AI_v2_Standardized,Yes
Dr. Evelyn Fernández-Ketcham,Hostos Community College,"Program Development, Collaboration, Event Hosting, Apprenticeship Program Management",Civic Leadership & Innovation,"Education, Workforce Development","Community Members, Students, Staff",367,"Employment Services, Personal Enrichment",,"As the leader of CEWD, Dr. Fernández-Ketcham oversees programs that offer career training, basic education, and personal enrichment to the community. The division specializes in adapting its programs to meet the evolving needs of the job market and collaborating with community partners to provide employment services. Working with businesses, nonprofits, and government agencies to create and fund workforce development programs. This includes collaborations with local employers to provide free job-training and apprenticeship programs.Hosting events and workshops to foster a sense of community among students and staff and to promote personal and professional growth. ",,Vice President of Continuing Education and Workforce Development (CEWD),Staff,Jeremiah_AI_v2_Standardized,Yes
Gail H. Fernandez,BMCC,"Faculty Development, Practice Oversight",Faculty Research,Higher Education,Faculty Members,369,,,Oversees high impact practices & faculty development,,"Acting Associate Dean of Faculty, BMCC",Faculty,Jeremiah_AI_v2_Standardized,Yes
Lampeto Efthymiou,Queensborough CC,"Student Life Management, Designated School Official",Student Opportunity,Higher Education,International Students,366,,,Designated School Official/International Student Life Manager,,International Student Center/Center for International Affairs,Faculty,Jeremiah_AI_v2_Standardized,Yes
Dr. Denis Nash,School of Public Health,Leadership,Faculty Research,Population Health,Academia,368,,,Executive Director of the CUNY Institute of Implementation Science in Population Health,,Institute for Implementation Science in Population Health,Faculty,Jeremiah_AI_v2_Standardized,Yes
Joah Joseph ,York College,Student Leadership,Faculty Research,,Students,372,,,,,President of sga,Student Org Leader,Jeremiah_AI_v2_Standardized,Yes
Professor Hisseine Faradj,Bronx Community College,"Education, Community Building, Cultural Exchange",Community Mentor,"Islam, Interfaith Engagement","Muslim Students, General Public",370,"Justice, Peace",,"Muslim Student Association (MSA) By providing information about Islam and encouraging personal responsibility, the MSA creates an environment for students to learn and grow.The group actively engages with non-Muslims to promote truth, justice, and peace.",,the Muslim Student Association (MSA) advisor,Staff,Jeremiah_AI_v2_Standardized,Yes
Toya Pigford,Hostos Community College,"Work Experience Provision, Community Service Encouragement, Clerical Work Management",Student Opportunity,Higher Education,"Hostos Community College Students, College Departments, Broader Community",371,,,"The Federal Work-Study (FWS) program serves the Hostos Community College community by providing students with valuable work experience and encouraging community service.Students are hired by college departments, such as the library, computer labs, and tutoring centers, to perform clerical work and other tasks. This provides students with convenient employment that accommodates their class schedules.FWS also offers opportunities for students to work at off-campus locations in positions related to community service. This encourages students to engage with and support the broader community.",,Associate Director and FWS Coordinator,Career Office Staff,Jeremiah_AI_v2_Standardized,Yes
Cynthia Suarez-Espinal,Bronx Community College,"Leadership Development, Peer Mentoring, Event Planning",Civic Leadership & Innovation,Higher Education,"Students, College Discovery Program Participants",374,,,"College Discovery — Student Leadership (CD Student Leadership)The CD program includes peer leaders—senior College Discovery students who are trained to provide guidance to their junior peers. They assist with topics like financial aid, registration, and preparing for exams The CD Club organizes extracurricular activities to promote social engagement and a strong sense of community among students. ",,the College Discovery (CD) Student Leadership Program Director,Staff,Jeremiah_AI_v2_Standardized,Yes
Marsha Milan-Bethel,Hostos Community College,"Committee Leadership, Program Development, Community Engagement",Civic Leadership & Innovation,"Higher Education, Reentry & Incarceration","Justice-Impacted Students, CUNY Faculty Senate Committee on Higher Education in Prisons, New York Reentry Network, CUNY Justice Learning Collaborative",373,"Equity & Inclusion, Social Justice",,"The Hostos JUSTICE committee works to create a more equitable and welcoming environment for justice- and system-impacted students. Since its relaunch in 2021, the committee has been active in numerous initiatives The committee participates in programs like the New York Reentry Network, the CUNY Justice Learning Collaborative, and the CUNY Faculty Senate Committee on Higher Education in Prisons",,in charge of the Hostos Community College JUSTICE committee. Senior Admissions Advisor,Staff,Jeremiah_AI_v2_Standardized,Yes
Gisela Rivera,Queensborough CC,Leadership,Student Opportunity,Education,Students,376,,,Director of Student Leadership and Development,,Student Leadership & Development Department,Faculty,Jeremiah_AI_v2_Standardized,Yes
Alexandra Pyak,Queensborough CC,Leadership,,Education,Students,377,,,Executive Director at ASAP Queensborough Community College,,Accelerated Study in Associate Programs(ASAP),Faculty,Jeremiah_AI_v2_Standardized,Yes
Dr. Sofia Oviedo,Hostos Community College,"Program Management, Mentorship, Professional Development, Financial Support, Equity",Initiative,"Higher Education, Career Development","Students, Hostos Community, Campus Community",375,"Community Engagement, Student Retention",,"
The Mentor/Mentee Jobs on Campus initiative is still active and is part 
of the larger President's Initiatives, which are ongoing programs at the
 college. A recent announcement in August 2025 referenced new funding 
and mentioned the sustainability of the program. Contribution to the communityThe initiative benefits the Hostos community by providing valuable resources to both students and the wider campus, including: 
• Career readiness and professional development:
 It offers students paid, part-time on-campus jobs that provide 
real-world work experience and professional mentoring from faculty and 
staff.
• Financial support: The program offers a competitive hourly rate, which provides financial stability for students.
• Equity:
 It expands job opportunities beyond traditional work-study programs to 
include international students and those whose Federal Work-Study 
eligibility has ended.
• Retention: By fostering mentorship and providing support, the initiative contributes to increased student engagement and retention.",,Mentor/Mentee Jobs Director,Program Director,Jeremiah_AI_v2_Standardized,Yes
Office of Student Services,CUNY SPS,"Influence, Amplification",Student Opportunity,Student Life,Students,379,"Civic Media, Initiative Work",,Elected reps; influence over student life & can amplify civic media or initiative work.,,Student Association Representatives,Faculty,Jeremiah_AI_v2_Standardized,Yes
La-Dana Jenkins,BMCC,"Faculty Contact, Internship Facilitation",Faculty Research,"Accounting, Computer Information Systems, Liberal Arts","Students, Professionals",378,,,Professor who is faculty contact for internship,,"Professor, Accounting / Computer Information Systems / Liberal Arts – Internship Faculty Contact
",Faculty,Jeremiah_AI_v2_Standardized,Yes
Pamela Brown,NYC College of Technology,"Mentorship, Academic Support",Mentorship,Education,Students,382,,,Connects upperclassmen with new students to support academic success.,,Peer Mentorship Program,Faculty Advisor,Jeremiah_AI_v2_Standardized,Yes
Audra E Haynes ,NYC College of Technology,"Community Outreach, Education",Student Opportunity,Healthcare,"Low-Income Communities, Brooklyn Residents",383,Public Health,,Provides free dental screenings and health education in Brooklyn.,,Dental Hygiene Association,Faculty Advisor,Jeremiah_AI_v2_Standardized,Yes
Patricia Anyachebelu,Bronx Community College,"Service Coordination, Peer Support, Academic Guidance, Tutoring Services",Civic Leadership & Innovation,Nursing & Allied Health,"Students, Community Members",380,,,Nursing & Allied Health Club Engaging in service projects to give back to the community The club serves as a source of peer support and academic guidance for its members. The broader Department of Nursing and Allied Health Sciences offers dedicated academic advising and tutoring services for students.,,the person in charge of the Nursing Club at Bronx Community College,Student Org Leader,Jeremiah_AI_v2_Standardized,Yes
Dr. Rochel Pinder,School of Labor & Urban Studies,"Leadership, Student & Community Affairs",Community Mentor,Education,"Students, Community",381,,,Director of Student & Community Affairs,,CUNY BMI-SLU Leadership Program Advisory Committee; Director of Student & Community Affairs,Faculty,Jeremiah_AI_v2_Standardized,Yes
Jason bryer,CUNY SPS,"Civic Policy Support, Equity Research",Faculty Research,Data Science,General Public,387,Civic Reform,,Uses data to support civic policy and equity research.,,Data Science,Faculty,Jeremiah_AI_v2_Standardized,Yes
Staff,CUNY Law School,"Civic Engagement, Election-Related Work",Civic Engagement,Politics,Voters,388,Political,,"Political civic engagement, election-related work.",,CUNY Law Democrats,CUNY,Jeremiah_AI_v2_Standardized,Yes
Ian Wentworth,BMCC,"Student Engagement, Club Management, Activity Coordination",Faculty Research,Student Life,Students,386,,,"Student Life is central to student engagement, clubs, activities",,Director of Student Life,Faculty,Jeremiah_AI_v2_Standardized,Yes
Michael Rymer,School of Labor & Urban Studies,Administration,Community Mentor,Labor & Urban Studies,Academics,385,,,Associate Director,,Learning Hub at the CUNY School of Labor & Urban Studies,Faculty,Jeremiah_AI_v2_Standardized,Yes
Molly Bangs,CUNY Law School,Civic Programming Development,Admin,Gender Justice,General Public,384,Justice,,Develops civic programming around gender justice.,,"Gender, Law & Peace Institute",Program Manager,Jeremiah_AI_v2_Standardized,Yes
Raymond Volel,Queensborough CC,Student Life,Student Opportunity,,Students,389,,,Student Life Specialist,,Student Life Specialist,Faculty,Jeremiah_AI_v2_Standardized,Yes
"Economics, Equality and Environment Academic Club",BMCC,Focus,Student Opportunity,"Equity, Economics, Environment",Academic Club Members,393,,,"Focuses on equity, economics, and environmen",,Academic Club,club,Jeremiah_AI_v2_Standardized,Yes
Ellen Kim,NYC College of Technology,"Networking, Career Development",Student Opportunity,Hospitality,"Students, Industry Professionals",392,,,help students explore lodging establishments and connect with industry professionals through networking and career development,,The Aspiring Hotel Leaders Club,Faculty,Jeremiah_AI_v2_Standardized,Yes
Jan Robertson,Bronx Community College,"Mentorship, Workshop Facilitation, Creative Writing Support",Community Mentor,Education,"Students, Spoken Word Club Members",391,,,"Spoken Word Club The club provides students with a platform for verbal expression and creative writing, offering workshops and a supportive environment for developing their craft.",,Director of the BCC Writing Center and the faculty advisor for the Spoken Word Club,Mentor,Jeremiah_AI_v2_Standardized,Yes
Grace Duran,Queensborough CC,Office Assistance,Student Opportunity,Art,Community Members,390,,,CUNY Office Assistant of the Art Gallery & Community Outreach,,Art Gallery & Community Outreach,Faculty,Jeremiah_AI_v2_Standardized,Yes
Albert Lee,BMCC,"Outreach, Programming",Faculty Research,Student Success,Students,396,,,"Works on student success and outreach, bridging access and programming",,Student Success Outreach and Programming Coordinator,Faculty,Jeremiah_AI_v2_Standardized,Yes
CUNY BLSA,CUNY Law School,"Mentorship, Panel Hosting",Student Opportunity,Law,Black Law Students,395,Civic Engagement,,Hosts civic panels and mentorship for Black law students.,,Black Law Students Association,Student Org Leader,Jeremiah_AI_v2_Standardized,Yes
Nkem Stanley‑Mbamelu,City College,"Mentoring, Support",Mentorship,Education,Student-Athletes,397,,,Faculty mentoring for student‑athletes. Helps support academic & athletic balance.,,Athletics Faculty Mentoring Program,Faculty,Jeremiah_AI_v2_Standardized,Yes
Elizabeth Nercessian,Queensborough CC,"Leadership, Administration",Community Mentor,Education,"Students, Faculty",394,,,Director of the Office of Student Success; Director of Mathematics Learning Center,,Office of Student Success/Mathematics Learning Center,Faculty,Jeremiah_AI_v2_Standardized,Yes
Peter Santiago,Kingsborough CC,"Organizing, Advocacy",Student Opportunity,Disability Rights,"Individuals with Disabilities, Autism Community",401,Social Justice,,Advocates for disability rights; organizes Autism Awareness Walk,,Disability Advocacy Club,Student Org Leader,Jeremiah_AI_v2_Standardized,Yes
Andy Zhang,NYC College of Technology,Accessibility,Student Opportunity,"Robotics, Civic Tech",Individuals with Disabilities,398,Social Justice,,Explores robotics and civic tech applications for accessibility.,,Mechatronics Club,Faculty Advisor,Jeremiah_AI_v2_Standardized,Yes
Office of Student Life,Medgar Evers College,Empowerment,Student Opportunity,Social Work,"Black Social Workers, Students",399,Justice,,Black social workers chapter focused on justice and empowerment,,National Association of Black Social Workers (MEC Chapter),Student Org Advisor,Jeremiah_AI_v2_Standardized,Yes
Office of Student Life,Medgar Evers College,Program Coordination,Civic Engagement,Civic Service,"CUNY Students, General Public",400,Service,,CUNY-wide civic service program,,CUNY Service Corps at MEC,Coordinator,Jeremiah_AI_v2_Standardized,Yes
Children of Promise ,Brooklyn (External),Mentorship,Community Program,Children & Family Services,Children of Incarcerated Parents,402,,,Supports children of incarcerated parents with mentorship.,,"Children of Promise, NYC",Volunteer/Mentor Program,Jeremiah_AI_v2_Standardized,Yes
Prof. Jason Michael Leggett,Kingsborough CC,"Overseeing, Directing",Faculty Research,Civic Engagement,Students,403,Civic Learning,,Faculty director overseeing civic engagement requirement & Center for Civic Learning,,Center for Civic Engagement / Civic Engagement Requirement,Faculty,Jeremiah_AI_v2_Standardized,Yes
Ms. Amani Reece,Medgar Evers College,"Program Development, Initiative Leadership",Civic Engagement,"Diversity, Inclusion, Social Justice","Students, General Public",405,Justice,,"Promotes diversity, inclusion, social justice",,Student Life Diversity & Inclusion Initiatives,Director of Student Life & Development,Jeremiah_AI_v2_Standardized,Yes
KCC Student Government Association,Kingsborough CC,Governance,Student Opportunity,Student Life,Students,404,,,Represents student body; holds weekly governance meetings,,Student Government Association (SGA),Student Org Leader,Jeremiah_AI_v2_Standardized,Yes
Mekela Clarke / Jamie McKaie,Brooklyn (External),"Mentorship, Civic Engagement",Community Program,Women's Empowerment,Young Women,407,,,Mentorship and civic engagement for young women.,,RiseBoro Sister S.A.G.E.,Program Leads,Jeremiah_AI_v2_Standardized,Yes
Charles Swift ,Kingsborough CC,Mentorship,Faculty Research,Higher Education,Historically Underrepresented Faculty & Staff,409,,,Supports underrepresented faculty/staff with mentorship circles.,,Historically Underrepresented Faculty & Staff Resource Center,Mentorship Program,Jeremiah_AI_v2_Standardized,Yes
John Brown,Medgar Evers College,"Pipeline Development, Student Support",STEM Pipeline,"Science, Technology",Underserved Students,408,Education,,STEM entry pipeline for underserved students,,Science and Technology Entry Program (STEP),Project Director,Jeremiah_AI_v2_Standardized,Yes
Paulina Gajewski,Brooklyn College,Editorial,Student Media,,"Journalists, Students",406,,,,,Brooklyn College Vanguard,Editor-in-Chief,Jeremiah_AI_v2_Standardized,Yes
Office of Communications (David de Rubio),Medgar Evers College,Content Creation,Media/Journalism,Civic Leaders,General Public,412,Civic Engagement,,Podcast series with civic leaders,,Conversations at Medgar (Podcast/Media),Writer/Editor,Jeremiah_AI_v2_Standardized,Yes
Mr. Sean Anderson,Medgar Evers College,"Tutoring, College Readiness",Community Engagement,Education,At-Risk Students,411,,,Tutoring and college readiness for at-risk students,,Liberty Partnerships Program (LPP),Program Director,Jeremiah_AI_v2_Standardized,Yes
WBCR E-Board,Brooklyn College,Executive Leadership,Student Media,,Student Radio,413,,,,,WBCR Student Radio,Executive Board,Jeremiah_AI_v2_Standardized,Yes
Andrea Dottin,Medgar Evers College,"Support Coordination, Civic Engagement",Community Engagement,"Veterans Affairs, Military Services","Veteran Community, Student Body",410,Service,,Veterans support and civic engagement | Faculty/Staff Advisor (Veterans & Military Services).,,MEC Veterans Club,Student Org Advisor,Jeremiah_AI_v2_Standardized,Yes
Maxine Seales,Medgar Evers College,Program Development,Community Engagement,Education,"Students, Public School System",414,,,Beacon centers in public schools,,Beacon Programs,Director,Jeremiah_AI_v2_Standardized,Yes
Cyle Paul,Brooklyn College,Leadership,Student Opportunity,,Students,417,,,,,Undergraduate Student Government,USG President,Jeremiah_AI_v2_Standardized,Yes
Prof. Joseph Entin,Brooklyn College,Leadership,Faculty Research,Higher Education,Students,418,,,,,Brooklyn College Listening Project,Director,Jeremiah_AI_v2_Standardized,Yes
Celeste Morris,Medgar Evers College,Advocacy Training,Civic Engagement Training,Civic Leadership,General Public,415,Justice,,Civic leadership and advocacy training course,,Advocacy Academy (CLSJ),,Jeremiah_AI_v2_Standardized,Yes
Prof. Emily Tumpson Molina,Brooklyn College,Direction,Faculty Research,Brooklyn,General Public,416,,,,,Center for the Study of Brooklyn,Director,Jeremiah_AI_v2_Standardized,Yes
Andre Brereton,Medgar Evers College,"Mentoring, Leadership",Civic Engagement,Civic Education,Youth,419,Empowerment,,"Focuses on mentoring, leadership, civic education",,Male Development & Empowerment Center,Assistant Director,Jeremiah_AI_v2_Standardized,Yes
Center for Career Development & Experiential Learning,Kingsborough CC,Mentorship Coordination,Student Opportunity,Education,"Students, Faculty/Staff",422,,,Coordinates mentorship matching between students and faculty/staff.,,KCC Connections Student Mentoring Program,Program Office,Jeremiah_AI_v2_Standardized,Yes
Hermina Marcellin-Joseph,Medgar Evers College,Radio Program Production,Media/Journalism,"Caribbean, Community","General Public, Caribbean Community",421,,,Radio program on Caribbean and community issues,,MEC Radio – Caribbean Focus,,Jeremiah_AI_v2_Standardized,Yes
Sau-Fong Au,Brooklyn College,Leadership,Faculty/Staff,,Women,424,,,,,Women’s Center,Director,Jeremiah_AI_v2_Standardized,Yes
GSO Executive Board,Brooklyn College,Leadership,Student Opportunity,,Graduate Students,420,,,,,Graduate Student Organization,Graduate Student Leadership,Jeremiah_AI_v2_Standardized,Yes
Mr. LeHendro Gadson,Medgar Evers College,"Pathway Development, Internship Coordination",Community Engagement,Education,"Young Adults, Students",423,,,Alternative pathway to HS diploma with internships,,Young Adult Borough Center (YABC),Program Director,Jeremiah_AI_v2_Standardized,Yes
Joanna Maulbeck,Kingsborough CC,Community Service Organization,Student Opportunity,Education,General Public,427,Supporting Education,,Hosts community service events each semester supporting education,,Education Club,Student Org Leader,Jeremiah_AI_v2_Standardized,Yes
Prof. Caroline Arnold,Brooklyn College,Grad Deputy,Faculty,Urban Policy,,425,,,,,MA Political Science - Urban Policy,Grad Deputy,Jeremiah_AI_v2_Standardized,Yes
PAL Program Director,Brooklyn (External),"Mentorship, Advocacy",Community Program,Youth Development,"Youth (12-21), East Brooklyn Community",429,Social Justice,,Advocacy and mentorship for youth 12-21 in East Brooklyn.,,PAL Mentorship and Advocacy Program (MAAP),Program Lead,Jeremiah_AI_v2_Standardized,Yes
Ms. Amani Reece,Medgar Evers College,"Volunteerism Promotion, Civic Responsibility",Civic Engagement,Community Engagement,"Students, General Public",426,Civic Responsibility,,Encourages volunteerism and civic responsibility,,Community Engagement & Volunteerism Initiative,Director of Student Life & Development,Jeremiah_AI_v2_Standardized,Yes
Kelly Spivey,Brooklyn College,Leadership,Faculty/Staff,LGBTQ+,LGBTQ+ Individuals,428,,,,,LGBTQ+ Resource Center,Director,Jeremiah_AI_v2_Standardized,Yes
Marisa Joseph,Kingsborough CC,"Partnership Development, Program Oversight",Faculty Research,"Service Learning, Experiential Education","Students, Community Partners",434,,,Oversees service learning partnerships & experiential education,,Service-Learning Program / Career Services,Director,Jeremiah_AI_v2_Standardized,Yes
Ms. Althea Hickson,Medgar Evers College,Community Development,Community Engagement,NYCHA Developments,"Low-Income Families, Residents of NYCHA Developments",430,,,Community centers in NYCHA developments,,Cornerstone Community Centers,,Jeremiah_AI_v2_Standardized,Yes
Prof. MJ Robinson,Brooklyn College,,Faculty,Journalism,General Public,433,,,,,Journalism & Media Studies Program,Chair,Jeremiah_AI_v2_Standardized,Yes
Distinctions Journal,Kingsborough CC,"Publication Management, Fact-Based Work Promotion",Faculty Research,"Academia, Research","Students, Scholars",431,Education,,Publishes student scholarly articles; promotes research and fact-based work,,Honors Academic Journal,Faculty,Jeremiah_AI_v2_Standardized,Yes
Dr. Brenda Greene,Medgar Evers College,Media Production,Media/Journalism,Black Culture,"Writers, General Public",432,,,Radio program highlighting Black writers,,MEC Radio – Writers on Writing,,Jeremiah_AI_v2_Standardized,Yes
Peter Holoman,Medgar Evers College,"Internship Placement, Program Leadership",Civic Engagement,"Nonprofit, Small Business","Students, Nonprofits, Small Businesses",439,,,"Paid internships with nonprofits and small businesses | Program lead (Senior Director, Student Success).",,Brooklyn Recovery Corps,,Jeremiah_AI_v2_Standardized,Yes
Volunteer Resources Coordinator,Brooklyn (External),"Tutoring, Mentoring, Volunteer Coordination",Community Program,Education,"Youth, General Public",435,,,"Coordinates tutoring, mentoring, and volunteer opportunities.",,Brooklyn Public Library – Volunteer Programs,Coordinator,Jeremiah_AI_v2_Standardized,Yes
Thaddeus Canty,Brooklyn (External),"Mentoring, Education, Civic Engagement",Community Program,Youth Development,Youth (16-24),438,,,"Supports youth (16-24) with mentoring, education, and civic engagement.",,RiseBoro Next STEPS,Program Manager,Jeremiah_AI_v2_Standardized,Yes
Magner Career Center,Brooklyn College,Campus Liaison,Faculty/Staff,,CUNY Students,436,,,,,CUNY Cultural Corps,Campus Liaison,Jeremiah_AI_v2_Standardized,Yes
"Elite Learners, Inc.",Brooklyn (External),"Mentorship, Program Development, Anti-Violence Initiatives",Community Program,"Education, Youth Development","Youth, Athletes",437,,,"Offers athletic, educational, mentorship, and anti-violence programs.",,Elite Learners Mentorship Programs,Leadership Team,Jeremiah_AI_v2_Standardized,Yes
Michael Rodriguez,Kingsborough CC,"Leadership, Mentoring",Student Opportunity,Men's Issues,"Men, Youth",444,,,Leads men’s resource center and peer mentoring efforts.,,Men’s Resource Center / Peer Mentoring Programs,Program Director,Jeremiah_AI_v2_Standardized,Yes
James Connelly,Brooklyn (External),"Mentoring, Leadership Development",Community Program,Youth Development,Young Men,443,,,Youth mentoring and leadership for young men.,,RiseBoro Ali’s Men,Program Lead,Jeremiah_AI_v2_Standardized,Yes
Aaron Brijbukhan,Brooklyn College,Leadership,Student Org Leader,Veterans,Veteran Students,442,,,,,Veteran Students’ Organization,President,Jeremiah_AI_v2_Standardized,Yes
Denis Jacobs,Kingsborough CC,"Peer Wellness Workshops, Public Health",Student Opportunity,Health Education,"Students, General Public",441,,,"Promotes health education, peer wellness workshops, and public health",,Community Health Club,Student Org Leader,Jeremiah_AI_v2_Standardized,Yes
Magner Career Center,Brooklyn College,Campus Liaison,Faculty/Staff,,CUNY Students,440,,,,,CUNY Service Corps,Campus Liaison,Jeremiah_AI_v2_Standardized,Yes
Entrepreneurship & Technology Club Advisor,Medgar Evers College,Student Group Leadership,Student Opportunity,"Entrepreneurship, Technology",Students,447,,,Tech entrepreneurship student group,,Entrepreneurship & Technology Club,Club Advisor,Jeremiah_AI_v2_Standardized,Yes
Dr. Zulema Blair,Medgar Evers College,"Research, Leadership",Policy Research,Public Policy,Communities of Color,449,Social Justice,,Policy research for communities of color | Interim Executive Director (DBC).,,DuBois Bunche Center for Public Policy,,Jeremiah_AI_v2_Standardized,Yes
WKRB Radio,Kingsborough CC,"Training, Broadcasting",Student Opportunity,Media,"Students, Brooklyn Community",448,,,"Campus radio station broadcasting to Brooklyn, training students in media",,WKRB 90.3 FM Campus Radio,Student Org Leader,Jeremiah_AI_v2_Standardized,Yes
Shadiq Williams,Brooklyn College,Program Coordination,Faculty/Staff,Education,Black and Latino Males,446,,,,,Black & Latino Male Initiative,Program Coordinator,Jeremiah_AI_v2_Standardized,Yes
Dr. Joanna Maulbeck,Kingsborough CC,Curriculum Integration,Faculty Research,Civic Engagement,Students,445,Civic Engagement,,"Faculty co-director, integrates civic engagement into curriculum",,Center for Civic Engagement / Civic Engagement Requirement,Faculty,Jeremiah_AI_v2_Standardized,Yes
Cheryl Todmann,Kingsborough CC,Student Democracy Engagement Initiative Leadership,Faculty Research,Democracy Engagement,Students,451,Civic Engagement,,Leads student democracy engagement initiatives such as KCC Votes,,Student Union & Intercultural Center (SU&IC),Faculty,Jeremiah_AI_v2_Standardized,Yes
Prof. Lynda Day,Brooklyn College,,Faculty,Africana Studies,Students,450,,,,,Dept. of Africana Studies,Chair,Jeremiah_AI_v2_Standardized,Yes
NYPIRG Program Coordinator,Brooklyn College,Coordination,Student Opportunity,,Students,452,,,,,NYPIRG Brooklyn College Chapter,Coordinator,Jeremiah_AI_v2_Standardized,Yes
Scepter Newspaper,Kingsborough CC,"Journalism, Student Leadership",Student Opportunity,"Campus News, Civic Engagement","Students, General Public",453,Civic Engagement,,Student-run paper covering campus news and civic engagement issues,,Scepter Student Newspaper,Student Org Leader,Jeremiah_AI_v2_Standardized,Yes
Da’Nashja Davis,Brooklyn College,"Registration Coordination, Empowerment",Student Opportunity,Voting Rights,Electorate,457,Civic Engagement,,,,Voter Registration & Empowerment Initiative,Voter Registration Coordinator,Jeremiah_AI_v2_Standardized,Yes
Dr. Brenda M. Greene,Medgar Evers College,"Program Development, Event Hosting",Cultural Empowerment,Literature,"Writers, Literary Enthusiasts",454,,,"Promotes Black literature and storytelling | Founder/Host, Writers on Writing (use for direct literary contact).",,Center for Black Literature,Executive Director,Jeremiah_AI_v2_Standardized,Yes
Ms. Laura P. James,Medgar Evers College,Program Coordination,Community Engagement,Youth Employment,Youth,458,,,Summer youth employment program,,Summer Youth Employment Program (SYEP),SYEP Coordinator,Jeremiah_AI_v2_Standardized,Yes
Dr. Iris Billy,Medgar Evers College,"Training, Lab Management",Innovation/Entrepreneurship,Entrepreneurship,"Students, Entrepreneurs",455,,,Entrepreneurship training and lab,,Entrepreneurship Experiential Learning Lab,Director,Jeremiah_AI_v2_Standardized,Yes
Fitz Richardson,Medgar Evers College,"Proxy Facilitation, Student Development",Media/Journalism,Media Training,"Students, Faculty/Staff",456,Mass Communications,,Student-run radio for media training | Faculty/Staff Advisor proxy via Mass Communications (Radio/TV Studio).,,Radio Nation (Student Radio),Club Advisor/President,Jeremiah_AI_v2_Standardized,Yes
"Lurie Daniel Favors, Esq.",Medgar Evers College,"Civic Advocacy, Leadership",Community Advocacy,"Law, Social Justice","Racially-Challenged Individuals, General Public",460,Justice,,Racial justice and civic advocacy center | Executive Director (CLSJ).,,Center for Law and Social Justice,Executive Director,Jeremiah_AI_v2_Standardized,Yes
A. Andrews ,York College,Service Coordination,Faculty Research,"Service, Civic Engagement",General Public,464,,,Directly in the service & civic engagement space.Â ,,"Center for Leadership, Service, and Civic Engagement",Staff,Jeremiah_AI_v2_Standardized,Yes
Dr. Zulema Blair,Medgar Evers College,Project Coordination,Civic Engagement,Democracy,Campus Community,461,National Democracy Project,,National democracy project chapter at MEC,,American Democracy Project (MEC Chapter),ADP Campus Coordinator,Jeremiah_AI_v2_Standardized,Yes
Dr. Zulema Blair,Medgar Evers College,"Civic Engagement Fostering, Faculty Advising",Civic Engagement,Public Administration,"Students, General Public",462,Civic Engagement,,"Public admin student org fostering civic engagement | Faculty Advisor (Chair, Public Administration).",,Medgar Evers College Society of Public Administration (MECSPA),Student Org Advisor,Jeremiah_AI_v2_Standardized,Yes
Dr. Waleek Boone,Medgar Evers College,"Service Delivery, Leadership",Student Support,"Homelessness, Food Security","Homeless Individuals, Food-Insecure Students",463,Social Justice,,Supports homeless and food-insecure students | Director of Transition Academy.,,Transition Academy & Food Pantry,Director,Jeremiah_AI_v2_Standardized,Yes
Prof. María Pérez y González,Brooklyn College,,Faculty,Puerto Rican & Latino Studies,Students,459,,,,,Dept. of Puerto Rican & Latino Studies,Chair,Jeremiah_AI_v2_Standardized,Yes
Emalinda McSpadden,Bronx Community College,Committee Membership,Student Opportunity,Mental Health,Subcommittee Members,466,,,"who is also an active member of the Mental Health, Wellness & Security subcommittee.",,"Mental Health, Wellness & Security subcommittee.",Faculty,Jeremiah_AI_v2_Standardized,Yes
Andrew Bennett,Guttman Community College,"CampusGroups Management, Voter Registration and Engagement, Partnerships and Training, Promoting Public Service Careers",Student Support,"Student Life, Civic Engagement, Community Development","Students, Alumni, General Public",465,"Civic Reform, Public Service",,"
As Director of Student Life, Bennett and his team support civic engagement and community development through these activities: 
• CampusGroups management: They administer CampusGroups, a platform where students can find events, join clubs, and engage in campus activities.
• Voter registration and engagement:
 Through the Guttman Votes initiative, they encourage voter registration
 and active political participation, regularly holding on-campus 
registration drives.
• Partnerships and training:
 They arrange partnerships to provide students with training in 
leadership and pragmatic problem-solving, with the goal of encouraging 
students to become active community leaders.
• Promoting public service careers:
 They organize information sessions to introduce students and alumni to 
career opportunities in government and public service, such as those 
with NYC Service AmeriCorps.",,Director of Student Life and Voter Registration Coordinator,Director,Jeremiah_AI_v2_Standardized,Yes
Sissel McCarthy ,Hunter College,Program Oversight,Faculty Research,Journalism,Students,469,,,Oversees the program where students maintain and built online portfolios and websites ,,Director of the journalism program ,Staff,Jeremiah_AI_v2_Standardized,Yes
Pam Judd,Guttman Community College,"Mentoring, Career Readiness, Networking, Advocacy, Event Organization",Innovation/Entrepreneurship,"Disability Rights, Employment Opportunities","College Students with Disabilities, First-Generation Students, Veterans, Individuals from Various Backgrounds",467,"Disability Pride and Independence, Disability Advocacy & Career Summit, College Students with Disabilities Advocacy Month",,"Based in the Bronx, New York, ImpactAbility and Image Impact International's mission is to fight for equal access to employment opportunities for college students with disabilities. They do this through several community-based programs and initiatives: 
• CareerReady!: An intergenerational mentoring and career readiness certificate program for college students and alumni with disabilities.
• Networking events: Organizing events to help students with disabilities connect with professionals.
• Disability Advocacy & Career Summit: A recurring event that focuses on disability advocacy, career development, and networking for students.
• Advocacy:
 The organization champions disability rights and celebrates Disability 
Pride and Independence days. It also sponsors College Students with 
Disabilities Advocacy Month each October. 
• The
 organization primarily serves students within the City University of 
New York (CUNY) system, focusing on providing support to a diverse group
 of first-generation students, veterans, and individuals from various 
backgrounds.",,is the President and founder of the organization ImpactAbility and Image Impact International,Industry Partner,Jeremiah_AI_v2_Standardized,Yes
Lucina Hall-Pearson,Craig Newmark Graduate School of Journalism,Professional Development,Student Opportunity,NonProfit,Professionals,471,,,Associate Director of Professional Development,,NonProfit News Business Certificate Program,Faculty,Jeremiah_AI_v2_Standardized,Yes
Chelsea Lavington,Queens College,"Recruitment, Program Development",Faculty Research,Higher Education,Incoming Students,470,,,Could help reach incoming students / recruit for programs early,,Director of Undergraduate Admissions,Staff,Jeremiah_AI_v2_Standardized,Yes
Teleisha Stewart,John Jay College,"Mentoring, Support",Faculty Research,Education,SEEK Students,468,,,SEEK Peer Mentor Program peer mentoring & support for SEEK students,,SEEK mentor ,Staff,Jeremiah_AI_v2_Standardized,Yes
Lindsay Kazi,School of Labor & Urban Studies,Wellness Counseling,Student Support,Counseling,Students,476,,,Wellness Counselor at SLU,,Counseling and Wellness Service at CUNY SLU,Faculty,Jeremiah_AI_v2_Standardized,Yes
Wahidur Roni,Queens College,Program Management,Faculty Research,Disabilities,Students with Disabilities,475,,,Oversees Special Services for Students with Disabilities,,Interim Associate Director,Staff,Jeremiah_AI_v2_Standardized,Yes
Jordan Guillén Perry,John Jay College,"Navigation, Pathways",Faculty Research,Justice & Opportunity,"Students, General Public",474,Justice,,"Institute for Justice & Opportunity, Navigator/Pathways",,Director of College & Career Pathways,Staff,Jeremiah_AI_v2_Standardized,Yes
Dr. Nevin Cohen,School of Public Health,Leadership,Faculty Research,Urban Food Policy,Academia,472,,,Director of Urban Food Policy Institute,,Urban Food Policy Institute of CUNY SPH,Faculty,Jeremiah_AI_v2_Standardized,Yes
Rachel Romain ,LaGuardia CC,"Mentorship, Academic Support",Faculty Research,Education,"Students, College Community",473,,,BMEC is a community of students connected to each other and the college through academic support services and mentorships,,manager of BMEC,Staff,Jeremiah_AI_v2_Standardized,Yes
Peter Jackson,Hunter College,Logistics/Production Support,Faculty Research,Digital Media,,477,,,He is involved in digital media logistics/production support,,"Chief Digital Media, CLT & Production Coordinator",Staff,Jeremiah_AI_v2_Standardized,Yes
June Jimenez,Guttman Community College,"Grantmaking, Participatory Grantmaking, Addressing Systemic Challenges, COVID-19 Relief Effort",Civic Leadership & Innovation,"Community Development, Grantmaking, Health, Economic Security, Equity and Justice, Education, Digital Equity","Bronxites, Nonprofits, Stakeholders",478,"Community Power, Eradicating Inequity, Building Sustainable Futures",,"
The Bronx Community Foundation's stated mission is to support and invest
 in community power to eradicate inequity and build sustainable futures 
for all Bronxites. It is the first and only community foundation 
dedicated solely to the borough. According to its public statements and website, the foundation engages in the following activities:
• Grantmaking:
 The foundation awards grants to Bronx-based nonprofits in focus areas 
such as community, health, economic security, and equity and justice. In
 late 2024, it awarded $150,000 to 15 local nonprofits and announced a 
new request for proposals.
• Community-driven initiatives:
 The BCF works with stakeholders from various sectors to identify 
problems and co-create solutions. Its participatory grantmaking model is
 designed to reflect the community's priorities.
• Addressing systemic challenges:
 The foundation focuses on long-term systemic change in areas like 
health, economic security, education, and digital equity. Recent 
announcements in 2025 have focused on digital literacy and broadband 
access.
• COVID-19 relief effort:
 In 2020, the BCF launched a major relief effort that raised and 
distributed over $10 million in resources to address urgent needs 
related to the pandemic.",,Interim Executive Director Bronx Community Foundation,Industry Partner,Jeremiah_AI_v2_Standardized,Yes
Kya Simmons,Queens College,Ecosystem Management,Faculty Research,"Student Engagement, Service Ecosystem",Students,479,,,she helps manage the entire student engagement + service ecosystem,,Associate Director of Student Development and Leadership,Staff,Jeremiah_AI_v2_Standardized,Yes
Dr. Maryam Esfarayeni,School of Labor & Urban Studies,Main Contact,Faculty Research,Workforce Development,General Public,482,,,Main Contact,,Workforce Development Research Program,Faculty,Jeremiah_AI_v2_Standardized,Yes
Valdon Battice,Guttman Community College,"Event Coverage, Content Creation, Photography Techniques, Videography, Portfolio Development",Student Media,"Media Production, Visual Storytelling","Guttman Community College Students, Aspiring Photographers, Videographers, Content Creators",480,,,"
GMG is a creative student club for aspiring photographers, 
videographers, and content creators. Its mission is to capture campus 
life and develop students' media production skills. For the Guttman Community College community, the group:
• Provides event coverage: GMG members attend and take pictures at campus events, providing visual content that documents college activities.
• Fosters a creative community: The group offers a space for students with a shared interest in visual storytelling to connect and collaborate.
• Develops student skills: Students can learn photography techniques, improve their videography, and sharpen their content creation abilities.
• Helps build student portfolios: The events and projects undertaken by GMG help members build a body of work for their professional portfolios. ",,Club Advisor for Guttman Media Group (GMG),Club Advisor,Jeremiah_AI_v2_Standardized,Yes
Cythia Dubose,Craig Newmark Graduate School of Journalism,,Student Opportunity,,,481,,,Lead Coach,,Executive Program,Faculty,Jeremiah_AI_v2_Standardized,Yes
Norka Blackman-Richards,Queens College,,Faculty Research,,,484,,,Oversees the seek program ,,Director of seek program ,Staff,Jeremiah_AI_v2_Standardized,Yes
Arianna Martinez ,John Jay College,Program Oversight,Faculty Research,Student Success,Students,483,,,Oversees the program ,,Coordinator of student success ,Staff,Jeremiah_AI_v2_Standardized,Yes
Jonathan Rubin,School of Labor & Urban Studies,Program Management,Student Opportunity,Education,Teachers,485,,,LEAP to Teacher Program Manager,,LEAP to Teacher Program,Faculty,Jeremiah_AI_v2_Standardized,Yes
lorenley baez ,LaGuardia CC,"Academic Services, Career Services",Faculty Research,Education,Latinx Students,486,,,Is the first center at a cuny community college offering comprehensive academic and career services to Latinx students ,,Director of casa de las americas ,Staff,Jeremiah_AI_v2_Standardized,Yes
Rhonda Mouton,LaGuardia CC,"Resource Connection, Referral Facilitation, Community Service Coordination",Faculty Research,Education,Students,488,,,"She helps connect students with resources, referrals, and local community service so they can stay in school",,Program Director of CARES,Staff,Jeremiah_AI_v2_Standardized,Yes
Erlyn Mendez,Hunter College,"Program Coordination, Student Preparation",Faculty Research,Education,"High School Students, Local Students",487,,,"College Now offers high school-level courses, college credit, preparation, bridging, often works with local students",,"Coordinator, College Now Program",Staff,Jeremiah_AI_v2_Standardized,Yes
Dr. Chris Palmedo,School of Public Health,"Inquiry, Academic Leadership",Faculty Research,"Health, Social Development","Higher Education, Public Health",489,Research,,Main Contact from SPH to inquire about COMBI; Clinical Professor,,Communication for Behavioral Impact (COMBI) Institute in Health and Social Development,Faculty,Jeremiah_AI_v2_Standardized,Yes
Muldy Flecher,John Jay College,Program Oversight,Faculty Research,Education,Students,490,,,Oversees the apple corps internship program ,,Internship Specialist for apple corps ,Staff,Jeremiah_AI_v2_Standardized,Yes
Michelle Garcia ,John Jay College,Program Oversight,Faculty Research,LGBT,LGBT Individuals,493,,,Oversees the lgbt program ,,Center contact for lgbt,Staff,Jeremiah_AI_v2_Standardized,Yes
Estefany Gonzaga,LaGuardia CC,Student Support,Faculty Research,Higher Education,Students,491,,,Helps student adjust to college life ,,Student success coordinator ,Staff,Jeremiah_AI_v2_Standardized,Yes
Deema bayrakdar,LaGuardia CC,"Mentoring, Advocacy, Mindfulness, Creativity",Faculty Research,Women's Issues,Women,492,,,"Oversees the program where they offer opportunities for mentoring, mindfulness, creativity, advocacy for women ",,Director of women center ,Staff,Jeremiah_AI_v2_Standardized,Yes
Edgardo sanabria ,John Jay College,Staff,Faculty Research,,,494,,,,,Associate Director ,Staff,Jeremiah_AI_v2_Standardized,Yes
Dr. Daniel Ambrose,Guttman Community College,"Leadership, Mentorship, Advocacy, Program Development, Data Analysis",Community Mentor,Education,"Students, Guidance Counselors, Parents",495,"Student Success, Retention and Graduation Rates",,"
As the Vice President, Dr. Ambrose provides leadership and direction for
 the Division of Enrollment Management and Student Affairs (EMSA). His 
work is guided by the college's 2022-2028 Strategic Enrollment 
Management Plan and focuses on a number of key areas: 
• Recruitment and Enrollment:
 He oversees efforts to attract and enroll new students through 
initiatives like campus tours, orientations, and meetings with guidance 
counselors and parents.
• Student Support Services:
 He provides executive oversight for programs and services that help 
students succeed by addressing their academic, social, and personal 
needs.
• Student Retention and Success: He uses data to develop and implement programs aimed at increasing student retention, persistence, and graduation rates.
• Advocacy and Mentorship: Described as a mentor to students, Dr. Ambrose advocates for their success.
• Financial Resources:
 He works to provide students with crucial financial resources, such as 
scholarships and emergency grants, to help them complete their education
 with little to no debt",, Vice President of Enrollment Management & Student Affairs,Vice President,Jeremiah_AI_v2_Standardized,Yes
Dr. Meredith Manze,School of Public Health,Investigation,Faculty Research,Health,Academia,496,,,Faculty Investigator,,Healthy CUNY with CUNY SPH,Faculty,Jeremiah_AI_v2_Standardized,Yes
Robert Pagan,Guttman Community College,"Partnership Facilitation, Career Readiness Support, Resource Provision, Transfer and Degree Pathways",Community Mentor,"Higher Education, Career Development, Food Security","Students, Employers, Academic Community",497,"Education, Community Development",,"
Through its partnerships, the office supports the community by 
connecting students and employers for career-building initiatives. This 
work serves both the academic and wider community through several 
programs: 
• Internships and jobs:
 Facilitates internships and job placements, with resources available 
through the Center for Career Preparation & Partnerships (CCPP).
• Career readiness programs:
 Helps students acquire skills for professional development, including 
resume writing, interviewing, and general career exploration.
• Food and support services: The Connect Center
 collaborates with external partners to offer free resources to 
students, such as grocery deliveries and a food pantry, that address 
potential barriers to completing their education.
• Transfers and degree pathways:
 Forges academic partnerships with four-year colleges to create 
streamlined pathways for students to complete their bachelor's degrees.
• Professional attire:
 Has a partnership with the nonprofit Bottomless Closet, which provides 
students with free professional clothing for job interviews.",,"Robert Pagan is the Senior Advisor for Partnerships, Alumni Engagement & Development",Faculty Advisor,Jeremiah_AI_v2_Standardized,Yes
Roy dale cox ,John Jay College,"Navigator, Fellowship Management",Faculty Research,Education,"Students, Community",500,Service,,"College & Career Pathways, Navigator, Pinkerton Fellowships (community-based service)",,Manager of development of IJ&O,Staff,Jeremiah_AI_v2_Standardized,Yes
Anthony carpi ,John Jay College,"Mentorship, Pathway Development",Faculty Research,Research,Academic Community,499,,,mentorship & research pathways,,Dean of Research; PRISM leadership ,Staff,Jeremiah_AI_v2_Standardized,Yes
Neisa Blackett,Guttman Community College,"Outreach, Student Leadership Development, Experiential Learning Opportunities, Mentorship and Support Programs, Partnerships for Community Service, Student and Family Resources",Faculty/Staff,Higher Education,"Students, Families",498,"Community Engagement, Civic Reform",,"
talk about her outreach projects nd other departments play
 a key role in serving the broader community. Their outreach and 
information sessions provide future students with an understanding of 
the college's innovative educational model. These activities are part of
 the college's wider engagement, which includes: 
• Student leadership development:
 The Office of Student Leadership & Campus Life offers leadership 
programs that prepare students for professional and community 
responsibilities through on- and off-campus engagement.
• Experiential learning opportunities: The curriculum incorporates hands-on learning through fieldwork, civic engagement, and internships.
• Mentorship and support programs:
 Groups like the United Men of Color (UMOC) and Women of GRIT promote 
community service, engagement, and leadership development among 
students.
• Partnerships for community service:
 Guttman has collaborated with organizations like The Citizens Campaign 
to offer training in ""no-blame"" problem-solving and provide 
opportunities for students to become citizen leaders.
• Student and family resources:
 The Connect Center assists enrolled students and their families with 
essential needs such as food, clothing, emergency grants, and other 
support services. ",,represent the college's outreach efforts,Staff,Jeremiah_AI_v2_Standardized,Yes
Ellen Quish ,LaGuardia CC,"Student Support, Program Development",Faculty Research,Higher Education,Students,502,,,Helps student adjust to college life ,,Director of first year programming & student success,Staff,Jeremiah_AI_v2_Standardized,Yes
David Brandt,LaGuardia CC,"Program Oversight, Student Support",Faculty Research,Education,Students,501,,,Helps oversee the program and helps students along the way ,,CTL coordinator ,Staff,Jeremiah_AI_v2_Standardized,Yes
Tiffany Munoz,Guttman Community College,"Academic Support, Financial Assistance, Career Development, Workforce Development",Community Mentor,"Higher Education, Social Mobility","Students, Low-Income Individuals, General Public",503,"Education, Employment",,"CUNY EDGE (Educate, Develop, Graduate, and Employ) is a City University of New York (CUNY) program that helps students who receive public assistance stay on track to graduate. The program and its director, Tiffany Munoz, provide several services that directly benefit the college and the wider community.Services for students:
• Academic support: The program offers workshops on study skills and advisement to help students stay enrolled and improve their academic standing.
• Financial assistance: CUNY EDGE provides students with meal money, metro cards, and support for other financial needs.
• Career development:
 Students gain valuable professional experience through the HRA 
Fellowship Program, which places them in paid work opportunities on 
campus. 
• Community benefits:
• Workforce development:
 By helping students develop job skills and gain work experience, the 
program contributes to the local workforce and prepares graduates for 
meaningful employment.
• Increased access to education:
 CUNY EDGE works to ensure that students facing financial hardship have 
the support they need to pursue higher education, ultimately improving 
social mobility.",,CUNY EDGE Director at Guttman Community College,Mentor,Jeremiah_AI_v2_Standardized,Yes
Carla Cordova Farfan,Queens College,Program Coordination,Faculty Research,Immigration,Immigrant Students,504,,,Oversees the Immigrant Student Support Initiative,,Program Coordinator,Staff,Jeremiah_AI_v2_Standardized,Yes
Dr. Nick Freudenberg,School of Public Health,"Leadership, Direction",Faculty Research,Health,"Academia, Public Health",505,,,Founder/Faculty Director,,Healthy CUNY with CUNY SPH,Faculty,Jeremiah_AI_v2_Standardized,Yes
Danna Russo ,LaGuardia CC,"Internship Placement, Leadership Development, Service Coordination, Fellowship Support",Faculty Research,Higher Education,"Students, Phi Theta Kappa Club",506,,,"Oversees the program where she helps students with internships, leadership, service, and fellowship ",,Contact advisor for phi theta kappa club,Staff,Jeremiah_AI_v2_Standardized,Yes
Victoria Sunseri,School of Public Health,"Project Management, Building Resilience",Faculty Research,Youth Development,Youth,508,,,Project Manager for Building Resilience in Youth,,Harlem Strong Program,Staff,Jeremiah_AI_v2_Standardized,Yes
Jay chopra ,John Jay College,"Mentorship, Peer Support",Faculty Research,Higher Education,First-Year/Transfer/Sophomore Students,509,,,Peer Success Coaches (SASP) peer mentorship for first-year/transfer/sophomore cohorts,,Peer Program Coordinator,Staff,Jeremiah_AI_v2_Standardized,Yes
Kyle Plantz,Craig Newmark Graduate School of Journalism,Program Direction,Student Opportunity,Leadership,General Public,507,,,Senior Director of Leadership Program,,Executive Program,Faculty,Jeremiah_AI_v2_Standardized,Yes
Emanuel Avila,Queens College,"Service Learning, Civic Responsibility",Faculty Research,Judicial Affairs,Formal Volunteer/Service-Learning Programs,511,,,"Because service learning and civic responsibility are part of his role, good link for formal volunteer/service-learning programs.",,Associate Director for Judicial Affairs & Service Learning,Staff,Jeremiah_AI_v2_Standardized,Yes
Dr. Penny Lewis,School of Labor & Urban Studies,Leadership,Admin,Academia,University Faculty,510,,,Professor; Chair of Personnel and Budget,,Academic Governance Council at SLU,Faculty,Jeremiah_AI_v2_Standardized,Yes
Sebastien Buttet,Guttman Community College,"Career Readiness, Mentoring, Workforce Development, Seamless Transfer",Innovation/Entrepreneurship,Business Education,"Guttman Community College Students, Minority and Low-Income Students",512,Social Mobility,,"
The Business Academy benefits the community by providing a clear, 
supportive pathway for Guttman Community College students to earn a 
bachelor's degree at Baruch's Zicklin School of Business. It directly 
addresses the goal of social mobility for a diverse, largely minority 
and low-income, student population. Key community contributions include:
• Seamless transfer:
 The academy provides a streamlined and guaranteed admission process to a
 highly-regarded four-year CUNY college, provided students meet the 
academic criteria.
• Career readiness:
 Students gain access to professional development services, career 
coaching, workshops, and networking events at both Guttman and Baruch.
• Mentoring: The program fosters a social network and provides peer and alumni mentoring.
• Workforce development: By equipping students with in-demand business skills, the program helps build a skilled local workforce.
• Increased opportunities: It creates opportunities for a diverse student body that may not have otherwise pursued a bachelor's degree in business.",,The lead faculty member for the Guttman-Baruch Business Academy is Professor Sebastien Buttet,Faculty,Jeremiah_AI_v2_Standardized,Yes
Robert Hieger ,Hunter College,Advising,Faculty Research,Health,Students,513,,,Helps students who aim for health profession tracks ,,Health advisor in the pre health advising office ,Staff,Jeremiah_AI_v2_Standardized,Yes
Suzanne Prabhu,Queens College,"Student-Centered Learning, Mastery-Based Education",Faculty Research,Education,"Students, Teachers",515,,," is a CUNY Early College Initiative school that provides engaging, student-centered, mastery-based learning to all students in grades 6 through 12.",,Director of Early College Liaison,Staff,Jeremiah_AI_v2_Standardized,Yes
Beena Raghavendran,Craig Newmark Graduate School of Journalism,Teaching,Student Opportunity,Journalism,Students,516,,,Adjunct Faculty,,Master’s Program in Engagement Journalism,Faculty,Jeremiah_AI_v2_Standardized,Yes
Tom angotti,Hunter College,Staff Support,Faculty Research,"Urban Planning, Community Engagement, Local Policy, Development","Faculty, Students",514,CCPD,,"CCPD works on urban planning, community engagement, local policy, and development ",,Faculty for CCPD ,Staff,Jeremiah_AI_v2_Standardized,Yes
Peter sclafani,Hunter College,"Event Planning, Public Dialogue Facilitation",Faculty Research,"Social Justice, Civic Issues, Policy","Students, General Public",517,Justice,,"Oversees the program where students host public dialogue, events on social justice, civic issue, and policy",,Chief of staff for Roosevelt house ,Staff,Jeremiah_AI_v2_Standardized,Yes
Katina Paron,Craig Newmark Graduate School of Journalism,Program Leadership,Student Opportunity,Journalism,General Public,522,,,Program Lead,,Journalism for All,Faculty,Jeremiah_AI_v2_Standardized,Yes
Nicholas Jones,York College,"Outreach, Service Coordination, Mentorship",Faculty Research,Student Affairs,Students,523,,,Handles enrollment and student affairs; good contact for outreach to many students and connecting with service/mentorship programs.,,"Executive Director of Enrollment Management, Student Affairs & Enrollment Management",Staff,Jeremiah_AI_v2_Standardized,Yes
Dr. Srivdhya Rajagopalan,School of Public Health,Project Management,Faculty Research,,Harlem Strong Program,518,,,Project Manager,,Harlem Strong Program,Staff,Jeremiah_AI_v2_Standardized,Yes
Dr. Stephanie Luce,School of Labor & Urban Studies,Leadership,Student Opportunity,Labor,Academics,521,,,Chair of the Labor Studies Department,,The Undergraduate Certificate in Labor Studies,Faculty,Jeremiah_AI_v2_Standardized,Yes
Makeda Jordan ,John Jay College,Gateway,Faculty Research,"Service, Advocacy",Student Groups,520,,,Gateway to student groups doing service/advocacy.,,Interim Director for CSIL ,Staff,Jeremiah_AI_v2_Standardized,Yes
Baz Dreisinger,John Jay College,"Pathways Development, Support Coordination",Faculty Research,"Higher Education, Reentry","Justice-Impacted Individuals, Students",524,Education,,higher-ed access & reentry support,,Founding Academic Director For prison to college pathways ,Staff,Jeremiah_AI_v2_Standardized,Yes
Jenny Estevez-Cray,Guttman Community College,"Mentorship, Skill-Building, Direct Assistance, Professional Connections, Networking",Mentorship,Education,"Students, Low-Income Communities, Community Members",525,Postsecondary Education,,"
OneGoal works with schools in low-income communities to provide 
postsecondary advising and support to students. Their three-year 
program, which begins in a student's junior year of high school, is 
delivered as a credit-bearing class and focuses on: 
• Junior Year:
 Helps students develop their personal identity and professional 
aspirations, build academic skills, and create a list of potential 
postsecondary institutions.
• Senior Year: Assists students with postsecondary applications, financial aid, and preparing for obstacles during the transition.
• First Postsecondary Year: Provides continued support to students as they navigate their first year of college or other postsecondary paths. 
• How does it help students who volunteer?The program primarily serves students, or ""Fellows,"" as they navigate the path to postsecondary education. However, https://www.onegoal.org/
 also offers volunteer opportunities for community members and mentors, 
which can provide benefits to student volunteers (Fellows) in several 
ways: 
• Mentorship:
 Fellows are matched with mentors for short-term or long-term 
activities, which offers individualized support for navigating their 
postsecondary path.
• Skill-Building:
 Mentors and volunteers can help Fellows strengthen skills crucial for 
their future, such as interviewing, resume writing, essay editing, and 
networking.
• Direct Assistance:
 Volunteers can provide hands-on help with the postsecondary application
 process, including financial aid applications like the FAFSA.
• Professional Connections:
 Interaction with community volunteers gives students opportunities to 
practice professional conversations, build their network, and receive 
feedback to improve their communication skills.
• Networking: Connecting with mentors and volunteers expands students' networks, which can lead to academic and career connections.",, OneGoal (New York)  Managing Director of Partnerships & Growth,Industry Partner,Jeremiah_AI_v2_Standardized,Yes
Feli Carrique,Craig Newmark Graduate School of Journalism,Executive Direction,Media/Journalism,News,Industry,526,,,NPA Executive Director,,The News Product Management,Industry Partner,Jeremiah_AI_v2_Standardized,Yes
Pratikkumar Rathod ,LaGuardia CC,"Facilitation, Promotion",Faculty Research,Research,Students,529,,,Helps promote and facilitate research experiences for students ,,Chair of undergraduate research day,Staff,Jeremiah_AI_v2_Standardized,Yes
Dennis Torres,Queens College,"Mentorship, Service Coordination",Faculty Research,Veterans' Affairs,"Veterans, Military Personnel",530,,,Good for services targeted to veterans; mentorship with unique lived experience.,,Associate Director for Veterans & Military Support Services / ROTC Liaison,Staff,Jeremiah_AI_v2_Standardized,Yes
Meryl Mintzer,Queens College,Program Coordination,Faculty Research,Education,Students,527,,,Oversees the CUNY EDGE Program ,,CUBY EDGE Program coordinator ,Staff,Jeremiah_AI_v2_Standardized,Yes
Frank LaTerra-Bellino,LaGuardia CC,"Assistance, Development",Faculty Research,Wellness,College Students,528,,,"Oversees the program where they assist you in your intellectual, emotional, and social development in college ",,Director of the wellness center ,Staff,Jeremiah_AI_v2_Standardized,Yes
Jennifer Hernandez ,John Jay College,Program Oversight,Faculty Research,Program Leadership,,532,,,Oversees the program ,,APPLE Corps (program leadership),Staff,Jeremiah_AI_v2_Standardized,Yes
Gianna Dell'Olio,Guttman Community College,"Job Training, Placement Services, Financial Counseling, Career Guidance, Volunteering, Networking, Resume Building, Academic Credit",Mentorship,"Social Services, Economic Development, Health and Wellness, Immigration, Legal Services","Bronx Residents, College Students, Seniors, Individuals with Chronic Illnesses, Foreign-Born Residents",531,"Social Responsibility, Community Development",,"
BronxWorks aims to help individuals and families improve their economic 
and social well-being. It provides a wide range of services to thousands
 of Bronx residents, from toddlers to seniors. Its programs include: 
• Homelessness services: Providing emergency shelter, drop-in centers, and prevention services to help families and individuals avoid homelessness.
• Workforce development:
 Offering job training, placement services, financial counseling, and 
career guidance to help people become financially independent.
• Children and youth programs: Operating after-school and summer camp programs, college preparatory services, and literacy and arts enrichment activities.
• Senior services: Providing a variety of programs for older adults to help them lead active and independent lives.
• Health and wellness:
 Offering health education, access to fresh and healthy food through 
farm stands and food pantries, and programs for people with chronic 
illnesses.
• Immigration services: Assisting foreign-born residents with legal and citizenship applications.
• Legal services: Providing eviction prevention assistance and other legal help. 
• How volunteering helps college studentsCollege students who volunteer with https://bronxworks.org/ can gain valuable experience and develop skills while giving back to the community.
• Career exploration: Volunteering exposes students to different aspects of social services, potentially clarifying their career goals.
• Practical skills: It offers hands-on experience, allowing students to apply classroom learning to real-world situations.
• Networking: It provides opportunities to work alongside professionals and connect with other community members, building their network.
• Resume building: Community service is a positive addition to a resume, demonstrating a student's commitment to social responsibility.
• Academic credit: Some colleges or academic programs may offer credit for community service.
• Personal growth:
 It encourages students to engage with their environment and can help 
them better understand the challenges facing different communities.",,BronxWorks Director of Advancement and Communications,Industry Partner,Jeremiah_AI_v2_Standardized,Yes
Linda chesney ,York College,"Internship Coordination, Service-Learning Facilitation, Civic Work Opportunities",Faculty Research,Career Development,"Students, Community Members",533,,,"Her office coordinates community-facing internships, service-learning, and civic work opportunities ",,the Director of Career Services,Staff,Jeremiah_AI_v2_Standardized,Yes
Elizabeth Marcello ,Hunter College,"Accountability, Representation, Public Authorities",Faculty Research,Public Policy,General Public,535,,,"Her academic public policy interests include accountability, representation, and public authorities ",,Doctoral lecturer ,Staff,Jeremiah_AI_v2_Standardized,Yes
Caroline Gelman ,Hunter College,"Mentoring, Tutoring, Supportive Services",Faculty Research,Education,High School Students at Risk,537,,,"LPP is a program that serves high school students at risk, with mentoring, tutoring, supportive services.",,Executive Director of LPP,Staff,Jeremiah_AI_v2_Standardized,Yes
Dr. Lisa Brundage,Macaulay Honors,Research,Faculty Research,Education,Undergraduate Students,534,,,Member of CURC,,CUNY Undergraduate Research Council(CURC),Faculty,Jeremiah_AI_v2_Standardized,Yes
Sonya evariste ,LaGuardia CC,Child Growth Development Support,Faculty Research,Early Childhood Learning,Students,538,,,Helps students with child growth & development ,,Program Director of early childhood learning center ,Staff,Jeremiah_AI_v2_Standardized,Yes
Stephen Lassonde,Hunter College,"Mentoring, Fellowship Opportunities",Faculty Research,Education,Students,536,,,Oversees the program where he helps students with fellowship opportunities and helps them with mentoring ,,Director of prestigious scholarships and fellowships ,Staff,Jeremiah_AI_v2_Standardized,Yes
Dr. Sofya Aptekar,School of Labor & Urban Studies,"Leadership, Curriculum Development",Admin,Academia,Faculty Members,541,,,Associate Professor; Chair of Curriculum Committee,,Academic Governance Council at SLU,Faculty,Jeremiah_AI_v2_Standardized,Yes
Dr. Everold N. Hosein,School of Public Health,Leadership,Faculty Research,"Health, Social Development",General Public,539,,,President,,Communication for Behavioral Impact(COMBI) Institute in Health and Social Development,Industry Partner,Jeremiah_AI_v2_Standardized,Yes
Dr. Steven London,School of Labor & Urban Studies,Chair,Admin,Urban Studies,Academic Community,540,,,Associate Professor; Urban Studies Chair,,Academic Governance Council,Faculty,Jeremiah_AI_v2_Standardized,Yes
Melissa Gomez,Guttman Community College,"Career and Education, Counseling and Health, Legal Assistance, Housing Support, Arts and Recreation, Mentorship and Networking, Skill Development, Making a Tangible Impact",Mentorship,"Youth Development, Education, Healthcare, Legal Services, Housing Support, Arts & Recreation, LGBTQIA+ Services","New York City Youth, College Students, LGBTQIA+ Individuals",542,"Social Justice, Community Development",,"Community contributions The
 Door uses a comprehensive, ""whole-person"" approach to provide services 
for New York City youth in a variety of areas. Its programs include: 
• Career and Education: High school equivalency and college preparation, job training, internships, and leadership programs.
• Counseling and Health: Health care, mental health counseling, and nutrition services.
• Legal Services: Free legal assistance for civil matters, including immigration, housing, and family law.
• Housing Support: Supportive housing and services for homeless and runaway youth.
• Arts and Recreation: Programs focused on creative expression and physical activity.
• LGBTQIA+ Services: Specialized programming, including health and gender-affirming services. 
• Benefits for college student volunteersCollege students can volunteer at The Door through its internship and pro-bono programs, particularly in its Legal Services Center. These opportunities provide hands-on experience and professional development. Benefits include: 
• Gaining professional experience:
 Internships, such as those for aspiring social justice lawyers, provide
 practical experience in fields like direct social work, law, education,
 and community organizing.
• Mentorship and networking:
 Interns and volunteers work with experienced staff and connect with 
legal professionals, judges, and activists through activities like brown
 bag lunch series.
• Skill development: Volunteers and interns can hone skills in interviewing, assessment, and legal work.
• Making a tangible impact:
 Volunteers directly contribute to addressing the urgent legal and 
social needs of young New Yorkers by providing counsel and advocacy.",,Senior Director of Events & Partnerships at the The Door (Door of NY) ,Industry Partner,Jeremiah_AI_v2_Standardized,Yes
JC Carlson ,Queens College,Program Management,Faculty Research,Student Life,"Students, LGBTQIAA+",544,,,Oversees the student life program ,,Student Life Events Manager & LGBTQIAA+ Program Coordinator,Staff,Jeremiah_AI_v2_Standardized,Yes
Irene cheng ,Queens College,"Support Services, Program Development",Faculty Research,Student Wellness,Students,543,,,"For support services, student wellness; helps with holistic student programs.",,"Associate Director, Counseling Services",Staff,Jeremiah_AI_v2_Standardized,Yes
Emma Myint,Craig Newmark Graduate School of Journalism,Program Coordination,Student Opportunity,Education,Students,546,,,Educational Program Coordinator,,Journalism for All,Faculty,Jeremiah_AI_v2_Standardized,Yes
Francesca McLaren,School of Public Health,Project Management,Faculty Research,International,General Public,545,,,Project Manager of International Collaborations,,Harlem Strong Program,Staff,Jeremiah_AI_v2_Standardized,Yes
Diane Addison,School of Public Health,Project Management,Faculty Research,Population Health,,549,,,Senior Project Manager,,Institute for Implementation Science in Population Health,Faculty,Jeremiah_AI_v2_Standardized,Yes
Staff,Impact 100 NYC,"Collective Giving, Outreach",Foundation,"Nonprofit, Philanthropy","Women, Borough-Wide Nonprofits",547,,,"Women-led collective giving, borough-wide nonprofit support",,Transformational Grants,Admin / Outreach,Jeremiah_AI_v2_Standardized,Yes
Peggy sanchez ,Hunter College,"Mentorship, Guidance, Leadership Development, Behavioral Support",Faculty Research,Student Conduct,"Students, Student Leaders",548,Student Success,,"Runs student conduct but also connected to student support / guidance. Might be useful for mentorship/community programs that involve leadership, responsibility, and student behavior or support.",,"Director, Office of Student Conduct",Staff,Jeremiah_AI_v2_Standardized,Yes
Jennifer Cheng,Craig Newmark Graduate School of Journalism,"Research, Development",Media/Journalism,Media,General Public,550,,,Research and Development Associate for Center for Community Media,,Center for Community Media,Faculty,Jeremiah_AI_v2_Standardized,Yes
Janet Poppendieck,School of Public Health,Fellowship,Faculty Research,Urban Food Policy,Academia,552,,,Senior Faculty Fellow,,Urban Food Policy Institute of CUNY SPH,Faculty,Jeremiah_AI_v2_Standardized,Yes
Craig Willingham,School of Public Health,Management,Faculty Research,Food Policy,General Public,553,,,Managing Director of Urban Food Policy Institute,,Urban Food Policy Institute of CUNY SPH,Faculty,Jeremiah_AI_v2_Standardized,Yes
Danny Cordova,Guttman Community College,"Peer Mentoring, Academic Support, Leadership Development, Admissions Event Facilitation, Outreach",Mentorship,"Higher Education, Student Life","Students, New Students, Transfer Students, Wellness Ambassadors, General Public, Local High School Students",551,"Student Success, College Readiness",,"The Peer Mentoring Program serves both the Guttman student body and the broader community in several ways:
• Assists new students:
 Peer leaders help ease the transition from high school to college by 
working with new students during the mandatory Bridge Program and in 
first-year learning communities.
• Provides academic support:
 Peer mentors hold academic support sessions called ""Meet-Ups"" and work 
with faculty to provide focused assistance in classrooms, supporting 
student academic achievement.
• Supports special populations:
 The program features different types of mentors, including Transfer 
Mentors and Wellness Ambassadors, who assist specific groups of 
students.
• Facilitates admissions events: Peer mentors assist with college admissions events by giving campus tours and welcoming prospective students.
• Engages in outreach:
 Peer mentors have worked with external partners to extend support 
beyond the campus. An example of this was a partnership with a local 
high school to cultivate academic and college success skills.
• Enhances student leadership:
 By participating in the program, student mentors develop leadership and
 professional skills that prepare them for future careers.",,Associate Director of Student Life,Associate Director,Jeremiah_AI_v2_Standardized,Yes
Zavi Gunn,Queens College,Program Oversight,Faculty Research,Career Development,Students,556,,,Oversees the program ,,Director of Center for Career Engagement & Internships,Staff,Jeremiah_AI_v2_Standardized,Yes
Jeremy Caplan,Craig Newmark Graduate School of Journalism,Teaching and Learning,Student Opportunity,Education,Students,555,,,Director of Teaching and Learning,,Master’s Program in Engagement Journalism,Faculty,Jeremiah_AI_v2_Standardized,Yes
Harry Mars ,LaGuardia CC,"Case Referrals, Safety Management, Standards Enforcement, Concern Handling",Faculty Research,Student Affairs,Students,557,,,"A team handling student concerns, safety, standards, & case referrals ",,Dean of student affairs ,Staff,Jeremiah_AI_v2_Standardized,Yes
Susan Varghese,Guttman Community College,"One-on-One Mentoring, Crisis Counseling, Workshops and Events, Case Management, Family Advocacy",Mentorship,"Mentoring, Family Support, Youth Development, Community Development","Underserved Communities, Low-Income Neighborhoods, Children and Families, College Students",554,"Service, Community Awareness, Professional Development",,"What Bigs & Littles NYC does for the community
• Provides one-on-one mentoring:
 The organization matches adult volunteers (""Bigs"") with young people 
(""Littles"") aged 7 to 19. These pairs spend time together twice a month 
and stay in regular phone contact.
• Focuses on family support: Unlike other mentoring programs, https://www.google.com/viewer/place?mid=/g/1tzgkkdm&sa=X&ved=2ahUKEwivj4rBuOWPAxWVk4kEHYKlEUwQqdYPegQIBhAD
 provides intensive support for the entire family. Its Program Managers,
 who are trained social workers, offer crisis counseling, workshops, and
 referrals to resources for housing, mental health, and other needs. 
There is also a ""Mentoring Moms"" program to provide support to mothers.
• Offers life skills workshops:
 The organization hosts workshops and events focusing on academic 
success, college access, career readiness, and emotional and physical 
wellness.
• Targets underserved communities:
 The program focuses on serving children and families in New York City's
 low-income neighborhoods, particularly in the Bronx, Brooklyn, and 
Queens. 
• How it helps college student volunteersVolunteering as a ""Big"" provides valuable personal and professional experience for college students:
• Gain experience with children:
 It offers experience in youth development and child well-being, which 
is beneficial for students in education, social work, and related 
fields.
• Develop professional skills:
 Students enhance skills in communication, leadership, and 
problem-solving through their mentorship and training. With constant 
support from professional Program Managers, they also learn about case 
management and family advocacy.
• Increase community awareness:
 By working with youth and families in underserved communities, 
volunteers gain a deeper understanding of the challenges and resilience 
of different populations in NYC.
• Expand network:
 The program offers opportunities to connect with other ""Bigs"" and 
staff, expanding the student's professional and social network.
• Fulfill a commitment to service:
 Students are able to give back to the community and make a lasting, 
positive impact on a young person's life by serving as a positive role 
model",, Chief Executive Officer Bigs & Littles NYC Mentoring,Industry Partner,Jeremiah_AI_v2_Standardized,Yes
Patricia Lamberson,School of Public Health,Leadership,Faculty Research,Health,Academia,561,,,Deputy Director of Healthy CUNY with CUNY SPH,,Healthy CUNY with CUNY SPH,Faculty,Jeremiah_AI_v2_Standardized,Yes
Carla Zanoni,Craig Newmark Graduate School of Journalism,Program Direction,Student Opportunity,Journalism,Students,558,,,Director of the Engagement Journalism MA program,,Master’s Program in Engagement Journalism,Faculty,Jeremiah_AI_v2_Standardized,Yes
Julissa Russo,LaGuardia CC,Peer Advisor Coordination,Faculty Research,Higher Education,Students,560,,,She’s a peer advisor coordinator responsible for helping students navigate college life ,,Peer advisor Cordinator ,Staff,Jeremiah_AI_v2_Standardized,Yes
Jonathan Bowles,Guttman Community College,"Policy Analysis, Research, Advocacy, Program Development",Innovation/Entrepreneurship,"Urban Development, Education, Entrepreneurship, Public Spaces","New York City Residents, Immigrant Entrepreneurs, NYCHA Tenants, Students",559,"Urban Policy, Community Development",,"

The Center for an Urban Future is currently active and influential in 
New York City policy. The organization's research has directly 
influenced legislation and initiatives, with recent notable impacts on 
job creation, higher education, and support for entrepreneurs. Some of CUF's community-focused work includes:
• Higher education:
 A 2022 CUF report led to the creation of CUNY Reconnect, a program that
 helps adults complete their degrees. The initiative was championed by 
the City Council and has already helped thousands of people earn 
degrees.
• Entrepreneurship:
 CUF's work on immigrant entrepreneurship helped drive new programs to 
support this growing sector. The organization's research also helped 
inspire NYC Boss Up, a $1 million initiative that provides grants to 
entrepreneurs living in New York City Housing Authority (NYCHA) 
apartments.
• Public spaces:
 CUF has campaigned for increased funding for public libraries, which it
 advocates for as important community anchors. Following its efforts, 
libraries received a significant budget boost in 2016.
• Targeted policy analysis:
 The organization produces accessible, fact-based reports that often 
provide actionable policy ideas to address challenges facing the city. 
These reports elevate critical, often overlooked, issues for 
policymakers and business leaders. ",,Chief of Staff of the Center for an Urban Future (CUF),Industry Partner,Jeremiah_AI_v2_Standardized,Yes
Ria Banerjee,Guttman Community College,"Mentoring, Civic Engagement Facilitation, Learning Opportunity Provision, Pathway Creation, Access Enhancement",Community Program,Education,"Honors Students, Academically Motivated Individuals, Students from Diverse Backgrounds",562,"Community Involvement, Social Mobility",,"The Guttman Honors Program actively contributes to the community, both on campus and beyond, by:
• Fostering academic success: The program provides honors students with close mentoring from faculty and advisors to support their academic growth.
• Encouraging civic engagement:
 Through extracurricular activities, the program cultivates a sense of 
civic responsibility and community involvement among its students.
• Offering enhanced learning opportunities:
 The program creates a rich academic environment that promotes 
intellectual curiosity and prepares students for advanced studies or 
careers.
• Providing a pathway to senior colleges:
 For academically motivated students, the program offers a clear path to
 transfer into other CUNY honors programs and secures scholarships for 
further study.
• Ensuring broad access:
 The program is designed to provide opportunities for students from 
diverse backgrounds, including various age groups, ethnicities, and 
socioeconomic statuses",,Guttman Honors program's contact person,Program Lead,Jeremiah_AI_v2_Standardized,Yes
Patricia Jean,Guttman Community College,"Job Placement, Internship Placement, Career Advising, Workshop Facilitation, Partnership Building",Civic Leadership & Innovation,"Career Development, Workforce Development","Students, Professionals",563,Career Readiness,,"
the CCPP is still an active department at Guttman Community College. 
News articles published on the college's website in 2025 confirm the 
ongoing services and leadership of the CCPP team. The center offers a range of career readiness services, including:
• Job and internship opportunities: A Grizzly Jobs Portal is available to students.
• Career advising: The CCPP offers in-person and remote appointments with advisors.
• Workshops and panels: The center hosts career and industry panels with diverse professionals.
• Partnerships:
 The CCPP collaborates with other campus services, like the Career 
Innovation Hub, to provide students with workforce development and 
micro-credential opportunities. ",,Director of Center for Career Preparation and Partnerships (CCPP),Director,Jeremiah_AI_v2_Standardized,Yes
Stone Center on Socio-Economic Inequality ,Graduate Center,Hub Administration,Faculty Research,"Research, Inequality",Academic Community,564,Equity,,Major research hub on inequality; strong fit for INI’s equity mission.,,Research Center,Administrator,Jeremiah_AI_v2_Standardized,Yes
Neil Bennett,Baruch College,Research Leadership,Faculty Research,"Sociology, Demography",Academic Community,568,,,Leads demographic research and population studies,,"Professor, Sociology, Demography, QMSS; Coordinator of Demography",Faculty,Jeremiah_AI_v2_Standardized,Yes
Julia Bowling,CUNY Institute for State and Local Governance (ISLG),"Data Insights Amplification, Publicly Facing Projects",Faculty Research,Equality,General Public,567,,,"Works on equality indicators, publicly facing projects. Good for amplifying civic data insights",,Research Associate,Faculty,Jeremiah_AI_v2_Standardized,Yes
Amy Adamczyk,Graduate Center,"Research, Teaching",Faculty Research,"Sociology, Criminal Justice","Academics, Students",569,,,"Focuses on how different contexts shape people's deviant, criminal, and health-related attitudes and behaviors.",,"Professor of Sociology; Interim Deputy Executive Officer, Criminal Justice",Faculty,Jeremiah_AI_v2_Standardized,Yes
Erin Mayo-Adam,Graduate Center,Research Focus,Faculty Research,"Law, Rights, Political Inclusion","Academics, Students",565,Justice,,"Focus on law, rights, political inclusion (Hunter College affiliation)",,"Associate Professor, Political Science",Faculty,Jeremiah_AI_v2_Standardized,Yes
Students for Justice in Palestine Club,BMCC,"Advocacy, Civic Participation",Student Opportunity,Social Justice,General Public,566,Justice,,"Engages with social justice, advocacy, and civic participation",,Academic Club,club,Jeremiah_AI_v2_Standardized,Yes
Robert Smith,Graduate Center,,Faculty Research,"Social Welfare, Sociology, Political Science",,571,,,,,"Professor, Social Welfare, Sociology, Political Science ",Faculty,Jeremiah_AI_v2_Standardized,Yes
Bryan Weber,Graduate Center,Applied Econometrics,Faculty Research,"Urban Economics, Economics of Crime","Academics, Researchers",572,,,Focuses on applied econometrics in urban economics and the economics of crime,,Associate Professor of Economics,Faculty,Jeremiah_AI_v2_Standardized,Yes
Ashley Gaskew,Baruch College,,Faculty Research,Public Affairs,,573,,,,,"Assistant Professor, Public Affairs",Faculty,Jeremiah_AI_v2_Standardized,Yes
Stephanie Rosoff,CUNY Institute for State and Local Governance (ISLG),"Technical Collaboration, Staff Management",Faculty Research,"Research, Data Science",,570,,,Oversees research & data science staff; strong for technical/data-driven collaboration.,,Associate Research Director,Faculty,Jeremiah_AI_v2_Standardized,Yes
Jean Beaman,Graduate Center,Expertise,Faculty Research,"Migration, Equity, Social Integration","International Migration Studies, Sociology, Black, Race, and Ethnic Studies",574,,,"Expertise in migration, equity, and social integration",,"Associate Professor, Sociology, Black, Race, and Ethnic Studies, International Migration Studies",Faculty,Jeremiah_AI_v2_Standardized,Yes
You Zheng,Graduate Center,Research,Faculty Research,Labor Market,"Researchers, Professionals",576,,,Applied labor research,,"Senior Research Associate, NYC Labor Market Information Service",Faculty,Jeremiah_AI_v2_Standardized,Yes
Bin Chen,Baruch College,"Policy Analysis, GIS Application",Faculty Research,"Public Policy, Education","Students, Educators",577,Data-Driven Decision Making,,"Teaches educational policy, school equity, GIS & education — data / policy intersection",,"Professor, Public Affairs",Faculty,Jeremiah_AI_v2_Standardized,Yes
Jonathan Engel,Baruch College,Expertise,Faculty Research,"Public Finance, Public Policy",General Public,575,,,Expertise in public finance or public policy,,"Professor, Public Affairs",Faculty,Jeremiah_AI_v2_Standardized,Yes
Building Outstanding Leaders of Tomorrow (BOLT) ,BMCC,Training,Student Opportunity,Leadership,New/First-Semester Students,579,,,One-semester leadership training program,,Leadership Development Program (new/first-semester students),Career Office Staff,Jeremiah_AI_v2_Standardized,Yes
Annie Chen,CUNY Institute for State and Local Governance (ISLG),"Analytics, Data Modeling",Faculty Research,Data Science,Civic Data Community,578,CivicWire,,"Data modeling, analytics; good match for civic-data work & insights to feed into CivicWire",,Senior Data Scientist,Faculty,Jeremiah_AI_v2_Standardized,Yes
Deborah Balk,Baruch College,Expertise,Faculty Research,"Urbanization, Inequality, Climate, Demography","Academics, Researchers",582,,,"Expert on urbanization, inequality, climate, and demography",,"Professor, Economics, Sociology, Demography, QMSS",Faculty,Jeremiah_AI_v2_Standardized,Yes
Jessie Daniels,Graduate Center,"Digital Media Analysis, Misinformation Detection",Faculty Research,"Psychology, Sociology",General Public,581,Civic Narratives,,"Her work in digital media, race, misinformation fits well with CivicWires’ focus on civic narratives and data/tech",,"Professor, Psychology, Sociology",Faculty,Jeremiah_AI_v2_Standardized,Yes
Susan Buck-Morss,Graduate Center,Theorizing,Faculty Research,Political Science,"Academics, General Public",583,Democracy,,Prominent political theorist; works on democracy and global politics; ,,"Distinguished Professor, Political Science",Faculty,Jeremiah_AI_v2_Standardized,Yes
Samanta Leguizamon,Craig Newmark Graduate School of Journalism,Program Management,Media/Journalism,News,Industry Professionals,584,,,NPA Senior Program Manager,,The News Product Management,Industry Partner,Jeremiah_AI_v2_Standardized,Yes
Bruce Homer,Graduate Center,"Quantitative Methods, Expertise",Faculty Research,"Education, Psychology","Academics, Researchers",580,,,Expertise in quantitative methods and educational psychology,,"Professor, Educational Psychology, Quantitative Methods in the Social Sciences",Faculty,Jeremiah_AI_v2_Standardized,Yes
Monica P. San Juan,CUNY Institute for State and Local Governance (ISLG),"Logistical Partnership, Operational Coordination",Faculty Research,Administration,Administrative Professionals,588,,,Manages overall administrative operations. Useful for logistical or operational partnership conversations.,,Chief Administrative Officer & Aide to the Executive Director,Faculty,Jeremiah_AI_v2_Standardized,Yes
Jehangir Khattak,Craig Newmark Graduate School of Journalism,Communications,Media/Journalism,Media,General Public,586,,, Director of Communications for Center for Community Media,,Center for Community Media,Faculty,Jeremiah_AI_v2_Standardized,Yes
Carla Sinclair,CUNY Institute for State and Local Governance (ISLG),"Storytelling, Outreach",Faculty Research,Communications,General Public,585,INI's Goals,,"Communications role; important for amplifying work and visibility, which fits INI’s goals of storytelling & outreach.",,Senior Communications Associate,Faculty,Jeremiah_AI_v2_Standardized,Yes
David R. Eichenthal,Graduate Center,Research,Faculty Research,"Government, Policy",Academia,589,,,Scholar with government/policy experience,,"Visiting Research Scholar, CUR",Faculty,Jeremiah_AI_v2_Standardized,Yes
BMCC Model United Nations Club,BMCC,"Analysis, Liturature",Student Opportunity,"Governance, Civic Literacy, Policy Analysis",Academic,587,Civic,,"Strong fit — governance, civic literacy, and policy analysis.",,Academic Club,club,Jeremiah_AI_v2_Standardized,Yes
Ryan Smith,Baruch College,Research Focus,Faculty Research,"Sociology, Workplace Inequality","Academics, Professionals",593,,,"Focuses on workplace inequality, race, and labor markets. ",,"Professor, Sociology",Faculty,Jeremiah_AI_v2_Standardized,Yes
Felicia Arriaga,Baruch College,Community Engagement Teaching,Faculty Research,"Public Affairs, Nonprofit Sector","Students, General Public",594,Justice,,Studies public affairs / nonprofit sector; likely connected to community engagement teaching,,"Assistant Professor, Public Affairs",Faculty,Jeremiah_AI_v2_Standardized,Yes
Héctor Cordero-Guzmán,Baruch College,Scholarship,Faculty Research,"Sociology, Urban Education, Immigrant Communities, Nonprofit Sector, Social Policy","Immigrant Communities, General Public",591,,,"Nationally recognized scholar of immigrant communities, nonprofit sector, and social/urban policy. ",,"Professor, Sociology & Urban Education",Faculty,Jeremiah_AI_v2_Standardized,Yes
Brianne Donnelly,Macaulay Honors,Leadership,Mentorship,"Alumni Relations, Development",Macaulay Mentors Program Alumni,590,,,Associate Director of Alumni Relations and Development,,Macaulay Mentors Program,Director,Jeremiah_AI_v2_Standardized,Yes
Starr Career Development Center ,Baruch College,Placement Assistance,Student Opportunity,Career Development,Students,592,,,Helps place students in internships,,Career Services,Faculty,Jeremiah_AI_v2_Standardized,Yes
Janet Gornick,Graduate Center,Research Leadership,Faculty Research,Socio-Economic Inequality,"Academics, Researchers",597,Social Justice,,Leads the Stone Center (major research hub on inequality),,"Director, Stone Center on Socio-Economic Inequality; Professor, Political Science, Sociology, QMSS, Women’s & Gender Studies",Faculty,Jeremiah_AI_v2_Standardized,Yes
Talal Asad,Graduate Center,Expertise,Faculty Research,"Anthropology, Middle Eastern Studies","Academics, Researchers",598,,,"Expertise in religion, power, colonial effects, culture",,"Distinguished Professor Emeritus, Anthropology, Middle Eastern Studies",Faculty,Jeremiah_AI_v2_Standardized,Yes
Valerie Bauer,Graduate Center,"Mapping, Data Analysis",Faculty Research,"GIS, Spatial Data Analysis",,596,,,Works on mapping and spatial data analysis,,"GIS Analyst, CUNY Mapping Service",Faculty,Jeremiah_AI_v2_Standardized,Yes
Student Partners Lending Universal Support (PLUS),BMCC,Service Coordination,Student Opportunity,Volunteering,"Students, General Public",595,,,Service-based volunteering (on/off campus),,Service & Volunteer Program,Career Office Staff,Jeremiah_AI_v2_Standardized,Yes
Regina Bernard,Baruch College,,Faculty Research,"Urban Education, Black and Latino Studies",Students,600,,,,,"Associate Professor and Interim Chair of Black and Latino Studies, Urban Education",Faculty,Jeremiah_AI_v2_Standardized,Yes
Emily West ,CUNY Institute for State and Local Governance (ISLG),"Partnership Development, Collaboration",Faculty Research,Research,"Students, Researchers",599,,,Engaged in research with ISLG. Potential partner for student involvement or collaborative projects.,,Senior Research Associate,Faculty,Jeremiah_AI_v2_Standardized,Yes
Dr. Urszula Golebiewska,Queensborough CC,,Faculty Research,Research,Undergraduate Students,601,,,Member of CURC,,CUNY Undergraduate Research,Faculty,Jeremiah_AI_v2_Standardized,Yes
Douglas Israel,BMCC,Civic Visit Coordination,Faculty Research,"Government, Community",Students,602,Civic Engagement,,Leads government & community relations; coordinates student civic visits to Albany,,"Director, Government & Community Relations",Faculty,Jeremiah_AI_v2_Standardized,Yes
Anna D’Souza,Baruch College,"Policy Development, Service Delivery",Faculty Research,"Public Policy, Social Services",General Public,603,,,Works in public policy & social services,,"Associate Professor, Public Affairs",Faculty,Jeremiah_AI_v2_Standardized,Yes
John Mollenkopf,Graduate Center,"Leadership, Research Direction",Faculty Research,"Urban Research, Migration, Quantitative Methods","Academia, Researchers",607,,,Leads the center,,"Director, Center for Urban Research; Distinguished Professor (Political Science, Sociology, Migration, Quantitative Methods)",Faculty,Jeremiah_AI_v2_Standardized,Yes
Steven Romalewski,Graduate Center,Project Oversight,Faculty Research,"GIS, Mapping","Researchers, Urban Planners",608,,,Oversees GIS and mapping projects,,"Director, CUNY Mapping Service, Center for Urban Research",Faculty,Jeremiah_AI_v2_Standardized,Yes
Robin Harper,Graduate Center,,Faculty Research,"International Migration Studies, Political Science",Students,605,,,,,"Professor, International Migration Studies, Political Science",Faculty,Jeremiah_AI_v2_Standardized,Yes
Jaclyn Kelly,Graduate Center,Data Analysis,Faculty Research,Labor Market,Professionals,604,,,Focuses on labor market data,,"Director, New York City Labor Market Information Service",Faculty,Jeremiah_AI_v2_Standardized,Yes
Sharon Zukin,Graduate Center,"Teaching, Mentorship",Faculty Research,"Earth and Environmental Sciences, Sociology","PhD Students, Academics",609,,,Sharon Zukin is now professor emerita of sociology at Brooklyn College and at the CUNY Graduate Center but is still working with PhD students and will occasionally teach courses.,,"Professor Emerita, Earth and Environmental Sciences, Sociology",Faculty,Jeremiah_AI_v2_Standardized,Yes
Víctor Sierra Matute,Baruch College,Administration,Faculty Research,,Academia,606,,,Serving as Interim Director while Prof. Golob is on sabbatical,,Interim Director of ISLA ,Faculty,Jeremiah_AI_v2_Standardized,Yes
Jeremy Porter,Graduate Center,"Teaching, Research, Leadership",Faculty Research,"Sociology, Data Analysis and Visualization, Quantitative Methods in the Social Sciences","Academics, Students",612,,,,,"Professor, Sociology, Data Analysis and Visualization Director and Professor, Quantitative Methods in the Social Sciences",Faculty,Jeremiah_AI_v2_Standardized,Yes
"Center for Latin American, Caribbean & Latino Studies ",Graduate Center,"Cultural Understanding Promotion, Community Engagement",Faculty Research,"Latin American Studies, Caribbean Studies","Latinx Community, Caribbean Community, New York City Residents",611,,,"Promotes the study and understanding of Latin American and Caribbean cultures and the communities established in the United States, with a special focus on New York City",,Program / Director: Laird Bergad,Career Office Staff,Jeremiah_AI_v2_Standardized,Yes
Herman Bennett,Graduate Center,"Research Direction, Institutional Leadership",Faculty Research,"Black, Race, and Ethnic Studies, History, Africana Studies, American Studies, Global Early Modern Studies","Academics, Students of Color",613,,,,,"Executive Officer and Distinguished Professor, Black, Race, and Ethnic Studies Distinguished Professor, History, Africana Studies, American Studies, Global Early Modern Studies Director, Institute for Research on the African Diaspora in the Americas and the Caribbean (IRADAC)",Faculty,Jeremiah_AI_v2_Standardized,Yes
Alice Wheet,CUNY Institute for State and Local Governance (ISLG),"Implementation, Research",Faculty Research,Policy,"Government Officials, Researchers",610,Governance,,Policy work and implementation. Likely to be involved in bridging research  and actionable governance work.,,Senior Policy Associate,Faculty,Jeremiah_AI_v2_Standardized,Yes
Aliqae Geraci,Graduate Center,Teaching,Faculty Research,Education,Academic Community,614,,,,,"Critical Pedagogy Librarian and Assistant Professor, Library",Faculty,Jeremiah_AI_v2_Standardized,Yes
IMPACT Peer Mentoring Program,BMCC,"Mentoring, Leadership Development, Retention",Community Mentor,Education,Underrepresented Students,616,,,"Focuses on leadership, mentoring, and retention of underrepresented students",,Peer Mentoring Program,Mentor,Jeremiah_AI_v2_Standardized,Yes
Ryan Coughlan,Baruch College,"Policy Development, Equity Advocacy",Faculty Research,"Public Policy, Education","Students, Educators",615,,,"Works in educational policy, school equity",,"Associate Professor, Public Affairs",Faculty,Jeremiah_AI_v2_Standardized,Yes
Leticia Arroyo Abad,Graduate Center,Expertise,Faculty Research,"Economic Development, Policy Analysis",General Public,617,,,Expertise in economic development and policy analysis,,Deputy Executive Officer and Associate Professor of Economics,Faculty,Jeremiah_AI_v2_Standardized,Yes
William Casey Boland,Baruch College,Research Methods,Faculty Research,Public Affairs,Higher Education,619,,,Works on research methods and higher ed policy,,"Assistant Professor, Public Affairs",Faculty,Jeremiah_AI_v2_Standardized,Yes
David Brotherton,Graduate Center,,Faculty Research,"Sociology, Urban Education, International Migration Studies, Criminal Justice",,618,,,,,"Professor, Sociology, Urban Education, International Migration Studies, Criminal Justice",Faculty,Jeremiah_AI_v2_Standardized,Yes
Miriam Ticktin,Graduate Center,Academic Leadership,Faculty Research,"Anthropology, Black, Race, and Ethnic Studies","Students, Faculty",623,,,,,"Professor, Anthropology, Black, Race, and Ethnic Studies Director, Center for Place, Culture and Politics",Faculty,Jeremiah_AI_v2_Standardized,Yes
Victoria Lawson,CUNY Institute for State and Local Governance (ISLG),"Project Leadership, Data Analysis, Metrics Development",Faculty Research,"Civic, Equality","Researchers, INI",620,Equality,,Directly leads a project that tracks civic / equality indicators; highly relevant for data and  metrics side of INI.,,Research Project Director (Equality Indicators Project),Faculty,Jeremiah_AI_v2_Standardized,Yes
Anahi Viladrich,Graduate Center,,Faculty Research,"Sociology, International Migration Studies",Academics,622,,,,,"Professor, Sociology, International Migration Studies",Faculty,Jeremiah_AI_v2_Standardized,Yes
Dorene Ng,Macaulay Honors,"Counseling Services, Wellness",Student Support,Mental Health,Individuals,621,,,Director of Counseling Services and Wellness,,The Mental Health and Wellness Center Team,Director,Jeremiah_AI_v2_Standardized,Yes
Communication Studies Club,BMCC,Club,Student Opportunity,,Academic,624,,,,,Academic Club,club,Jeremiah_AI_v2_Standardized,Yes
Tanya Domi,Graduate Center,Relations Management,Faculty Research,Media,,628,,,Oversees media relations,,Director of Media Relations,Faculty,Jeremiah_AI_v2_Standardized,Yes
Professor Peter Hoontis,BMCC,Training,Faculty Research,"Public Administration, Non-Profit","Students, Professionals",630,,,Oversees nonprofit / public administration training,,"Coordinator, Public & Nonprofit Administration Program",Faculty,Jeremiah_AI_v2_Standardized,Yes
Merih Uctum,Graduate Center,"Macro-Economic Analysis, Financial Expertise",Faculty Research,Economic,"Academics, Professionals",626,,,Specializes in international macroeconomics and finance,,Professor of Economic,Faculty,Jeremiah_AI_v2_Standardized,Yes
Pre-Law Society Club,BMCC,Focus,Student Opportunity,"Law, Governance, Policy",Academic,625,,,"Focuses on law, governance, and policy",,Academic Club,club,Jeremiah_AI_v2_Standardized,Yes
Van C. Tran,Graduate Center,"Research, Teaching, Urban Social Policy Development",Faculty Research,"Sociology, International Migration Studies","New York City Communities, Academic Community",629,Social Justice,,His research and teaching engage with New York City and its communities as a social laboratory for innovative research that seeks to inform urban social policy.,,Professor of Sociology and International Migration Studies at the City University of New York Graduate Center.,Faculty,Jeremiah_AI_v2_Standardized,Yes
Marc Lamont Hill,Graduate Center,,Faculty Research,"Urban Education, Anthropology, Black, Race, and Ethnic Studies","Students, General Public",627,,,,,"Presidential Professor, Urban Education, Anthropology, Black, Race, and Ethnic Studies",Faculty,Jeremiah_AI_v2_Standardized,Yes
Criminal Justice Club,BMCC,Club,Student Opportunity,,Academic,632,,,,,Academic Club,club,Jeremiah_AI_v2_Standardized,Yes
John Mancini,Craig Newmark Graduate School of Journalism,Project Management,Faculty Research,Education,Journalists,633,,,Director of Editorial Projects,,NYCity News Service,Faculty,Jeremiah_AI_v2_Standardized,Yes
Becca Aaronson,Craig Newmark Graduate School of Journalism,"Product Development, Leadership",Media/Journalism,News,Industry Professionals,634,,,NPA Co-Founder and Chief Product Officer,,The News Product Management,Industry Partner,Jeremiah_AI_v2_Standardized,Yes
"Communications & Marketing Office, GC",Graduate Center,"Story Amplification, Media Engagement",Student Opportunity,Research,"Students, General Public",631,,,,,"For amplifying research and student stories, media etc.",Career Office Staff,Jeremiah_AI_v2_Standardized,Yes
Wendy Luttrell,Graduate Center,,Faculty Research,"Sociology, Psychology, Urban Education, Women's and Gender Studies","Academics, Students",635,,,,,"Professor, Sociology, Psychology, Urban Education, Women's and Gender Studies",Faculty,Jeremiah_AI_v2_Standardized,Yes
Miles Corak,Graduate Center,Research,Faculty Research,"Economics, Social Mobility, Inequality, Child Rights","Academics, General Public",640,,,"His research focuses on social mobility, inequality, and child rights. ",,Professor of Economics,Faculty,Jeremiah_AI_v2_Standardized,Yes
Sociology Club,BMCC,Engagement,Student Opportunity,"Social Structures, Inequality, Community Issues",General Public,638,,,"Engages with social structures, inequality, and community issues.",,Academic Club,club,Jeremiah_AI_v2_Standardized,Yes
Shawn Rhea,Graduate Center,Outreach,Faculty Research,Academic Research,"General Public, Scientists/Academics",639,,,Science/other academic research outreach,,"Director, Media Relations & Community Outreach for Sciences, GC",Faculty,Jeremiah_AI_v2_Standardized,Yes
Paul Attewell,Graduate Center,Expertise,Faculty Research,"Social Welfare, Urban Education, Quantitative Methods",Academia,637,,,"Expertise in social welfare, urban education, and quantitative methods",,"Distinguished Professor, Sociology, Social Welfare, Urban Education, QMSS",Faculty,Jeremiah_AI_v2_Standardized,Yes
Rebecca Zimmeran,Macaulay Honors,Leadership,Mentorship,Career Development,Students,636,,,Assistant Director of Career Development,,Macaulay Mentors Program,Director,Jeremiah_AI_v2_Standardized,Yes
Juan Battle,Graduate Center,"Focus on Racial Equity, Community Engagement, Social Justice Advocacy",Faculty Research,"Sociology, Social Welfare, Urban Education, Black, Race, and Ethnic Studies, Africana Studies","Racially Minoritized Communities, Urban Communities, Students",644,"Equity, Justice",,"Focus on racial equity, urban communities, and social justice",,"Presidential Professor, Sociology, Social Welfare, Urban Education, Black, Race, and Ethnic Studies, Africana Studies",Faculty,Jeremiah_AI_v2_Standardized,Yes
Siobhán Carney,CUNY Institute for State and Local Governance (ISLG),"Leadership, Fellowship Program Management, Civic Engagement",Faculty Research,Policy,"Students, Partnerships",643,Civic Engagement,,"Leads ISLG’s policy work and fellowship programs. Very relevant for civic engagement, student learning, and partnerships.",,Policy Director,Faculty,Jeremiah_AI_v2_Standardized,Yes
Samantha Majic,Graduate Center,"Civic Participation Engagement, Research & Analysis",Faculty Research,"Criminal Justice, Political Science","Students, Sex Work Advocates, General Public",645,Social Justice,,"Works on civic participation, gender, sex work politics",,"Professor, Criminal Justice & Political Science; MA Advisor",Faculty,Jeremiah_AI_v2_Standardized,Yes
Maria Cruz,Macaulay Honors,"Counseling Services, Wellness",Student Support,Mental Health,Individuals in Need of Mental Health Support,642,,,Associate Director of Counseling Services and Wellness,,The Mental Health and Wellness Center Team,Director,Jeremiah_AI_v2_Standardized,Yes
Philip Kasinitz,Graduate Center,Research Focus,Faculty Research,"Migration, Urban Sociology, Africana Studies",Communities of Color,641,,,"Focus on migration, urban sociology, and communities of color",,"Presidential Professor, Sociology, International Migration Studies, Africana Studies",Faculty,Jeremiah_AI_v2_Standardized,Yes
Matthew Schoengood,Graduate Center,Administration,Faculty Research,Student Affairs,Students,649,,,Oversees student affairs,,Vice President for Student Affairs,Faculty,Jeremiah_AI_v2_Standardized,Yes
Urban Mentors and Leaders,BMCC,"Civic Leadership, Mentoring",Student Opportunity,Academic,Students,651,INI,,"Supports civic leadership and mentoring, aligns closely with INI.",,Academic Club,club,Jeremiah_AI_v2_Standardized,Yes
Eileen Jones,Graduate Center,Research Expertise,Faculty Research,Economics,Labor Market Stakeholders,648,,,Brings economic research expertise,,"Lead Economist, NYC Labor Market Information Service",Faculty,Jeremiah_AI_v2_Standardized,Yes
Barbara Katz Rothman,Graduate Center,"Research, Ethics",Faculty Research,"Sociology, Women's & Gender Studies","Academics, General Public",647,,,"Works on race, food, disability, ethics",,"Professor, Sociology & Women’s & Gender Studies",Faculty,Jeremiah_AI_v2_Standardized,Yes
Make an Impact Club / Project Impact Club,BMCC,Community Engagement,Student Opportunity,Community Impact,General Public,650,Civic,,Directly oriented toward community impact,,Academic Club,club,Jeremiah_AI_v2_Standardized,Yes
Darlie Gervais,Craig Newmark Graduate School of Journalism,Initiative Direction,Media/Journalism,Media,General Public,646,,,"Advertising Boost Initiative Director, Center for Community Media",,Center for Community Media,Faculty,Jeremiah_AI_v2_Standardized,Yes
Dr. Ron Nerio,CUNY,Research,Faculty Research,,Academia,654,,,University Research Programs Director,,University Research Program Director,Director,Jeremiah_AI_v2_Standardized,Yes
Michael P. Jacobson,CUNY Institute for State and Local Governance (ISLG),"Strategic Prioritization, Partnership Facilitation",Faculty Research,Higher Education,"Academic Institutions, Leadership",653,,,Leadership at ISLG; sets strategic priorities. Good person for high-level partnership discussions.,,Executive Director,Faculty,Jeremiah_AI_v2_Standardized,Yes
Angela Rodriguez,Bronx(external),"College and Trade School Assistance, Financial Aid and Scholarships, SAT Prep, College Tours",Civic Leadership & Innovation,Education,"High School Students, Middle School Students, Families",655,Post-Secondary Education,,"
The CAFE program is an active BronxWorks initiative that helps young 
people and their families transition from high school to higher 
education. The program offers a range of services at no cost to assist 
students with their post-secondary plans. For high school students, the program offers the following services: 
• College and trade school assistance: One-on-one counseling and workshops guide students through the entire application process.
• Financial aid and scholarships:
 The program assists with completing financial aid applications like the
 FAFSA and NY Tap, in addition to helping students find and apply for 
scholarships.
• SAT prep: Free SAT preparation is offered for high school juniors in partnership with New York Cares.
• College tours: Students can visit colleges and attend college fairs to learn more about their options. 
• For middle school students, the CAFE program helps ensure a smooth transition to high school. ",,the Program Coordinator for the BronxWorks Center for Achieving Future Education (CAFE),Program Coordinator,Jeremiah_AI_v2_Standardized,Yes
Jean Friedman-Rudovsky,Craig Newmark Graduate School of Journalism,Leadership,Media/Journalism,Media,General Public,652,,,Executive Director of Center for Community Media,,Center for Community Media,Faculty,Jeremiah_AI_v2_Standardized,Yes
Sandra Lobo ,Bronx(external),"Program Development, Advocacy, Organizing, Training, Voter Registration, Policy Influence",Community Program,"Community Development, Housing, Health, Economic Development, Education, Environmental Justice","Low-Income Residents, People of Color, General Public, Community Leaders",656,"Racial and Economic Justice, Intergenerational Organizing",,"The NWBCCC provides a wide range of services for 
the Bronx community, with a focus on racial and economic justice. 
Because of its mission of ""intergenerational organizing,"" its programs 
serve all age groups. Key programs include: 
• Housing:
    ◦ Works with residents to stabilize buildings.
    ◦ Develops and promotes permanent and deeply affordable housing, including through the Bronx Community Land Trust.
• Health:
    ◦ Addresses health equity for low-income residents and people of color.
    ◦ Works on health issues to promote holistic well-being.
• Economic Development:
    ◦ Supports local hiring and workforce development.
    ◦ Advocates for living wage jobs.
• Education:
    ◦ Has worked on education reform initiatives.
• Environmental Justice and Weatherization:
    ◦ Operates
 one of the largest Weatherization Assistance Programs in New York State
 to improve energy efficiency in low-income housing.
    ◦ Organizes to reduce reliance on fossil fuels.
• Civic Engagement:
    ◦ Trains community leaders and runs voter registration campaigns.
    ◦ Uses community organizing to influence public policy and opinion.",,Executive Director of Northwest Bronx Community and Clergy Coalition,Director,Jeremiah_AI_v2_Standardized,Yes
Robbin Finney-Granston,Bronx(external),"Technical Assistance, Financing Support, Certification Services, Commercial Revitalization, Affordable Housing Development, Real Estate Development, Youth Education, Pre-Apprenticeship Program, Summer Youth Employment Program, Adult Education, Job Training, Placement Services",Civic Leadership & Innovation,"Community Development, Business, Housing, Education","Low-Income Families, Middle-Income Individuals, Young Adults (17-24), Residents of the Bronx",657,"Community Development, Economic Empowerment",,"
SoBRO addresses all aspects of community development to create a 
thriving and prosperous South Bronx. It works through a variety of 
programs focused on business, housing, education, and career 
development. Business services:
• Provides technical assistance to small business owners and entrepreneurs.
• Helps
 businesses secure financing, apply for certification as a Minority or 
Women-Owned Business Enterprise (MWBE), and navigate government 
agencies.
• Offers support for commercial revitalization to attract and retain businesses in the Bronx. 
• Housing and real estate development:
• Develops and manages affordable and supportive housing units for low- and middle-income families and individuals.
• Constructs and rehabilitates commercial and industrial spaces, often converting vacant properties into productive areas. 
• Youth education and development:
• Runs
 after-school programs that combine academic support with skill-building
 in areas like music, video production, and journalism.
• Operates
 the YouthBuild pre-apprenticeship program, which helps young adults 
aged 17–24 earn their high school equivalency diploma and gain job 
credentials.
• Offers the Summer Youth Employment Program (SYEP) to provide paid opportunities for career exploration and skill-building. 
• Adult education and career development:
• Offers adult education classes, including English language, civics, and basic literacy.
• Provides job training and placement services to prepare residents for employment and help them achieve self-sufficiency.",,the current Vice President of SoBRO,CEO,Jeremiah_AI_v2_Standardized,Yes
TreyMichael Reid,Bronx(external),"Job Placement Assistance, Career Advancement, Holistic Support, Wraparound Services, Mental Health Counseling, Case Management",Civic Leadership & Innovation,"Business Development, Job Readiness, Workforce Training, Digital Access, Technology Training, Green Jobs","New Yorkers with High Unemployment Rates, Individuals with Barriers to Employment",658,"Addressing Systemic Barriers, Reducing Inequity",,"
The HOPE Program has been active for 40 years, serving New Yorkers with 
high unemployment rates by helping them find jobs and achieve financial 
stability. The program's core services for the community include: 
• Job readiness and workforce training:
 HOPE provides training programs to equip individuals with the skills 
needed for employment. In the Bronx, it offers a seven-week program with
 a $50 weekly stipend.
• Job placement assistance:
 It helps graduates with their job search, resume and cover letter 
development, interview preparation, and placement into full-time 
employment.
• Career advancement: For graduates, HOPE provides ongoing support after job placement, known as the ""HOPE for life"" motto.
• Digital access and technology training: HOPE provides access to essential technology and skills to overcome the digital divide.
• Holistic support:
 The program offers comprehensive ""wraparound services"" to address 
different barriers to employment, including mental health counseling, 
case management, and access to clothing, meals, and transportation.
• Green job training: The organization also provides training and employment opportunities in emerging economies, such as the green jobs sector.
• Reducing inequity:
 HOPE aims to address systemic barriers like racism in hiring, health 
disparities, and involvement with the criminal justice system.",,Business Development Manager at The HOPE Program,manager,Jeremiah_AI_v2_Standardized,Yes
Belinda Ramos,Bronx(external),"Mentoring and Support, Family and Peer Support, Alternatives to Incarceration, Capacity Building, Systemic Change Advocacy",Civic Leadership & Innovation,"Youth Justice, Juvenile Justice","Youth, Families of System-Involved Youth, Grassroots Faith and Neighborhood Organizations",659,Justice Reform,,"
Community Connections for Youth is a Bronx-based non-profit that works to end mass youth 
incarceration by disrupting the ""youth prison pipeline."" The 
organization provides effective, community-driven alternatives to 
incarceration for young people in the South Bronx. It is centered on the
 belief that strengthening a young person's connection to their 
community is the most effective way to help them avoid deeper 
involvement in the justice system. Key community contributions include:
• Mentoring and support: Offering mentoring and general support to system-involved youth and their caregivers.
• Family and peer support:
 Providing a Parent Support Program where trained parent coaches—who 
have navigated the justice system themselves—help guide families of 
system-involved youth.
• Alternatives to incarceration:
 Developing and supporting effective, community-led programs for 
court-involved youth. For example, the South Bronx Community Connections
 program connects young people to positive adults and activities as an 
alternative to detention.
• Capacity building:
 Training grassroots faith and neighborhood organizations to help them 
develop and improve their own youth programming. The Youth Justice 
Capacity Challenge, for instance, provides grants and training to local 
organizations.
• Systemic change: Advocating for systemic juvenile justice reform by training and consulting with policymakers and juvenile justice agencies.",,Executive Director of Community Connections for Youth (CCFY),Director,Jeremiah_AI_v2_Standardized,Yes
Teresa Brown,Bronx(external),"Education and Public Programming, Preserving and Sharing Historical Records, Conducting Historical Projects, Publishing Materials",Civic Leadership & Innovation,History,"General Public, Students, Researchers",660,"Local Pride, Community Engagement",,"The Bronx County Historical Society promotes local pride and community engagement through the preservation and promotion of Bronx history. Its activities include: 
• Operating museums and a research center. It runs the https://www.google.com/viewer/place?mid=/m/03wj0v5&sa=X&ved=2ahUKEwi6x--r_-yPAxWXElkFHT9dAeYQqdYPegQIBhAC at the https://www.google.com/viewer/place?mid=/m/03wj0v5&sa=X&ved=2ahUKEwi6x--r_-yPAxWXElkFHT9dAeYQqdYPegQIBhAE and the https://www.google.com/viewer/place?mid=/m/03whtl7&sa=X&ved=2ahUKEwi6x--r_-yPAxWXElkFHT9dAeYQqdYPegQIBhAG. It also operates a Research Center, which houses a Research Library and the Bronx County Archives for public use.
• Education and public programming.
 The Society offers educational programs, lectures, and cultural events 
for the public and schools. These programs range from guided tours and 
workshops to the annual Bronx High School valedictorian awards ceremony.
• Preserving and sharing historical records.
 It collects and digitizes historical artifacts, documents, and other 
materials related to the Bronx. The Society makes this information 
available to researchers, students, and the general public through its 
archives and digital platforms.
• Conducting historical projects.
 The Society leads and participates in research initiatives like the 
Bronx African American History Project and the Bronx Latino History 
Project, which use oral history to document the borough's diverse 
communities.
• Publishing materials. The BCHS is a major publisher of books and articles about the Bronx and produces The Bronx County Historical Society Journal, the oldest continuously published historical periodical in the metropolitan New York area.",,the Chief Administrative Officer for the Bronx County Historical Society (BCHS),Faculty,Jeremiah_AI_v2_Standardized,Yes
Carmen Vazquez,Bronx(external),"Policy Development, Financial Literacy Education, On-Site Property Management, Green Building Practices, Civic Engagement Initiatives, Voter Registration, Youth Empowerment Programs",Cultural Empowerment,"Affordable Housing, Environmental Justice, Community Renewal, Sustainable Development","Low-Income Individuals, South Bronx Residents, General Public, Youth",661,"Community Development, Environmental Justice, Resilience",,"Nos Quedamos
 is dedicated to making the South Bronx a resilient and empowered 
community through planning and policies focused on affordable housing, 
open space, environmental justice, and community renewal. Development and affordable housingThe
 organization was founded to prevent resident displacement during 
redevelopment. It develops low-income rental and affordable 
home-ownership housing, offers financial literacy education, and 
provides on-site property management. Environmental justice and resiliencyNos Quedamos advocates for sustainable development and implements green building practices.
 They co-authored a report on air quality, remediate brownfields, and 
create community gardens and climate resiliency hubs with features like 
solar energy and wi-fi. Civic engagement and cultureThe
 organization hosts the ""We Are Melrose"" festival, engages with local 
officials for funding and programming, conducts civic engagement 
initiatives like voter registration, and empowers youth through 
volunteer and employment programs, including the Summer Youth Employment
 Program",,Program student leadership  Nos Quedamos,Director,Jeremiah_AI_v2_Standardized,Yes
Reynaldi Lindner Lolong,Bronx(external),"Program Development, Leadership Development, Career Readiness, Community Engagement",Civic Leadership & Innovation,"Arts Education, Social Justice, Education","Youth, Families, Schools, General Public",662,"Equity, Opportunity",,"
As the largest arts education provider in the Bronx, DreamYard works 
with youth, families, and schools to create pathways toward equity and 
opportunity. The organization provides transformative arts and social 
justice education through programs offered during school, after school, 
weekends, and the summer. DreamYard's programs and community initiatives include: 
• In-School Residencies: DreamYard partners with over 40 public schools to offer arts residencies that align with NYC's arts and learning standards.
• After-School Programs: The DreamYard Art Center provides high-quality arts instruction and leadership development for K-12 students.
• BX Start: A center for gaming and entrepreneurship that offers free classes and events to bridge digital career readiness gaps.
• Legacy & Internships: Paid career readiness programs for high school and college students, helping them gain access to creative career paths.
• DreamYard Preparatory High School: The organization operates its own high school with a rigorous curriculum focused on arts and college preparation.
• Community Events:
 DreamYard hosts an annual student arts festival called DreamFest and 
offers other community programming, including a public park.
• COVID-19 Relief: In 2020, DreamYard helped launch the Bronx Community Relief Effort, which raised and distributed $15 million for the community.",,DreamYard Director of Development,Director,Jeremiah_AI_v2_Standardized,Yes
Kirkley Strand,Bronx(external),"Mentorship, Advocacy, Skill Building, Academic Support, Community Integration, Prevention",Civic Leadership & Innovation,Juvenile Justice,"Young People Involved in Juvenile Justice System, Teachers, Peers, Family Members",663,Justice,,"
The Adolescent Mentoring Program works to strengthen the lives of young 
people who are involved in the juvenile justice system by offering 
support and life skills. 
• Mentorship and advocacy: It pairs participants with highly trained mentors who act as positive role models to help them set and achieve personal goals.
• Skill building: The program provides tutoring, assistance with homework, college preparation, and life skills training.
• Academic support: The program aims to keep participants on track to graduate and move on to advanced education or training.
• Community integration: Mentors also work to foster positive connections between participants and their teachers, peers, and family members.
• Prevention:
 By offering guidance and support, the program helps young people make 
better decisions and reduce their risk of deeper involvement with the 
justice system.",,"Vice President, Development and Communications",Vice President,Jeremiah_AI_v2_Standardized,Yes
Ashley Lahoud,Bronx(external),"Program Development and Management, Advocacy, Community Engagement, Leadership Development, Job Prospects and Professional Development",Civic Leadership & Innovation,"Education, Housing, Wellness, Recreation, Community Organizing, Workforce Development","Residents of the Southwest Bronx, Youth, Young Adults, Students",664,"Empowerment, Improving Choices",,"New Settlement Apartments has been working to revitalize the Mount Eden area of the southwest Bronx since 1989 by providing affordable housing and a wide range of community services. Their primary goal is to empower residents to improve their choices related to education, employment, housing, wellness, and creative expression.
Key community programs include:

Education and Youth Services: New Settlement
offers extensive school and after-school programs, a College Access Center, a Program for Girls and Young Women, and the YouthBuild program. They partner with Community School District 9 to provide academic and enrichment resources for thousands of students.
Housing and Advocacy: Initially transforming abandoned buildings into affordable housing, New Settlement
continues to develop and manage affordable homes. It also runs a Community Action for Safe Apartments (CASA) initiative to help tenants.
Wellness and Recreation: The New Settlement Community Center
features a swimming pool, dance studios, and a green roof terrace. It offers a variety of affordable programs for all ages, including yoga, dance, and swim classes. The center's food pantry serves hundreds of residents each month.
Community Organizing: The Parent Action Committee (PAC) advocates for educational improvements within District 9, and broader community organizing efforts encourage resident leadership and involvement in local issues.
Workforce Development: New Settlement's Young Adult Opportunity Initiative assists young adults with job prospects and professional development.",,Senior Director of Development and Communications,Director,Jeremiah_AI_v2_Standardized,Yes
 Lisa Sorin,Bronx(external),"Business Support, Community Connections, Targeted Assistance, Youth and Career Development, Economic Advocacy",Civic Leadership & Innovation,"Economic Development, Equity, Inclusive Growth","Small Businesses, Nonprofits, Minority- and Women-Owned Businesses (MWBEs), Bronx Students and Professionals, General Public",665,"Economic Opportunity, Inclusive Growth",,"
The foundation focuses on economic opportunity, equity, and inclusive 
growth throughout the Bronx. It serves a wide range of organizations, 
from small businesses to nonprofits, through initiatives that include: 
• Business support:
 Provides education, training, mentorship, and leadership development 
for small and mid-sized businesses and community-based organizations.
• Community connections: Acts as a liaison between community members and city government, encouraging participation in local Community Boards.
• Targeted assistance:
 Offers resources for Minority- and Women-Owned Businesses (MWBEs) and 
helps businesses recover from crises, such as COVID-19, through the NYC 
Small Business Resource Network.
• Youth and career development: Facilitates career development programs and internships to prepare Bronx students and professionals.
• Economic advocacy: Works with public and private partners to influence policy and advance economic development that benefits the entire borough.
• Sponsor programs:
 Runs an ""Adopt a Member"" program where current members can sponsor 
one-year memberships for other small Bronx businesses, expanding 
networking opportunities.",,The Bronx Chamber of Commerce Foundation (BxCCF) President and CEO,CEO,Jeremiah_AI_v2_Standardized,Yes
Arnaldo J. López,Bronx(external),"Artistic Exchange, Empowering Artists, Mentorship, Workshops and Training, Activism and Advocacy, Community Building",Cultural Empowerment,"Cultural Heritage, Arts and Culture, Mental Health","Puerto Rican/Latinx Communities, African American Communities, General Public, New Yorkers",666,"Civic Engagement, Solidarity with Marginalized Communities, Social Justice",,"
Pregones/PRTT is a vital cultural and civic institution that champions 
Puerto Rican/Latinx cultural heritage. It achieves its mission through a
 variety of programs and initiatives that benefit the community in the 
following ways: Creating and presenting culturally relevant art
• Performance: It creates and stages original musical theater and plays rooted in Puerto Rican/Latinx culture.
• Representation:
 It centralizes perspectives often missing from public discourse, 
challenging disparaging narratives and promoting authentic and dignified
 representations of Latinx communities.
• Artistic Exchange: It partners with other artists to present their work, fostering a broad exchange of ideas and talent. 
• Empowering artists and community members
• Artist Residencies:
 The ""Step Up: Artists in Residence"" program provides emerging and 
early-career artists with resources, mentorship, and a stipend to 
develop and showcase their work.
• Mentorship: The organization is dedicated to mentoring future generations of artists and leaders within the field.
• Workshops and training: It operates a training unit for young actors and offers workshops and master classes to the public. 
• Promoting health and well-being
• Health Initiatives:
 The ""Abrazo / Embrace"" initiative uses interactive theater to raise 
awareness about mental health, particularly in post-pandemic 
communities. It has provided resources and referrals to thousands of New
 Yorkers.
• Community Wellness: Projects like the play BURNED are co-developed with community members to address local issues in a sensitive and empowering way. 
• Fostering civic engagement and solidarity
• Community Building: As a place-keeping institution, Pregones/PRTT has built a lasting presence in the South Bronx and Hell's Kitchen, becoming a hub for community, history, and belonging.
• Activism and Advocacy:
 It uses its platform to address social inequities and stands in 
solidarity with marginalized communities, including African American 
communities.
• Cultural Preservation:
 The theater plays a pivotal role in bringing awareness to Puerto Rican 
and Latinx cultures, showcasing how they are integral to the unique 
cultural fabric of the United States.",,the Managing Director of Pregones/PRTT,Director,Jeremiah_AI_v2_Standardized,Yes
Jaye Pockriss,Bronx(external),"Empowerment, Academic Support, Social-Emotional Support, Restoration, Recreation, Community Revitalization",Civic Leadership & Innovation,"Youth Development, Environmental Science, Sailing","Young People, Students, Community Members",668,"Education, Environmental Conservation",,"Based in the South Bronx, Rocking the Boat
 is an active youth development program that offers young people 
hands-on experiences in boatbuilding, environmental science, and sailing. Its contributions to the community include: 
• Youth development and empowerment:
 The programs help young people develop self-confidence, teamwork, and 
critical thinking skills. This hands-on learning empowers participants 
to set ambitious goals for their future.
• Educational achievement: Participants receive academic and social-emotional support. Rocking the Boat
 reports impressive success rates: 94% of its students graduate high 
school, compared to 57% in Hunts Point, and 92% go on to enroll in 
college or a trade school.
• Environmental restoration:
 Students actively restore the Bronx River by collecting scientific 
data, monitoring water quality, and removing invasive plant species. 
They also build floating wetlands to filter the water, leading to 
improved biological diversity.
• Accessible nature and recreation:
 The organization hosts free Community Rowing events on the Bronx River 
on Saturdays throughout the summer. These events introduce community 
members to the river and educate them about its history and ecology.
• Community revitalization: By involving students and the public in restoring their local waterway, Rocking the Boat
 helps to change the perception of the Bronx River from a polluted area 
to a natural resource to be proud of. This revitalizes the community and
 offers residents a unique connection to nature.",,the Senior Director of Development and Operations at Rocking the Boat,Director,Jeremiah_AI_v2_Standardized,Yes
Patrick Rowe,Bronx(external),"Partnership Building, Program Development, Mentorship, Professional Development Training",Civic Leadership & Innovation,"Arts Education, Community Development, Cultural Representation","Local Public Schools, Teens, BIPOC Artists, Diverse Communities",667,"Accessibility, Equity, Inclusivity",,"Community impact and partnershipsThe
 Bronx Museum uses art and education to serve its community through 
various programs and initiatives. Its partnerships support its mission 
of providing free, dynamic programming and opportunities. School and education partnerships
• School Partnerships:
 The museum forms deep collaborations with local public schools to 
provide art education, curricula, and visits for students. This serves 
schools that may have little or no arts funding.
• Teen Programs:
 The Teen Council and Teen Summer programs offer young people 
opportunities to engage with contemporary art, curate exhibits, create 
art, and develop collaborative skills. Teens are paid a stipend for 
their participation. 
• Artist partnerships
• AIM Fellowship:
 A free career accelerator program for promising New York City-based 
artists, with a focus on equity. It provides professional development 
training, mentorship, and opportunities for early-career artists. 
• Exhibitions and free access
• Free Admission: All exhibitions and programs at the https://www.google.com/viewer/place?mid=/m/03wdjzl&sa=X&ved=2ahUKEwi8343i8uyPAxWMk4kEHSY9B94QqdYPegQIDBAC are 100% free, which is a core part of its mission to ensure accessibility to the contemporary art world.
• Diverse Representation:
 The museum champions BIPOC (Black, Indigenous, and people of color) 
artists, featuring work that reflects the borough's diverse communities 
and cultural tapestry.",, the Director of Education and Public Engagement at the Bronx Museum of the Arts ,Director,Jeremiah_AI_v2_Standardized,Yes
Dariella Rodriguez,Bronx(external),"Program Development, Service Coordination, Advocacy, Leadership Skills Support",Civic Leadership & Innovation,"Arts, Environmental Justice, Youth Development","Low-Income Households, Local Artists, Young People, Residents of Hunts Point",670,"Community Development, Environmental Justice, Sustainability",,"
The Point CDC uses arts, environmental justice, and youth development to
 serve the Hunts Point section of the South Bronx. Its programs and 
services include: 
• Youth development:
 Offers free programs such as arts, digital media, photography, and 
circus training for hundreds of young people annually. This programming 
is designed to support both social development and leadership skills.
• Arts and culture:
 Provides arts education and a platform for local artists to showcase 
their talents. The organization operates a visual arts gallery and a 
flexible performance space, making arts and culture accessible to 
residents.
• Community development and environmental justice:
 Undertakes projects focused on environmental justice and 
sustainability. Past initiatives include the creation of Hunts Point 
Riverside Park and advocacy for green spaces. The organization also runs
 a free community WiFi network, an electric shuttle service, and a 
Community Shared Solar project to help lower-income households.",,The Point CDC's Director of Community Development,Director,Jeremiah_AI_v2_Standardized,Yes
Amy Crawford,Bronx(external),"Advocacy, Policy Advocacy, Impact Litigation, Lobbying, Building Grassroots Power, Offering Trainings, Campaigning Against Discriminatory Policing",Civic Leadership & Innovation,"Justice System Reform, Criminal Justice","Clients, Community Members, Residents",669,"Systemic Reform, Justice",,"
The Bronx Defenders also works to transform the system from the outside 
in. The Organizing Project empowers clients and community members to 
advocate for themselves and drive collective action. Their work 
includes: 
• Building grassroots power through events and forums.
• Lobbying elected officials for legislative reform.
• Offering ""Know Your Rights"" trainings to residents.
• Engaging in campaigns against discriminatory policing. 
• Systemic reform and advocacyThe organization uses its firsthand experience with the justice system to advocate for broader systemic change. 
• Policy advocacy: Experts work on legislative reform, media advocacy, and coalition-building to address system-wide injustices.
• Impact litigation:
 Attorneys file lawsuits to challenge systemic violations that affect 
large numbers of people, such as discriminatory policing and government 
seizure of property.",,"managing Director, Strategic Partnerships and Innovation at The Bronx Defenders",Director,Jeremiah_AI_v2_Standardized,Yes
Hope Burgess,Bronx(external),"Affordable Housing Development, Community Organizing, Rental Assistance, Case Management, Food Justice, Supportive Services",Civic Leadership & Innovation,"Community Development, Housing, Social Services","Low-Income Individuals and Families, Formerly Homeless Individuals and Families with Disabilities, Youth, General Public",671,"Community Empowerment, Housing Justice",,"
BKCIA primarily serves the Longwood, Hunts Point, Mott Haven, and 
Morrisania neighborhoods of the South Bronx and remains active through a
 range of housing and social service programs. Its community work 
includes: 
• Affordable housing:
 As a community development corporation, BKCIA develops and manages over
 65 rental buildings and more than 2,240 housing units, ensuring they 
remain affordable for area residents.
• Community organizing:
 The organization's Resident Council empowers community members to 
advocate for housing issues, and its organizing team engages with tenant
 associations and neighborhood groups.
• Rental assistance:
 BKCIA provides rental assistance programs for residents, including 
formerly homeless individuals and families with disabilities.
• Case management:
 Case management services assist residents with retaining their 
tenancies, finding job placement, and accessing supportive services.
• Food justice:
 Through its Healthy Communities Initiative, BKCIA organizes and 
supports community gardens and holds regular food giveaway events in 
partnership with the New York Common Pantry.
• Supportive services:
 The organization offers Medicaid service coordination for families with
 disabled members and has also historically offered youth education 
programs, such as after-school and summer camp.",, Hope Burgess is the President & CEO of Banana Kelly Community Improvement Association,CEO,Jeremiah_AI_v2_Standardized,Yes
Anna Villa-Bager,Bronx(external),"Therapy, Education, Skill Development, Event Planning, Economic Empowerment",Cultural Empowerment,"Special Education, Arts Therapy","Individuals with Special Needs, Families of Individuals with Special Needs, Wider Community",672,"Inclusion, Accessibility",,"
The MarbleJam Center provides an inclusive space for individuals of all 
ages with special needs, such as those with autism spectrum disorders 
and developmental disabilities. Services
• Creative Arts Therapies:
 The center offers individual and group therapies using creative arts 
modalities like music, art, and dance to help participants express 
themselves, build confidence, and manage sensory challenges.
• Educational and Enrichment Programs:
 They provide adaptive art classes, social skills programs, and summer 
workshops in a variety of fields, including digital and fine arts, 
drama, and film.
• Skill Development:
 The center focuses on helping participants achieve milestones that can 
enhance their independence and quality of life, including communication,
 socialization, and self-regulation.
• Community Events:
 MarbleJam hosts events, such as its annual SummerJam festival, that are
 open to the wider community. These events feature art, music, games, 
and other activities to showcase its clients' work and foster a 
supportive environment.
• Economic Contribution:
 The center sells handcrafted art created by its students to help fund 
its programs. This provides recognition for the artists' work while also
 making a positive financial impact on the organization.",,President and founder of the MarbleJam Center for Creative Arts & Enrichment,President,Jeremiah_AI_v2_Standardized,Yes
Michelle Fizer Peterson,Bronx(external),"Artist Residencies, Grantmaking, Professional Development, Advocacy",Civic Leadership & Innovation,"Arts, Culture","Local Artists, Cultural Organizations, Historically Marginalized Communities (e.g. artists of color, women, LGBTQ+ individuals), Bronx Residents, Seniors and Vulnerable Populations",674,"Cultural Equity, Arts Advocacy",,"
the BCA has served as a cultural hub for the borough, focusing on 
supporting local artists and providing arts programming to the 
community. It has a particular focus on artists from historically 
marginalized communities, such as artists of color, women, and LGBTQ+ 
individuals. Its programs can be categorized into three main areas:1. Connector Programs: These initiatives directly link Bronx arts and culture with the community. 
• Artist Residencies:
 The BCA places professional artists at community sites to provide 
creative experiences for residents, including seniors and other 
vulnerable populations.
• Longwood Arts Project:
 This flagship program includes the Longwood Art Gallery, which focuses 
on artists from underrepresented traditions and cultural practices.
• Bronx Memoir Project:
 This writing project provides workshops for Bronx residents to share 
their personal stories, culminating in an annual anthology. 
• 2. Resource Programs: The BCA provides funding and professional development for artists and cultural organizations. 
• Grantmaking:
 It offers multiple grant programs, such as the Community Engagement 
Grants (CEG), to fund local arts and culture projects across various 
disciplines.
• Bronx Recognizes Its Own (BRIO) Awards: This program provides monetary awards to foster artistic excellence in local artists.
• Workshops and Training:
 The BCA offers professional development workshops and technical 
services to help artists and arts organizations build their careers and 
practices. 
• 3. Advocacy Programs:
 The organization acts as a pioneering advocate for cultural equity and 
works to advance support for the arts at all levels of government. 
• Cultural Assets Map (CAM) and History Map (CHM): These programs help document and advocate for the borough's cultural landscape.
• Strategic partnerships:
 BCA partners with other organizations to ensure artists' needs are 
represented and that equitable practices are implemented across the 
cultural sector.",, the Director of Development and External Affairs,Director,Jeremiah_AI_v2_Standardized,Yes
Victoria Toro,Bronx(external),"Project Management, Volunteer Engagement, Community Outreach, Education and Training, Environmental Justice Advocacy, Greenway Development",Civic Leadership & Innovation,"Environmental Conservation, Ecological Restoration, Water Quality Monitoring, Green Infrastructure","Local Residents, Students, Community Members, Volunteers",673,"Environmental Conservation, Sustainability, Community Development",,"
The Alliance's mission is to protect, restore, and improve the Bronx 
River corridor, making it a valuable ecological, recreational, and 
educational resource. Restoration and conservation
• Ecological restoration:
 The Alliance leads projects to restore native habitats, remove invasive
 plants, and improve wetlands. Their Conservation Crew is on the ground,
 removing channel blockages and reporting pollution like oil spills.
• Water quality monitoring:
 Programs like Project WATER DROP and Project WASTE involve volunteers 
in collecting data to track down and address sources of pollution, such 
as floatable trash and pathogens.
• Green infrastructure: It promotes solutions like permeable pavement and green roofs to manage stormwater runoff, which often pollutes the river.Community involvement:
 A major part of the Alliance's work is engaging community members and 
volunteers in clean-up efforts, water quality monitoring, and habitat 
restoration.Educational resources:
 They provide resources and programs for local students through the 
Bronx River Living Laboratory, turning the river into an outdoor 
classroom.Environmental justice:
 The Alliance is committed to environmental justice, ensuring that 
planning processes are transparent and that development along the river 
benefits all communities, especially those that have historically 
received fewer resources.Developing the Greenway:
 The Alliance works to develop and rehabilitate the network of parks and
 trails along the eight miles of the river that run through the Bronx, 
converting old industrial sites into public green spaces.Connecting residents to the waterfront:
 The organization creates opportunities for local residents to connect 
with nature through events, educational programs, and guided canoe 
trips.",,Bronx River Alliance Outreach Manager ,manager,Jeremiah_AI_v2_Standardized,Yes
Brian DiPaolo,Bronx(external),"Court services, Reentry services, Housing, Family services, Advocacy, Gun violence prevention",Initiative,Criminal Justice,"Individuals impacted by the criminal justice system, Families of incarcerated individuals, Children with incarcerated parents, Young adults with incarcerated parents",675,"Justice, Racial Equity",,"
The Osborne Association is a non-profit organization that provides 
services to individuals, families, and communities impacted by the 
criminal justice system. They offer opportunities for people to ""heal 
from and repair harm, restore their lives, and thrive"" by challenging 
systems rooted in racism and retribution. Programs for the communityThe
 Osborne Association has a wide range of programs that serve individuals
 and families at various stages of contact with the justice system: 
• Court services:
 These services provide alternatives to incarceration for people who 
have been arrested, helping to reduce reliance on jail and prison.
• Reentry services:
 The organization supports formerly incarcerated people with 
transitional housing, job placement, and assistance with health and 
wellness needs.
• Housing:
 The Osborne Association offers transitional and permanent supportive 
housing to help those returning to the community find stable and 
welcoming places to live.
• Family services:
 Specialized services for families of incarcerated individuals, 
including programs for children and mentoring for young adults with 
incarcerated parents, aim to keep families connected.
• Advocacy:
 The organization advocates for policy changes to reduce incarceration, 
improve prison conditions, and expand access to housing and other 
services for justice-involved individuals.
• Gun violence prevention:
 In the Bronx, the Osborne Association runs the Bronx Osborne Gun 
Accountability and Prevention (BOGAP) program, which addresses the root 
causes of gun possession. ",,Director of Institutional Giving,Director,Jeremiah_AI_v2_Standardized,Yes
Dr. Eddy Bayardelle,Bronx Community College,"Scholarship Management, Faculty Development, Program Development, Grant Writing, Partnership Building, Workshop Facilitation, Mentorship, Resource Provision",Community Program,"Education, Philanthropy, Community Development","Students, Faculty, General Public, Middle and High School Students, Young People (10-18)",676,"Education, Community Development, Philanthropy",,"the BCC Foundation
 is the college's philanthropic arm. It actively works with donors and 
community organizations to provide support in four key areas: 
• Student support:
 Offers scholarships to students based on merit and financial need. The 
foundation also focuses on financial literacy and provides emergency 
funds as a safety net for students in need.
• Faculty development: Provides funding for faculty research and program development, especially in emerging fields like technology.
• Community outreach: Sponsors cultural events and educational programs that are open to the wider community.
• College enhancement: Supports the college's mission and programs by securing resources from public and private donors. 
• Community partnerships and examplesThrough
 its Office of Grants and Partnerships, the foundation develops 
collaborations with external organizations to enhance student 
experiences and benefit the community. Examples of these partnerships 
include: 
• Blackstone LaunchPad: A partnership that offers workshops, mentorship, and resources to help students and alumni develop entrepreneurial skills.
• SIFMA Foundation: A collaboration that hosted a Stock Market Game simulation to teach students about finance and investing.
• Sarah Lawrence College:
 A grant-funded collaboration that allows students from both 
institutions to work together on projects related to climate justice.
• Liberty Partnerships Program: A year-round academic and cultural enrichment program for middle and high school students in the Bronx.
• Best Buy Geek Squad Academy:
 A partnership with the Science Technology Entry Program (STEP) to offer
 tech exploration workshops to young people aged 10 to 18.",,"Vice President for Advancement, Communications and External Relations for the Bronx Community College (BCC) Foundation",Vice President,Jeremiah_AI_v2_Standardized,Yes
Jordan Tarwater,Harlem(External),Outreach,Faculty Research,Urban,General Public,678,Civic,,,,Director of Urban Outreach Center NYC,Staff,Jeremiah_AI_v2_Standardized,Yes
Ana Oliveira,Brooklyn (External),Investment,Community Program,Gender Equity,Women-Led Organizations,677,"Justice, Equity",,Invests in women-led organizations advancing justice and equity,,Gender Equity,President & CEO,Jeremiah_AI_v2_Standardized,Yes
Dr. Shawn Denise Landry,College of Staten Island,"Civic Engagement, Leadership Development, Mentorship, Internship Opportunities, Program Implementation",Student Opportunity,"Education, Community Development","College Students, Local Schools, Families, Youth (Junior High and High School)",680,"Education, Community Building",,"
The CSI Liberty Partnerships Program is still active. It is a 
long-standing initiative, established in 1989, and is funded by the New 
York State Education Department. Contributions to the community and college studentsFor the community
• Encourages collaboration: The program fosters a partnership between the college, local schools, and the wider community to support students and families.
• Engages parents: It provides programming and support designed to increase parental involvement in their child's education.
• Develops community leaders:
 By fostering civic engagement and leadership skills in its 
participants, the program helps cultivate talented and motivated young 
people who will contribute to the community. 
• For college students
• Internship opportunities:
 College students, particularly from the School of Social Work, can work
 as interns with the program. This provides valuable hands-on experience
 in program implementation and youth mentorship.
• Mentorship: College students serve as mentors and supervisors for the younger program participants in junior high and high school.
• Employment: The program can provide college students with an introduction to the professional world through their internships",,The program director for the College of Staten Island (CSI) Liberty Partnerships Program,Director,Jeremiah_AI_v2_Standardized,Yes
Anjali Anderson-Buckley,CUNY SPS,Student Engagement,Staff,Higher Education,Students,679,,,"Advises across programs, great for student engagement",,Student Services,Academic Advisor,Jeremiah_AI_v2_Standardized,Yes
Sam Schaeffer,The Center for Employment Opportunities,"Job Training, Placement",Community Program,Reentry & Incarceration,Formerly Incarcerated Individuals,683,,,Job training and placement for formerly incarcerated individuals,,Reentry Services,CEO,Jeremiah_AI_v2_Standardized,Yes
Clara Chahwan,Staten Island(external),"Leadership Development, Job Readiness and Workforce Development, Financial Literacy, Continuing Education Support",Community Engagement,"Education, Healthcare, Poverty Reduction, Food Security","At-Risk Youth, College Students, Low-Income or Immigrant Households",681,"Empowerment, Support for College Students",,"A Chance In Life
 supports at-risk youth by providing education, healthcare, support, and
 leadership development, which helps them break the cycle of poverty. In the United States, its center on Staten Island, called ""The Village,"" offers vital programs.Key community services include: 
• Addressing poverty: In Staten Island, where poverty rates are higher than the NYC average, The Village addresses food insecurity and limited vocational networks.
• Food security: The Village has run a weekly pantry and continued monthly food support to address hunger in the community.
• Community services: It provides forums and programs to empower local youth, particularly those from low-income or immigrant households. 
• Support for college studentsWhile A Chance In Life primarily serves at-risk youth aged 12–24, its services also benefit college students. The organization's programs are designed to address the needs of young adults navigating school and career paths. Specific support for college students includes: 
• Job readiness and workforce development: It offers workshops on resume-building, interviewing skills, and professional etiquette.
• Financial literacy: Participants gain essential knowledge about budgeting, saving, and credit.
• Leadership skills:
 The Youth Leadership Workshop helps participants develop key life 
skills, including time management, public speaking, and conflict 
resolution.
• Continuing education support:
 A Chance In Life aims to help youth prepare for a more successful and 
self-sufficient future through education and vocational training.",, Senior Vice President and Deputy,Vice President,Jeremiah_AI_v2_Standardized,Yes
Amanda Nguyen,Brooklyn (External),Advocacy,Civic Engagement,Civil Rights,"Sexual Assault Survivors, General Public",682,Justice,,Advocates for sexual assault survivors and civil rights legislation,,Civil Rights,Founder & CEO,Jeremiah_AI_v2_Standardized,Yes
Shari Davis,The Participatory Budgeting Project,Community Empowerment,Civic Engagement,Public Finance,Communities,685,Civic Engagement,,Empowers communities to decide how public funds are spent,,Civic Engagement,Executive Director,Jeremiah_AI_v2_Standardized,Yes
Jonathan McBride,Brooklyn (External),"Systems Thinking, Civic Learning",Civic Engagement,Education,"Students, Schools",688,Equity,,Promotes systems thinking and civic learning in schools,,Education Equity,Founder,Jeremiah_AI_v2_Standardized,Yes
Max Polaner,Brooklyn (External),Mentorship Matching,Mentorship,Youth Development,High School Students,684,,,Matches mentors with high school students for college success,,Youth Mentorship,CEO,Jeremiah_AI_v2_Standardized,Yes
Dean Spade,The Sylvia Rivera Law Project,Advocacy,Community Mentor,"Gender Self-Determination, Racial Justice, Economic Justice","LGBTQ+ Individuals, Communities of Color, Low-Income Communities",686,Social Justice,,Works to guarantee gender self-determination and racial/economic justice,,Legal Advocacy,Founder,Jeremiah_AI_v2_Standardized,Yes
Kemi Ilesanmi,Brooklyn (External),Amplification,Other,"Arts, Community",Communities of Color,687,Social Justice,,Uses art to amplify voices of communities of color in NYC,,Arts & Community,Co-Executive Director,Jeremiah_AI_v2_Standardized,Yes
Tarika Barrett,Brooklyn (External),"Education, Mentorship",Mentorship,Technology,"Youth, Women in Tech",690,Gender Equity,,Closes the gender gap in tech through education and mentorship,,Youth Tech,CEO,Jeremiah_AI_v2_Standardized,Yes
Gethin Jones,Brooklyn (External),"Education, Mentorship",Mentorship,Youth Justice,Court-Involved Youth,691,,,Supports court-involved youth through education and mentorship,,Youth Justice,Executive Director,Jeremiah_AI_v2_Standardized,Yes
Brenda Rosen,Brooklyn (External),Supportive Housing Development,Community Program,"Housing, Health","Homeless Individuals, Vulnerable Populations",689,,,Develops supportive housing for homeless and vulnerable populations,,Housing & Health,President & CEO,Jeremiah_AI_v2_Standardized,Yes
Sarahjane Sacchetti,Brooklyn (External),Support,Other,Health,Working Families,692,,,Tech-enabled support for working families,,Family Health,CEO,Jeremiah_AI_v2_Standardized,Yes
Christine Gaspar,Brooklyn (External),"Policy Demystification, Design for Civic Engagement",Civic Engagement,Civic Education,General Public,693,Civic Systems,,Uses design and art to demystify policy and civic systems,,Civic Education,Executive Director,Jeremiah_AI_v2_Standardized,Yes
Lisa Schreibersdorf,Brooklyn (External),Holistic Legal Defense,Community Program,Legal Defense,Low-Income Brooklyn Residents,694,,,Provides holistic legal defense to low-income Brooklyn residents,,Legal Services,Executive Director,Jeremiah_AI_v2_Standardized,Yes
Ahmed Osman,Lehman College,Leadership,Student Opportunity,Student Life,Students,696,,,,,University Student & Residence Life Director,Director,Jeremiah_AI_v2_Standardized,Yes
George Garrastegui Jr.,NYC College of Technology,Storytelling,Faculty Research,Communication,General Public,698,,,Focus on media and storytelling,,Communication Design,assistant professor,Jeremiah_AI_v2_Standardized,Yes
Liz Evans,NY Harm Reduction Educators,"Outreach, Syringe Exchange, Health Services",Other,Public Health,People Who Use Drugs,695,,,"Provides outreach, syringe exchange, and health services to people who use drugs",,Public Health,Executive Director,Jeremiah_AI_v2_Standardized,Yes
Kate Rubin,Brooklyn (External),"Advocacy, Legal Services",Other,Youth Justice,Justice-Impacted Youth,697,Justice,,Legal services and advocacy for justice-involved youth,,Legal Advocacy,Director of Policy,Jeremiah_AI_v2_Standardized,Yes
Salar Abdoh,City College,"Storytelling, Cultural Engagement",Faculty Research,Humanities,General Public,702,Civic,,Civic storytelling and cultural engagement,,Humanities,Professor & Director of Creative Writing,Jeremiah_AI_v2_Standardized,Yes
Eddie Ellis,The Center for NuLeadership on Human Justice,"Healing, Leadership",Community Program,Justice,Formerly Incarcerated Individuals,701,Human Justice,,"Led by formerly incarcerated people, focused on human justice and healing",,Justice Reform,Co-Founder,Jeremiah_AI_v2_Standardized,Yes
Dr. Phillip Atiba Goff,Co-Founder & CEO,"Data Science, Disparities Reduction",Other,Criminal Justice,Justice-Impacted Individuals,703,Racial Equity,,Uses data science to reduce racial disparities in policing,,Justice Reform,Mentor,Jeremiah_AI_v2_Standardized,Yes
Jalak Jobanputra,Brooklyn (External),Legal Support,Other,Justice Reform,Individuals in Crisis,699,,,Provides immediate legal support during arrests via hotline,,Justice Reform,Co-Founder,Jeremiah_AI_v2_Standardized,Yes
Jill Eisenhard,Brooklyn (External),"Community Building, Youth Development",Community Program,Health,"Red Hook Community, Youth",700,,,"Youth development and community building in Red Hook, Brooklyn",,Community Health,Founder & Executive Director,Jeremiah_AI_v2_Standardized,Yes
Nick Hanauer,Brooklyn (External),"Think Tank Leadership, Narrative Change",Other,Economic Equity,General Public,705,Progressive Movement,,Progressive think tank focused on economic equity and narrative change,,Civic Innovation,Founder,Jeremiah_AI_v2_Standardized,Yes
Robert Wallace,College of Staten Island,"Program Development, Faculty Research Support, Student Career Services, Workforce Development, Auxiliary Services",Admin,"Economic Development, Community Partnerships, Government Relations","Students, Faculty, Corporate Partners, Government Agencies, Community Members",706,"Civic Prosperity, Individual Potential, Community Potential, Regional Potential, Global Potential",,"
                        
            Welcome to the Division of Economic Development and Community Partnerships
The Division of Economic Development and Community Partnerships 
advances the College of Staten Island's position as a trusted community 
leader, partner, and valued resource by promoting civic prosperity 
through the realization of individual, community, regional, and global 
economic and social potential.
The Division oversees an expansive portfolio with over 4,000 
pre-college, professional certificate, and matriculated students. In 
addition to advancing diverse educational programming for students, the 
division supports faculty research and innovation, government relations,
 the corporate engagement arm of advancement, specialized student career
 services, student residential life, workforce development, auxiliary 
services, and community-based centers and programming The Division also 
generates needed resources to support and advance the College's overall 
mission, vision, and values.
      
                  ",,Executive Legal Counsel and Chief Administrator in Charge of Community Partnerships and Government Relationships,Admin / Outreach,Jeremiah_AI_v2_Standardized,Yes
Beyond Eeducational Enrichment,Staten Island(external),"Mentorship, Resource Provision, Financial Literacy Support",Career support,"Education, Professional Development","Youth, Adults, Fathers",704,"Empowerment, Community Growth",,"Community and student work: BEE is a Staten Island-based non-profit committed to empowering individuals and fostering community growth.
• Community:
 Provides resources and support for both youth and adults, with programs
 like financial literacy and ""Chat and Chews for Fathers"". They aim to 
provide a safe and nurturing environment and improve the quality of life
 in the communities they serve.
• College students:
 Offers a ""Bridge Program"" with mentorship and resources to help youth 
and adults transition successfully into new educational or professional 
opportunities.",,"Offers a ""Bridge Program"" with mentorship and resources to help youth and adults transition successfully into new educational or professional opportunities. ",Program Office,Jeremiah_AI_v2_Standardized,Yes
Susan C. Ball,CUNY School of Medicine,Ethics,Faculty Research,Medicine,Healthcare Professionals,711,,,Narrative medicine and ethics,,Practice of Medicine,Clinical Professor Co-Course Director,Jeremiah_AI_v2_Standardized,Yes
Brad Heckman,The New York Peace Institute,"Mediation, Service Provision",Community Program,Conflict Resolution,General Public,709,,,Provides free mediation and conflict resolution services across NYC,,Conflict Resolution,Founder,Jeremiah_AI_v2_Standardized,Yes
Peter Goldberg,Bronx(external),Bail Support,Other,Criminal Justice,"Low-Income Individuals, Defendants",710,Justice Reform,,Pays bail for low-income defendants in NYC courts,,Justice Reform,Co-Founder,Jeremiah_AI_v2_Standardized,Yes
Christina Lewis,Brooklyn (External),Career Development,Career support,Technology,Young Men of Color,708,,,Prepares young men of color for careers in tech,,Youth Tech,Founder,Jeremiah_AI_v2_Standardized,Yes
Kimberly Bryant,Brooklyn (External),Innovation Empowerment,STEM Pipeline,STEM,Girls of Color,707,,,Empowers girls of color to become innovators in STEM fields,,Youth Tech,Founder,Jeremiah_AI_v2_Standardized,Yes
Keenan Davis,Brooklyn (External),Leadership Training,Civic Engagement Training,Youth Development,"Young Women, Gender-Expansive Youth",715,,,Empowers young women and gender-expansive youth through leadership training,,Youth Leadership,Executive Director,Jeremiah_AI_v2_Standardized,Yes
Vittoria Catalfamo,Impact Hub NYC,"Startup Ecosystem Building, Partnership Development",Innovation Hub,"ESG, Sustainability","Entrepreneurs, Investors",714,SDGs,,"Partnered with Princeton, SDG-focused, startup ecosystem builder",,ESG Investor Pulse,Designer / Site Lead,Jeremiah_AI_v2_Standardized,Yes
"Joseph Awadjie
                                
                            ",Lehman College,Compliance,Student Opportunity,Student Life,Students,716,,,,,"University Director for Student Life, Engagement and Compliance",Director,Jeremiah_AI_v2_Standardized,Yes
David Garza,Brooklyn (External),"Program Development, Service Provision",Community Program,"Social Services, Arts, Health",Lower East Side Residents,712,,,"Provides social services, arts, and health programs on the Lower East Side",,Community Services,President & CEO,Jeremiah_AI_v2_Standardized,Yes
Jennifer Mitchell,Harlem(External),Leadership,Mentorship,"Youth Justice, Policy, Mentorship","Youth, General Public",713,Justice,,"Harlem-based org focused on youth justice, policy, and mentorship",,Workforce Equity,Executive Director,Jeremiah_AI_v2_Standardized,Yes
Lurie Daniel Favors,Brooklyn (External),"Legal Advocacy, Research",Faculty Research,Racial Justice,Central Brooklyn Community,719,Justice,,Legal advocacy and research for racial justice in Central Brooklyn,,Legal Advocacy,Executive Director,Jeremiah_AI_v2_Standardized,Yes
Caribbean Student Association,Baruch College,"Cultural Awareness Promotion, Unity Building",Student Opportunity,Caribbean Studies,"Students, Campus Community",718,Progress through Human Development,,"Their organization has a proud track record of maintaining an active presence on campus, and inspiring a culture of unity, mutual respect and progress through human development. ",,The mission of The Caribbean Student Association (CSA) is to promote Caribbean political and cultural awareness among all students at Baruch College.,Student Org Leader,Jeremiah_AI_v2_Standardized,Yes
Jeremy Saunders,Brooklyn (External),Grassroots Advocacy,Other,"Drug Policy, Housing, HIV/AIDS",Justice-Impacted Individuals,720,Justice,,"Grassroots advocacy for drug policy, housing, and HIV/AIDS justice",,Justice Reform,Co-Executive Director,Jeremiah_AI_v2_Standardized,Yes
Twyla Carter,Brooklyn (External),"Legal Defense, Advocacy",Other,Criminal Justice,"Low-Income Individuals, New Yorkers",717,Justice,,Provides legal defense and advocacy for low-income New Yorkers,,Legal Services,Attorney-in-Chief,Jeremiah_AI_v2_Standardized,Yes
Donna Lieberman,Brooklyn (External),"Litigation, Advocacy",Other,"Civil Rights, Liberties",General Public,722,Justice,,Defends civil rights and liberties through litigation and advocacy,,Civil Liberties,Executive Director,Jeremiah_AI_v2_Standardized,Yes
Geoffrey Canada,Harlem(External),"Support Coordination, Empowerment",Career support,"Youth Development, Education","Harlem Youth, General Public",725,Social Justice,,Comprehensive cradle-to-career support for Harlem youth,,Youth Empowerment,Founder,Jeremiah_AI_v2_Standardized,Yes
Rachel Levy,Brooklyn (External),"Self-Defense Programming, Empowerment",Community Program,Gender Justice,"Women, LGBTQ+",724,,,Offers self-defense and empowerment programs for women and LGBTQ+ communities,,Gender Justice,Executive Director,Jeremiah_AI_v2_Standardized,Yes
Jasmine Cardona,College of Staten Island,"Partnership Development, Funding Facilitation, Research Collaboration, Student Internship Placement, Career Opportunity Development",Innovation/Entrepreneurship,Economic Development,"Private Industry, Faculty, Students, Philanthropic Foundations",723,Corporate Engagement,,"The College of Staten Island Corporate Engagement team develops and stewards partnerships with private industry, fostering opportunities for faculty research collaboration, student internships and career opportunities, and resource support for the College. The team also facilitates opportunities for funding through philanthropic foundation",,the Executive Director of Economic Development and Community Partnerships,Executive Director,Jeremiah_AI_v2_Standardized,Yes
Cara Page,The Audre Lorde Project,Community Organizing,Civic Engagement,"LGBTQ+, Racial Equity","LGBTQ+ People of Color, NYC Community",727,Social Justice,,Community organizing for LGBTQ+ people of color in NYC,,LGBTQ+ Justice,Director,Jeremiah_AI_v2_Standardized,Yes
Jordan Kimbrough,Staten Island(external),"Career Training, Internships, Residencies, Service-Learning Projects, Museum Operations, Exhibition Design, Fundraising, Marketing, Development, Curatorial Practices",Mentorship,"Arts, Education, Sustainability","College Students, Artists, CUNY Students",726,"Education, Career Development, Arts and Culture",,"Opportunities for college students Snug Harbor provides several opportunities for college students, including career training, residencies, and internships:
• College collaborations:
 The Heritage Farm partners with local colleges like Wagner College and 
NYU to offer service-learning projects, apprenticeships, and internships
 related to urban farming and sustainable agriculture.
• Arts internships:
 The Visual Arts program offers internships in arts administration, 
curatorial practices, marketing, and development. Interns gain 
experience in museum operations, exhibition design, and fundraising.
• Artist residencies:
 The Snug Harbor Artist Residency Program (SHARP) is an eight-week 
fellowship for post-BFA artists from diverse backgrounds, providing a 
bridge from formal training to a professional career.
• CUNY Dance Initiative:
 Snug Harbor is a partner with the CUNY Dance Initiative and hosts 
artists-in-residence and performances involving CUNY students.
• Bloomberg Arts Mentors:
 Snug Harbor partners with organizations like the Studio Institute and 
Bloomberg Philanthropies to provide meaningful career training for 
college students.",, the Snug Harbor Cultural Center & Botanical Garden has an Event Partnerships Manager,Program Manager,Jeremiah_AI_v2_Standardized,Yes
Khary Lazarre-White,Harlem(External),"Mentorship, Leadership Development",Mentorship,"Youth Justice, Policy","Youth, Community",728,Justice,,"Harlem-based org focused on youth justice, policy, and mentorship",,Youth Leadership,Executive Director,Jeremiah_AI_v2_Standardized,Yes
Amit Paley,Brooklyn (External),"Crisis Intervention, Suicide Prevention",Other,Mental Health,LGBTQ+ Youth,731,Youth Support,,Crisis intervention and suicide prevention for LGBTQ+ youth,,Mental Health,CEO,Jeremiah_AI_v2_Standardized,Yes
Carrie Bishop,Brooklyn (External),Design,Community Program,Public Sector Innovation,"Government Officials, Citizens",730,Innovation,,Human-centered design for public sector innovation,,Civic Design,Co-Founder,Jeremiah_AI_v2_Standardized,Yes
Jenny Landsman,Lehman College,"Service Coordination, Volunteer Management, Food Security Initiatives, Eco-Friendly Commuting Options, Academic Credit for Service Learning",Student Opportunity,"Community Engagement, Service-Learning, Sustainable Development, Environmental Conservation","Students, Local Community, Global Community, Justice-Impacted Individuals, Homeless Shelters, Hospitals, High School Students in STEM fields",729,"Civic Responsibility, Positive Social Change, Community Oriented Service Projects",,"The Office of Community Engagement and New Student Programs at Lehman College connects students with the local and global community through service-learning, volunteer work, and new student orientation.
 The office's initiatives promote civic responsibility and positive 
social change while enriching students' educational experience. Community engagement programs
• https://www.google.com/viewer/place?mid=/g/11c54ftl_r&sa=X&ved=2ahUKEwjP-pSnm--PAxWWhIkEHavhGtoQqdYPegQIBhAC:
 Supports students on community service trips to national and 
international locations. Students have traveled to countries like the 
Dominican Republic and Kenya to aid communities in sustainable 
development.
• Great Days of Service:
 The office organizes large-scale fall and spring events for students to
 participate in community-oriented service projects, such as planting 
trees or donating meals.
• Bronx partnerships: https://www.google.com/viewer/place?mid=/g/1tc_ryqf&sa=X&ved=2ahUKEwjP-pSnm--PAxWWhIkEHavhGtoQqdYPegQIBhAG
 collaborates with local organizations and schools for a variety of 
projects. These include tutoring, mentoring high school students in STEM
 fields, volunteering at homeless shelters and hospitals, and conducting
 clothing drives.
• Local food initiatives:
 Partnerships with organizations like the Food Bank provide students 
with food security resources. These initiatives address basic needs 
while promoting local community engagement.
• Environmental initiatives:
 The office coordinates volunteer events like ""Bronx is Blooming,"" which
 focuses on local park cleanup and tree mulching. It also promotes 
eco-friendly commuting options through partnerships with programs like 
Clean Air NY's Campus program.
• Community learning:
 The office helps facilitate service-learning courses where students 
gain practical, hands-on experience in the community while earning 
academic credit. The ""Lehman Community Connect"" portal helps match 
students with these service initiatives",,Primary contact ,CUNY,Jeremiah_AI_v2_Standardized,Yes
Yuliya Shneyderman,BMCC,Staff,Faculty Research,Health Education,LGBTQI+ Individuals,732,,,,,Associate Professor of Health Education (CUNY LGBTQI+ Council),Staff,Jeremiah_AI_v2_Standardized,Yes
Annel Hernandez,Brooklyn (External),"Campaigning, Advocacy",Other,"Climate, Economic Justice","New Yorkers, Environmental Advocates",735,Justice,,Coalition fighting for climate and economic justice in New York State,,Climate Justice,Campaign Director,Jeremiah_AI_v2_Standardized,Yes
Doug Lasdon,Brooklyn (External),Advocacy,Community Program,Legal Services,Marginalized Communities,734,Justice,,Provides legal services and advocacy for marginalized communities,,Legal Advocacy,Executive Director,Jeremiah_AI_v2_Standardized,Yes
Victoria Munro,Staten Island(external),"Partnerships, Internships and Volunteering, Garden Maintenance, Program Development, Research, Public Programs, Event Planning, Accessibility Improvement",Mentorship,"Education, Arts, History, LGBTQ+, Photography","College Students, K-12 Students, Community Organizations, General Public, NYC Students",733,"Education, Arts and Culture, LGBTQ+ Rights",,"
The Alice Austen House engages the community and college students 
through its educational programs, partnerships, and focus on queer 
history. For college students:
• Partnerships:
 The museum has partnered with institutions like Pratt Institute and 
Cooperstown University for specific projects. For example, Pratt 
students collaborated to reimagine the house as a community anchor, and 
Cooperstown students helped develop audio and touch-based tours.
• Internships and Volunteering:
 The house offers opportunities for volunteers and interns to assist 
with garden maintenance, programs, and research, providing hands-on 
experience in museum work.
• Queer Ecologies Garden:
 A project maintained with students from the Graduate Center for 
Planning and the Environment, this community garden is a safe space that
 provides pathways to careers in horticulture, parks, and museums. 
• For the community:
• Educational Programs:
 Through its Education Department, the museum collaborates with schools 
and community organizations across New York City to provide arts-based 
education. These programs cover photography, women's history, and LGBTQ+
 studies for K–12 students.
• Public Programs:
 The house hosts a variety of public programs, including contemporary 
photography exhibitions, performances, and community celebrations.
• Outdoor Space and Events:
 The museum uses its waterfront park to frame views from Austen's 
photographs, inviting public engagement. It plans to further activate 
this space for community gatherings.
• Accessibility: The museum has invested in improving accessibility for its public programs and the historic site.
• Roaming Image Lab:
 The museum operates a mobile workshop that brings photographic 
education and equipment to NYC students, connecting with the community 
beyond its physical location.",,the Executive Director of the Alice Austen House,Executive Director,Jeremiah_AI_v2_Standardized,Yes
David Baluarte,CUNY Law School,"Policy Leadership, Curriculum Design",Admin,Academia,Higher Education,736,,,"Policy leadership, curriculum design",,Academic Affairs,Senior Associate Dean,Jeremiah_AI_v2_Standardized,Yes
Dan Ryan,Staten Island(external),"Grant Opportunities, Program Development, Content Creation, Mentorship, Networking",Media/Journalism,"Community Development, Local News, Business Support, Marketing, Diversity and Inclusion","College Students, Underrepresented Communities, General Public, Local Businesses",738,"Community Engagement, Social Impact",,"
Community initiatives
• Local news coverage: As the publisher of the Staten Island Advance and SILive.com, the group is a leading source of local news for the community.
• Business support:
 During and after the COVID-19 pandemic, the group offered matching 
grant opportunities and other special programs to support local 
businesses.
• Marketing for local causes: Through its silive studios program, the group helps local businesses and community members produce content to showcase their community involvement.
• Diversity and Inclusion Committee: The group has a committee focused on diversifying the voices in its journalism and engaging with underrepresented communities. 
• Programs for college students
• General internships: While the Staten Island Media Group does not advertise a specific partnership, the nearby College of Staten Island (CSI) offers a required ""Media Internship"" course for its communications majors. Students in this program can and do find internship opportunities with local media organizations like the Staten Island Media Group.
• Diversity and Inclusion mentorship:
 Kelli DeSantis, the group's event manager, participates in mentorship 
events like ""Mentoring Monday,"" which could provide networking 
opportunities for students",,the Advertising Director,Director,Jeremiah_AI_v2_Standardized,Yes
Rob Grosso,Staten Island(external),"Strengthening Member Nonprofits, Providing Internships and Experience, Offering Scholarships and Financial Aid, Organizing Volunteer Opportunities, Supporting Youth Development Programs",Civic Leadership & Innovation,"Nonprofit Management, Community Development","College Students, Local Nonprofits, Youth at Risk",737,"Community Service, Higher Education Support",,"
While NPSI's focus is on supporting other nonprofits, many of its member
 organizations provide direct benefits to students. NPSI supports these 
initiatives by strengthening the member nonprofits that run them. In addition, the following resources are available to college students through NPSI's member network:
• Internships and experience:
 The College of Staten Island's Verrazzano Honors Program mandates 
community service with local nonprofits, many of which are NPSI members.
• Scholarships and financial aid:
 Organizations in the network, like Staten Island ACHIEVE, offer 
scholarships and mentoring to local students. Other member foundations 
also provide support for higher education.
• Volunteer opportunities: Students can volunteer with various member organizations focused on youth development, social issues, and more.
• Youth development programs: Member organizations like United Activities Unlimited and A Chance in Life focus on serving at-risk youth.",,Program Manager of Nonprofit Staten Island (NPSI),Program Manager,Jeremiah_AI_v2_Standardized,Yes
Jeanne Chan ,Queens College,"Community-Based Learning, Placement Coordination",Faculty Research,Urban Studies,"Students, General Public",739,,,"Oversees community-based learning & placements.

",,Main contact of urban studies ,Staff,Jeremiah_AI_v2_Standardized,Yes
AiLun Ku,Brooklyn (External),Pathway Connection,Student Support,Education,Underrepresented Students,740,Equity,,Connects underrepresented students to career and college pathways,,Education Equity,President & CEO,Jeremiah_AI_v2_Standardized,Yes
Sydney Andino-Briglall,CUNY SPS,"Compliance Insights, Access Equity",Staff,Education,Students,742,Equity,,"Equity in education access, compliance insights",,Academic Affairs,Credit for Prior Learning Specialist,Jeremiah_AI_v2_Standardized,Yes
Kate Rooney,Staten Island(external),Leadership,Student Opportunity,Non-Profit,Philanthropic Community,741,Social Impact,,The Elizabeth Dubovsky Fellowship,,Chairwoman of the Board of Directors Staten Island Foundation,President & CEO,Jeremiah_AI_v2_Standardized,Yes
Rebecca Novak,Brooklyn (External),"Training, Career Development",Student Support,"Education, Technology",High School Students,743,,,Trains high school students in coding and tech careers,,Youth Tech,Executive Director,Jeremiah_AI_v2_Standardized,Yes
Afua Atta-Mensah,Brooklyn (External),"Organizing, Policy Work",Civic Engagement,Civic Engagement,Low-Income People,747,Power Building,,Builds power among low-income people through organizing and policy work,,Civic Engagement,Executive Director,Jeremiah_AI_v2_Standardized,Yes
Crystal Walthall,Brooklyn (External),"Organizing, Data Analysis",Other,Civic Engagement,Communities of Color,748,Power Building,,Builds power in communities of color through organizing and data,,Civic Engagement,Executive Director,Jeremiah_AI_v2_Standardized,Yes
Victoria Wejchert,Brooklyn (External),Funding Mechanism,Other,Civic Tech,"Consumers, Nonprofits",744,Social Impact,,Enables consumers to fund nonprofits through everyday purchases,,Civic Tech,Founder & CEO,Jeremiah_AI_v2_Standardized,Yes
Isabel Abarca,City College,Mentorship,Faculty/Staff,STEM,Students,745,,,"STEM career pipeline, great for mentorship",,CUNY STEM Hub,Career Launch Coordinator,Jeremiah_AI_v2_Standardized,Yes
Melanie Hartzog,Brooklyn (External),Service Provision,Community Program,"Child Welfare, Mental Health, Education","Families, Children",746,,,"Provides child welfare, mental health, and education services",,Family Services,President & CEO,Jeremiah_AI_v2_Standardized,Yes
Betsy MacLean,Brooklyn (External),"Participatory Planning, Design",Community Program,Urban Planning,Equity-Focused Communities,749,Community Development,,Equitable community development through participatory planning and design,,Urban Planning,Executive Director,Jeremiah_AI_v2_Standardized,Yes
Jare Hester,Craig Newmark Graduate School of Journalism,Editorial Partnerships,Student Opportunity,,,753,,,Director of Editorial Partnerships,,"Director of Editorial Partnerships,",Director,Jeremiah_AI_v2_Standardized,Yes
Aaron Zimmerman,Brooklyn (External),Workshop Facilitation,Other,Arts,Underrepresented Voices,750,,,Amplifies unheard voices through creative writing workshops,,Arts & Equity,Founder & Executive Director,Jeremiah_AI_v2_Standardized,Yes
Leonilde Colon,College of Staten Island,"Paid Internship or Summer Research Opportunity, Scholar's Position, Educational Workshops, Peer Tutoring, Ambassador Opportunities",Student Opportunity,"Science, Technology, Education","Students, Middle and High School Students",751,CSTEP Program,,"CSTEP Benefits
• Students with grade point averages of 2.9 and higher can receive a 
paid internship or summer research opportunity in the various fields of 
Science, Technology or Education.
• Students with grade point averages of 2.9 are eligible for a 
scholar's position working on campus or in middle or high school 
setting; students will receive a stipend for a total of 144 hours of 
service for the academic year.
• Students will be given the opportunity to participate in educational
 workshops throughout the academic year and serve as an Ambassador at 
the Statewide CSTEP Science Research Competition in Lake George, New 
York.
• Students with grade point averages of 3.0 are given the opportunity 
to apply for (LSAMP), the Louis Stokes Alliance for Minority 
Participation Program, in which scholarships up to 5,000.00 for 
undergraduate studies are awarded.
• Students having trouble in their subject areas can receive tutoring from the CSTEP peer-tutoring group.
• Students will graduate with in depth – views on science, technology,
 education and an enhanced understanding for their desired field of 
study. ",,Program Coordinator for the CSTEP (Collegiate Science and Technology Entry Program),Program Coordinator,Jeremiah_AI_v2_Standardized,Yes
JoAnne Page,Brooklyn (External),"Housing Support, Education Support, Employment Support",Other,Reentry,Formerly Incarcerated Individuals,752,,,"Supports formerly incarcerated individuals with housing, education, and employment",,Reentry Services,President & CEO,Jeremiah_AI_v2_Standardized,Yes
Maritza Silva-Farrell,Brooklyn (External),"Organizer Development, Influence Building",Other,"Policy, Training",Grassroots Organizers,755,NY Policy Systems,,Trains grassroots organizers to navigate and influence NY policy systems,,Policy & Training,Executive Director,Jeremiah_AI_v2_Standardized,Yes
Andrew Andron,Staten Island(external),"Community Outreach, Event Planning, Educational Interpretation, Apprenticeship Program, Internships, Research Access, Partnerships",Mentorship,"History, Preservation, Museum Work","General Public, College Students, High School Students",754,"Civic Engagement, Education",,"How Historic Richmond Town serves the communityAs the oldest cultural institution on Staten Island, Historic Richmond Town uses its living history village, historical museum, and extensive collection of artifacts to connect with the public. Its community outreach efforts include: 
• Restoration and preservation:
 The organization maintains 40 historic structures across 112 acres, 
including New York City's oldest continually operating family farm.
• Public events: Historic Richmond Town
 hosts large annual events like the Richmond County Fair, pumpkin 
picking at Decker Farm, and holiday celebrations, which serve as key 
community fundraisers.
• Educational interpretation:
 Through period reenactments, workshops, and tours, the organization 
offers the public hands-on experiences that highlight centuries of 
Staten Island history. 
• How Historic Richmond Town serves college studentsThe
 institution offers several avenues for college students to get involved
 and gain experience in the fields of history, preservation, and museum 
work:
• Apprenticeship program:
 A service-learning program for high school students, which also 
involves college students, offers the opportunity to work alongside 
staff and gain experience in living history trades like tinsmithing and 
broom making.
• Internships:
 The organization offers both administrative and collections-based 
internships, which provide real-world experience relevant to future 
museum or preservation careers.
• Research access: Historic Richmond Town
 provides access to its vast collection of artifacts, photos, and 
archives for research purposes, which supports academic projects and 
other humanities work.
• Partnerships:
 The museum also collaborates with academic institutions, such as the 
partnership with the College of Staten Island on historical topics 
related to the borough's development.",,the Director of Business Development at Historic Richmond Town,Director,Jeremiah_AI_v2_Standardized,Yes
Neil Calman,The Institute for Family Health,"Service Delivery, Professional Development",Other,Healthcare,Underserved Populations,756,,,Provides affordable health care and trains future health professionals,,Community Health,President & CEO,Jeremiah_AI_v2_Standardized,Yes
 Faith D'Alessandro,Staten Island(external),"Program Development, Partnership Building, Inclusivity, Internship Management, Fellowship Management, Volunteer Coordination",Community Program,"Museum Studies, Community Engagement","General Public, College Students, Local Businesses, Grassroots Organizations",758,"Community Outreach, Diversity, Equity, and Inclusion",,"How the museum engages the communityThe https://www.google.com/viewer/place?mid=/m/02zt_l&sa=X&ved=2ahUKEwiLmcz0yO-PAxWQGVkFHeUqMOgQqdYPegQIBhAC engages the community through a variety of programs and partnerships: 
• Programs and events: The museum hosts public programs, educational activities, and special events for all ages.
• Outreach:
 The museum extends its reach beyond its physical location to street 
fairs and community centers, providing creative and STEAM activities for
 children.
• Partnerships with local organizations: The museum collaborates with local businesses and grassroots organizations to support the community.
• Inclusivity:
 The museum is committed to diversity, equity, and inclusion, striving 
to be welcoming to all visitors and building a culture of diverse 
voices. Opportunities for college studentsThe museum offers several opportunities for college students, which are all active: 
• Internships: The museum offers undergraduate and postgraduate students a chance to explore museum careers and gain professional experience.
• Paid programs:
 It participates in programs like the Arts Intern program, which offers 
paid, nine-week summer internships for college students with financial 
need.
• Fellowships:
 Paid fellowships are available to provide mentorship and meaningful 
experience for students and early-career individuals in the cultural 
field.
• Volunteer positions: College students can also get involved as volunteers, serving as docents or assisting with special events.",,the Chief Development Officer for Staten Island Museum,Chief Officer,Jeremiah_AI_v2_Standardized,Yes
Javier H. Valdés,Brooklyn (External),Power Building,Other,Immigration,"Immigrant Communities, Working-Class Communities",757,,,Builds power among immigrant and working-class communities,,Immigrant Rights,Co-Executive Director,Jeremiah_AI_v2_Standardized,Yes
Plinio Ayala,Brooklyn (External),Training & Education,Career support,"Workforce Development, Technology",Underserved Communities,763,,,Provides tuition-free tech training for underserved communities,,Workforce Equity,President & CEO,Jeremiah_AI_v2_Standardized,Yes
Julie Shapiro,Brooklyn (External),"Comprehensive Service Provision, Housing Support, Health Support, Legal Aid",Civic Leadership & Innovation,Youth Services,NYC Youth,760,,,"Offers comprehensive services to NYC youth including housing, health, and legal aid",,Youth Services,Executive Director,Jeremiah_AI_v2_Standardized,Yes
stem,College of Staten Island,"Workforce Development, Community Engagement, Cultural Exchange Facilitation, International Partnership Encouragement",STEM Pipeline,"STEM, Diversity & Inclusion","Underrepresented Populations in STEM, High School Students, Local Community, Campus Community",762,"Diversity & Inclusion, Economic Development",,"Encouraging diversity in STEM:
 CSTEP and STEP actively work to increase the representation of 
underrepresented populations in STEM and licensed professions, fostering
 a more diverse workforce.Local outreach:
 CSI's initiatives have historically engaged the local community by 
providing programming for high school students, including tech 
entrepreneur camps.Workforce development:
 By training future STEM professionals, CSI helps fill high-demand, 
high-paying jobs in fields that are crucial for the state and national 
economy.Community engagement:
 The college's Center for Global Engagement facilitates cultural 
exchanges and encourages international partnerships, enriching both the 
campus and the wider community.",,program lead for stem college of Staten island,Program Lead,Jeremiah_AI_v2_Standardized,Yes
Maria Torres,Bronx(external),"Activism, Program Development",Community Program,"Arts, Youth Development, Environmental Justice","Youth, Bronx Community",761,Social Justice,,"Promotes youth arts, activism, and environmental justice in the Bronx",,Arts & Youth,Co-Founder & President,Jeremiah_AI_v2_Standardized,Yes
Shawn smith ,Harlem(External),"Volunteer Management, Partnership Development",Community Engagement,Education,"Neighborhood Residents, Youth, Adults",759,,,"major neighborhood hub (adult ed, youth, economic dev); volunteers & partnerships.",,Director of union settlement ,Staff,Jeremiah_AI_v2_Standardized,Yes
Christie Peale,Brooklyn (External),"Foreclosure Prevention, Affordable Homeownership Promotion",Other,Housing,"Homeowners, Low-Income Individuals",765,Social Justice,,Promotes affordable homeownership and foreclosure prevention,,Housing Equity,CEO,Jeremiah_AI_v2_Standardized,Yes
Keenan Davis,Brooklyn (External),"Leadership Training, Empowerment",Community Engagement,Youth Development,"Young Women, Gender-Expansive Youth",764,,,Empowers young women and gender-expansive youth through leadership training,,Youth Leadership,Executive Director,Jeremiah_AI_v2_Standardized,Yes
Nisha Anand,Brooklyn (External),"Policy Development, Innovation",Other,"Justice, Climate",General Public,766,Equity,,Builds economic and climate equity through policy and innovation,,Justice & Climate,CEO,Jeremiah_AI_v2_Standardized,Yes
Murad Awawdeh,Brooklyn (External),"Advocacy, Policy Reform",Other,Immigration,Immigrant Communities,768,Justice,,Advocates for immigrant rights and policy reform,,Immigrant Justice,Executive Director,Jeremiah_AI_v2_Standardized,Yes
Russia Boles,Staten Island(external),"Environmental Advocacy, Hands-on Workshops, Community Events, Workforce Development, Targeted Support, Skills Development",Community Engagement,"Environmental Stewardship, Urban Development","Underserved Communities, College Students, Young People (ages 16-24), Women, LGBTQIA+ Youth, Youth of Color",767,"Environmental Justice, Green Economy",,"How Bee University NYC serves the community and college studentsBee
 University NYC uses hands-on beekeeping and environmental stewardship 
to educate and empower urban communities, with programs specifically 
designed for young people and students. For the community:
• Environmental advocacy:
 The organization promotes environmental justice by advocating for green
 spaces in underserved communities, tackling issues like climate change,
 and strengthening community resilience.
• Hands-on workshops:
 Bee-U hosts interactive hive experiences, honey tastings, and beeswax 
workshops for community members of all ages to learn about beekeeping 
and the environment.
• Community events:
 They host free and low-cost events, such as the annual Opening Day in 
Maker Park, to educate the public on bees and environmental issues. 
• For college students and young people (ages 16–24):
• Urban Beekeeping Fellowship:
 This paid, hands-on program trains young people in beekeeping, 
leadership, and environmental advocacy. It includes lessons on 
environmental justice and potential career paths in the green economy.
• Workforce development:
 The organization provides graduates with a ""Green Jobs Pipeline,"" 
offering pathways to employment through connections with partner 
organizations, apprenticeships with the New York Bee Club, and 
opportunities to be hired as program coordinators.
• Targeted support:
 The program prioritizes applicants who are underrepresented in the 
green jobs industry, such as women, LGBTQIA+ youth, and young people of 
color.
• Skills development:
 Beyond beekeeping, participants develop teamwork, leadership, and 
socio-emotional skills, empowering them to become future environmental 
leaders",,Corporate Partnerships Manager,manager,Jeremiah_AI_v2_Standardized,Yes
"Jose Lopez, Arlenis Morel, and Sienna Fontaine",Staten Island(external),"Community Organizing, Civic Engagement, Legal Services, Policy Innovation, Advocacy, Education, Internship Placement, Research, Project Management",Civic Leadership & Innovation,"Immigration, Housing, Worker Protections, Education, Healthcare","Immigrant Communities of Color, Working-Class Communities, College-Bound Students, Undocumented Students",769,"Social Justice, Civic Reform",,"
Make the Road New York is a multi-service, member-led organization that 
builds the power of immigrant and working-class communities of color 
through community organizing, legal services, transformative education, 
and policy innovation. Community programs: 
• Community Organizing and Civic Engagement:
 Mobilizes community members to advocate for policies on issues like 
immigrant rights, housing, and worker protections. This includes voter 
registration and education.
• Legal Services: Provides bilingual legal services covering immigration, housing, employment, and civil rights.
• Health Access:
 Assists community members with health insurance enrollment, SNAP (food 
benefits) enrollment, and provides health education and emergency food 
pantries.
• Adult Literacy: Offers classes in English for Speakers of Other Languages (ESOL), computer literacy, and citizenship test preparation. 
• Programs for college studentsMake
 the Road New York focuses on supporting young people, including those 
who are college-bound, and offers opportunities for students to get 
involved through various programs and internships. College student programs and opportunities:
• Youth Power Project:
 This program empowers young people to become leaders and advocate for 
change. They focus on issues like educational justice, including 
improving school climate and ending punitive policies.
• College Access:
 The organization's Student Success Centers provide one-on-one and group
 guidance for the college application and financial aid process. Their 
model has a high college acceptance rate among participants and has been
 replicated across New York City.
• Internships:
 Make the Road New York offers internships, including legal internships,
 for students interested in mission-driven work. These programs provide 
hands-on experience in areas like advocacy, research, and project 
management.
• Advocacy and Education:
 The organization was a key advocate for the New York Dream Act, which 
provides undocumented students with access to state financial aid for 
higher education.",,Make the Road New York The organization is led by Co-Executive Directors,Co-Executive Directors,Jeremiah_AI_v2_Standardized,Yes
Daniel Wong,NYC College of Technology,"Design Innovation, Industry Ties",Faculty Research,Communication,Professionals,772,,,"Leads design innovation, strong industry ties",,Communication Design,Chair / Professor,Jeremiah_AI_v2_Standardized,Yes
Miriam Altman,Brooklyn (External),Platform Development,Community Advocacy,Education,"Families, Students",774,,,Attendance and family engagement platform,,Education Equity,Co-Founder,Jeremiah_AI_v2_Standardized,Yes
Vince Warren,The Center for Constitutional Rights,Legal Advocacy,Other,"Racial Justice, Gender Justice, Economic Justice","Minority Groups, Women, Low-Income Individuals",771,Justice,,"Legal advocacy for racial, gender, and economic justice",,Civil Rights,Executive Director,Jeremiah_AI_v2_Standardized,Yes
Sam Schaeffer,Brooklyn (External),"Job Training, Placement",Civic Engagement Training,Reentry & Incarceration,Formerly Incarcerated Individuals,773,,,Provides job training and placement for formerly incarcerated individuals,,Reentry Services,CEO,Jeremiah_AI_v2_Standardized,Yes
Bret Woodson ,Queens (External),Volunteer Coordination,Civic Leadership & Innovation,"Youth, Seniors, Food, Civic Programs","Youth, Seniors",770,,,"
youth, seniors, food, civic programs; frequent volunteers",,Director of queens community house,Staff,Jeremiah_AI_v2_Standardized,Yes
Dana Walker-Boyd,Staten Island(external),"Workshop Facilitation, Event Planning, Grant Writing, Digital Marketing, Strategic Planning, Networking",Innovation/Entrepreneurship,"Community Development, Education, Health, Entrepreneurship","Marginalized Communities, Communities of Color, College Students",775,"Social Justice, Community Empowerment",,"
For the community
• Workshops and educational programs:
 SICA hosts free workshops on topics such as homeownership, 
entrepreneurship, money management, and building Black wealth. In 
October 2025, it will offer a workshop series to support nonprofits with
 training on compliance, grant writing, digital marketing, and strategic
 planning.
• Cultural events:
 As a coalition of community organizations, SICA hosts the annual 
Juneteenth Freedom Festival to educate and celebrate marginalized 
communities.
• Health and wellness: SICA collaborates with other organizations to address health disparities among communities of color. 
• For college studentsWhile
 SICA's website does not list specific programs for college students, 
their initiatives support students indirectly in the following ways:
• Volunteer and internship opportunities:
 Partnerships with community-based and corporate entities suggest 
potential opportunities for college students to get involved with SICA's
 cultural events and workshops.
• Entrepreneurship training:
 The organization's focus on entrepreneurship and small businesses 
provides resources that can benefit college students interested in 
launching their own ventures.
• Networking:
 Events and mixers, such as one SICA held at the St. George Theatre in 
January 2024, offer networking opportunities with other local 
organizations and business professionals.",,Executive Director Staten Island Community Alliance Corp,Executive Director,Jeremiah_AI_v2_Standardized,Yes
Karen Argenti,Bronx(external),"Advocacy, Education, Volunteer Management, Community Outreach, Symposium Organization, Workshop Hosting",Community Advocacy,"Environmental Policy, Conservation, Historic Heritage","Bronx Community, College Students, General Public",776,"Environmental Justice, Community Involvement",,"
The BCEQ is an active 501(c)(3) organization involved in numerous local initiatives. Recent updates and activities include: 
• Ongoing Advocacy:
 They continue to take public stances on local issues, such as 
submitting testimony to the NYC Council in October 2023 regarding green 
infrastructure and climate change mitigation.
• Community Reports: In 2021, they completed an environmental justice research project focusing on health, wealth, and education in the Bronx.
• Recent Events: They have hosted events, including a ""Report to the Community"" conference in October 2023.
• Harlem River Working Group: The organization actively works to improve public access to the Harlem River and address related environmental concerns.
• Newsletters: BCEQ maintains a newsletter, The Current!, and sends action alerts to keep the community informed. 
• Contributions to the community and college studentsBCEQ's
 work is driven by community involvement and focuses on several key 
areas. The organization provides opportunities and benefits for 
community members and college students through: 
• Advocacy and Education:
 They promote clean air and water, and work to protect nature and 
historic heritage in the Bronx through environmental policy. They also 
raise awareness through symposiums and community outreach.
• Volunteer Activities: The BCEQ organizes hands-on conservation work, such as tree plantings, restoration activities, and beach clean-ups.
• Engaging Students:
 The organization has a history of involving college students, including
 events like a ""Students Explore Bronx Waterways"" initiative and hosting
 workshops at Manhattan College.
• Partnerships and Forums:
 By partnering with other groups like the Bronx River Alliance and 
holding events like the ""Speak Up Candidates Forum,"" they provide 
platforms for community dialogue on environmental issues.
• Local Action: As an all-volunteer organization, the BCEQ mobilizes community members to act on local environmental problems.",,corresponding secretary and primary email contact,manager,Jeremiah_AI_v2_Standardized,Yes
Jukay Hsu,Bronx(external),Training,Community Program,"Youth Development, Technology",Bronx Youth,779,,,Tech training for Bronx youth,,Youth Equity,Executive Director,Jeremiah_AI_v2_Standardized,Yes
Team Contact,Brooklyn (External),"Tool Development, Organizational Support",Civic Engagement,"Immigrant Issues, Civic Technology","Immigrant Women, Civic Organizations",777,Social Justice,,Tech tools for immigrant women and civic orgs,,Civic Tech,Co-Founder,Jeremiah_AI_v2_Standardized,Yes
Audrey Urcia,Staten Island(external),"Volunteer Coordination, Event Planning, Internship Opportunities",Cultural Empowerment,"Community Development, Non-Profit Management, Gardening","Local Community, College Students, Italian-American Heritage",778,"Cultural Preservation, Community Engagement",,"
The foundation heavily relies on volunteers to support its mission, 
particularly for its community garden, known as Nonno's Garden. 
• Nonno's Garden:
 Volunteers of all skill levels can help with planting, caring for, and 
harvesting vegetables and other produce. This program supports both the 
Belvedere Club's kitchen and a local Staten Island food pantry.
• Event support:
 As a non-profit organization that runs many public events, the 
foundation also needs volunteers for its festivals, cultural programs, 
and special functions.
    ◦ Internship opportunitiesThe
 Italian Cultural Foundation does offer internships to college students,
 as confirmed by social media posts where they have featured their 
summer interns. However, specific details about application procedures, 
departments, and deadlines are not listed on their website. For college students interested in internships, the recommended course of action is to:
• Network with other organizations:
 College students of Italian-American heritage can also look into other 
organizations like the Italian Language Foundation (ILF), which offers 
its own exclusive internships for college student members.
Getting involved with the Italian Cultural Foundation offers students valuable benefits beyond work experience:
• Community engagement: The experience allows students to connect with their local community and give back.
• Cultural immersion: It provides a hands-on way to learn about and preserve Italian heritage.
• Skill development: Students can gain practical experience in event planning, non-profit management, and gardening.
• Networking: It offers opportunities to network with professionals and other members of the Italian-American community",,person of contact ,Coordinator,Jeremiah_AI_v2_Standardized,Yes
Ashley Edwards,Brooklyn (External),Coaching,Other,Mental Health,Youth of Color,780,,,Text-based mental health coaching for youth of color,,Mental Health,Founder,Jeremiah_AI_v2_Standardized,Yes
Dr. John Andrejack,Queens College,"Appeals Handling, Service Office Routing",Faculty Research,Student Affairs,Students,782,,,"handles student appeals, could help route to service offices",,Director of Student Advocacy & Appeals,Staff,Jeremiah_AI_v2_Standardized,Yes
Andrea Wu,Staten Island(external),"Advocacy, Capacity Building, Coalition Building, Research, Service-Learning, Youth Leadership Development",Community Advocacy,"Children & Families, Education, Health Care, Policy","Asian American Pacific Islander (AAPI) Communities, High School Students, College Students, Teens",781,"Education Issues, Mental Health, Racial Healing",,"
CACF is the nation's only pan-Asian children and families' advocacy 
organization. Its work is primarily centered in New York and includes: 
• Policy and advocacy:
 CACF pushes for equitable access to funding, education, health care, 
and other support services for marginalized AAPI communities.
• Community support initiatives:
 The organization administers several funds, including the New York 
State AAPI Community Development Fund, to support AAPI-led and -serving 
community-based organizations across the state.
• Research: CACF conducts research to identify the needs of AAPI families and provides recommendations to address these issues.
• Capacity building: It helps organizations improve their ability to serve AAPI children and families.
• Coalition building: CACF brings together numerous community organizations to create a unified and powerful voice for the AAPI community. 
• What CACF does for college and high school studentsCACF has several programs specifically focused on youth leadership and development for high school and college students. 
• Asian American Student Advocacy Project (ASAP):
 This initiative helps AAPI high school students develop leadership 
skills to advocate for education issues affecting their communities.
• AAPI-LEAD:
 An annual youth conference series, it brings students together to learn
 about AAPI history, advocacy, and policymaking. In 2025, CACF expanded 
this program to Long Island for the first time.
• AAPI Youth Community Action Network (AYCAN): This network connects AAPI and allied teens from across the country for virtual discussions and service-learning projects.
• Healing Ourselves, Healing Our Communities:
 A program and workshop series designed for AAPI high school and college
 students, it promotes racial healing and supports mental health.
• Internships: CACF also offers summer internships for students, placing them within its policy, programs, and communications teams.",,Director of Operations,Director,Jeremiah_AI_v2_Standardized,Yes
Cyrill Gutsch,Brooklyn (External),"Design, Youth Engagement",Community Engagement,"Sustainability, Environmental Justice","General Public, Youth",786,Justice,,Environmental justice through design and youth engagement,,Sustainability,Founder,Jeremiah_AI_v2_Standardized,Yes
Catherine Bracy,Brooklyn (External),"Equity Advocacy, Tech Mobilization",Other,"Housing, Labor","Tech Workers, General Public",784,Social Justice,,Mobilizes tech workers for equity in housing and labor,,Civic Tech,Co-Founder,Jeremiah_AI_v2_Standardized,Yes
Holly Davenport,John Jay College,Partnership Development,Faculty Research,"Technology, Online Civic Engagement",General Public,785,Civic Project,,for tech or online civic project partnerships,,Interim Director,Staff,Jeremiah_AI_v2_Standardized,Yes
Jeffrey Perlman,Brooklyn (External),Energy Solutions,Other,Sustainability,Multifamily Housing Residents,783,,,Multifamily housing energy solutions,,Sustainability,CEO,Jeremiah_AI_v2_Standardized,Yes
Rebeca Minguela,Brooklyn (External),Data Platform Development,Innovation/Entrepreneurship,Finance,Financial Institutions,789,,,ESG data platform for financial institutions,,ESG Analytics,CEO,Jeremiah_AI_v2_Standardized,Yes
Raymond Patton,John Jay College,Community Engagement,Faculty Research,Civic,Honors Students,788,Education,,civic / community engagement in honors curricula,,Director Honors Program,Staff,Jeremiah_AI_v2_Standardized,Yes
 Lucretia John,Bronx(external),"Cooperative Business Development, Training and Coaching, Technical Assistance, Advocacy for Racial and Gender Equity",Innovation/Entrepreneurship,"Environmental Justice, Green Business Development, Social Entrepreneurship","Immigrant Communities, People of Color, College Students, Aspiring Entrepreneurs",787,"Environmental Justice, Racial and Gender Equity",,"
As a South Bronx-based organization, GWC serves immigrant communities 
and people of color by building, growing, and sustaining worker-owned 
green businesses. Its activities and impacts include:
• Creating local green businesses:
 Through its Co-op Academy, GWC has helped launch dozens of businesses, 
including those focused on solar panel installation, wellness, and 
culinary services.
• Fostering a democratic economy:
 By developing worker cooperatives, the organization promotes worker 
ownership and control, which builds local wealth and gives people a 
stake in their businesses.
• Promoting environmental justice: GWC's approach addresses environmental racism and seeks to create green jobs that are non-polluting and non-exploitative.
• Community education: It provides workshops, seminars, and training that use popular education methods to empower community members.
• Advocating for racial and gender equity: As a Black-led organization, GWC builds businesses that are rooted in principles of racial and gender equity. 
• What GWC does for college studentsWhile
 GWC does not have a program explicitly for college students, its Co-op 
Academy and other resources are open to aspiring entrepreneurs, 
including college students, who want to start a worker cooperative. GWC could be a valuable partner for college students through:
• The Co-op Academy: Students with a green business idea can receive hands-on training, coaching, and technical assistance to launch a cooperative.
• Applied learning:
 The program offers a practical, real-world application of classroom 
learning in social entrepreneurship, environmental justice, and business
 development.
• Networking: It connects participants with active cooperative businesses, experienced business developers, and other entrepreneurs",,lucretia@greenworker.coop,Director,Jeremiah_AI_v2_Standardized,Yes
Mychal Johnson,Bronx(external),"Advocacy, Community Organizing, Education, Research, Collaboration",Community Advocacy,"Community Development, Urban Planning, Affordable Housing, Environmental Justice","Working-Class New Yorkers, College Students, Community Members",790,"Social Justice, Community-Led Development",,"
The trust is focused on community-led development and anti-displacement 
strategies, advocating for community control of local land and assets. 
• Affordable housing:
 By separating ownership of the land from the buildings on it, the trust
 ensures that housing remains permanently affordable for residents, 
combating gentrification and displacement. In 2023, the trust announced 
plans to develop the Bronx's first permanently affordable cooperative 
housing in Belmont-Crotona.
• Green space and environmental justice:
 The trust is involved in creating public green spaces and addressing 
environmental injustices. It holds community planning sessions to 
develop the Mott Haven-Port Morris waterfront into a public space and 
combat air pollution, which is a major health issue in the area.
• Community organizing and advocacy:
 The trust empowers community members through workshops and advocacy 
campaigns to have a say in development decisions. It also organizes 
rallies and promotes legislation like the Community Land Act to benefit 
working-class New Yorkers.
• Arts and education:
 The organization seeks to create space for cultural, educational, and 
artistic venues that benefit the community. One project involved a 
collaborative effort to transform the vacant Lincoln Recovery Center 
into the ""H.E. ARTs Community Center"". 
• Support for college studentsThe trust and its partners offer opportunities and collaborations that involve college students:
• Academic partnerships:
 The trust partners with universities like Columbia, Pratt Institute, 
and City College of New York (CCNY) on research and collaborative 
projects.
• Research opportunities:
 As an example of a past collaboration, a studio course from the Hunter 
College Master of Urban Planning and Policy program worked with the 
Bronx Community Land Trust to address a planning problem.
• Curricular connections:
 Board member Monxo López, an educator at Hunter College, incorporates 
the trust's work into university courses and invites students to get 
involved with urban planning and organizing.
• Real-world experience:
 The work of the trust provides a real-world case study for students 
interested in urban planning, affordable housing, environmental justice,
 and community-led development. ",,Co-founder and Board Member of both South Bronx Unite,Co-Founder,Jeremiah_AI_v2_Standardized,Yes
Jennifer Bright,Brooklyn (External),Platform Development,Other,Mental Health,Individuals in Need of Mental Health Services,791,,,In-network mental health access platform,,Mental Health,CEO,Jeremiah_AI_v2_Standardized,Yes
Dee Dee Mozeleski,City College,"Fundraising, Partnership Building, External Relations",Foundation / Fundraising / Community Support,Higher Education,"City College, Foundation for City College & Office of Institutional Advancement",793,,,Works with external relations & fundraising; useful for partnerships or support.,,Foundation for City College & Office of Institutional Advancement,Senior Vice President & Executive Director,Jeremiah_AI_v2_Standardized,Yes
George Nunez,Bronx(external),"Skills Training, Entrepreneurship Support, Workforce Development, Fellowship Program Management, Job Fair Organization, Networking",Career support,"Technology, Economic Development","Bronx Residents, Children, Professionals, Seniors, College Students, Underrepresented Founders and Residents",792,"Economic Growth, Digital Divide Reduction",,"
The Bronx Tech Hub bridges the digital divide and promotes economic growth by offering several types of programming. For the community:
• Skills training:
 Offers programs for Bronx residents of all ages, including children 
learning STEM, professionals seeking jobs, and seniors receiving digital
 skills training.
• Entrepreneurship: Provides resources, mentorship, and networking to help underrepresented founders and residents build tech startups.
• Workforce development: Connects residents with tech opportunities and partners with other organizations to elevate the local economy. 
• For college students:
• Fellowships:
    ◦ AI Fellowship: Guides students toward software engineering or AI bootcamps.
    ◦ Climate Tech Fellowship:
 A paid fellowship for CUNY students that includes industry mentorship, 
professional development, and real-world exposure to the clean energy 
and climate technology sectors.
• Job fairs: Organizes events that connect students with potential employers for internships and full-time roles.
• Networking: Provides opportunities for students to connect with tech startups, nonprofits, and other tech professionals.",, founder and CEO of the Bronx Tech Hub,Founder & CEO,Jeremiah_AI_v2_Standardized,Yes
Childerick Barthelus,LaGuardia CC,Community Standards,Faculty Research,,General Public,794,,,,,"Director, Community Standards",Staff,Jeremiah_AI_v2_Standardized,Yes
Lauren Andersen,CUNY,"Research Training, Mentorship, Community Outreach, Science Communication, Quantitative Literacy, Graduate Program Preparation, Industry Partnerships, Volunteer Event Organization",Civic Leadership & Innovation,"Urban Ecology, Environmental Science, Sustainability","College Students, Underrepresented Students, New York City Community, Citizen Scientists, Schools, Public",795,"Environmental Awareness, Urban Sustainability",,"For college students
• Summer research program:
 BUEE offers a 10-week intensive summer research training experience for
 undergraduate students, with a focus on underrepresented students. 
Participants receive a stipend and housing.
• Research training:
 The program provides mentored research and training in urban ecology 
and environmental science, covering scientific communication, integrity,
 and quantitative literacy.
• Graduate program preparation: BUEE aims to prepare students for graduate programs in the urban ecology and environmental fields.
• Urban Sustainability Program (Brooklyn College):
 Students can choose from three tracks: Environmental Science, 
Environmental Economics and Business Management, or Environmental 
Sociology.
• Internship opportunities:
 Vice Chancellor Lauren Andersen leads CUNY-wide efforts to ensure 
postgraduate career success and facilitate industry partnerships. 
• For the community
• Community outreach:
 A key objective of the BUEE program is to involve students in promoting
 environmental awareness throughout the broader New York City community 
through partnerships.
• Community science:
 The Urban Ecology Center in Milwaukee offers a research and community 
science program, including sharing their data with students, 
researchers, and citizen scientists.
• Educational resources: Organizations like Urban Advantage NYC
 partner with community-based organizations to provide expert knowledge,
 resources, field trips, and data sets for schools and the public.
• Volunteer events: Numerous community-led events in Brooklyn support urban ecology, such as:
    ◦ Tree care: Caring for street trees in areas like Cobble Hill and with organizations like the Clean Bushwick Initiative.
    ◦ Park cleanups: Volunteer cleanups in local parks like Irving Square Park.
    ◦ Urban gardening: Events like ""Help the Garden Day"" at the Highland Park Community Garden and the Brooklyn Urban Gardener (BUG) certificate program.
    ◦ Special events: The Brooklyn College Tree Inventory event involves the public in mapping the campus forest. ",, the Vice Chancellor for Career Engagement and Industry Partnerships,Vice Chancellor,Jeremiah_AI_v2_Standardized,Yes
BCDIBoard,Bronx(external),"Leadership Development, Research Collaboration, Internships, Entrepreneurship, Digital Fabrication, Advanced Manufacturing",Innovation Hub,"Economic Development, Community Development","Low-Income People of Color, College Students, Youth, Bronx Residents",796,"Community Wealth Creation, Equitable Development, Public Policy",,"
The BCDI is a community-led economic development organization that 
focuses on building shared wealth and ownership for low-income people of
 color. The organization operates several projects that support the 
wider community and college students. Community-facing initiatives
• The BronXchange:
 A marketplace that connects Bronx institutions and nonprofits with 
local businesses to localize their purchasing and build community 
wealth.
• Bronx Innovation Factory (BXIF):
 A center for advanced manufacturing led by women and people of color. 
It focuses on shared wealth creation and developing community-based 
solutions using digital fabrication technology.
• Planning and Policy Lab: This lab creates and maintains the long-term strategy for equitable development and public policy in the Bronx.
• Economic Democracy Learning Center:
 A leadership institute that educates stakeholders on economic democracy
 principles and prepares them to lead future initiatives. 
• College students and youth
• Bronx Innovation Factory:
 College students can participate in programs focused on advanced 
manufacturing, digital fabrication, and entrepreneurship. The goal is to
 nurture the innovative capacity of Bronx residents and position 
entrepreneurship as a tool for economic security.
• Internships:
 BCDI offers internship opportunities, which provide valuable hands-on 
experience in community-driven economic development projects.
• Leadership development:
 BCDI's initiatives, such as the Economic Democracy Learning Center, aim
 to cultivate future community leaders, which can be beneficial for 
college students and other stakeholders interested in local development.
• Research collaboration:
 The organization has a history of collaborating with educational 
institutions like MIT's Community Innovators Lab (CoLab), which provides
 research and project support. ",,BCDI's board comprises various stakeholders from the Bronx,Executive Board,Jeremiah_AI_v2_Standardized,Yes
Debby Lowenstein,Harlem(External),Staff,Faculty Research,,New York City Community,798,,,,,Manager New York Common Pantry,Staff,Jeremiah_AI_v2_Standardized,Yes
Maribel Perez,John Jay College,Program Development,Faculty Research,Culturally Focused Civic Programs,Hispanic/Latinx Community,799,,,good for culturally focused civic programs,,Hispanic/Latinx affinity,Staff,Jeremiah_AI_v2_Standardized,Yes
Rohan Pavuluri,Brooklyn (External),Service Coordination,Other,Civic Justice,Low-Income Individuals,801,Social Justice,,Free bankruptcy filing for low-income Americans,,Civic Justice,CEO,Jeremiah_AI_v2_Standardized,Yes
Donnel Baird,Brooklyn (External),Retrofitting,Cultural Empowerment,Sustainability,Low-Income Housing Residents,797,Environmental Justice,,Green retrofits for low-income housing,,Sustainability,CEO,Jeremiah_AI_v2_Standardized,Yes
Jake Stika,Brooklyn (External),"Healthy Masculinity Promotion, Gender Equity",Other,Youth Justice,Youth,800,,,Promotes healthy masculinity and gender equity,,Youth Justice,Co-Founder & Executive Director,Jeremiah_AI_v2_Standardized,Yes
Alexandra Nyman,Staten Island(external),"Advocacy, Education, Support, Fundraising, Event Organization, Community Building",Cultural Empowerment,"Mental Health, Substance Use Disorders","Individuals in Recovery, Women-led Support Groups, LGBTQ+ Support Groups, General Public, College Students",802,"Mental Health Awareness, Recovery Support",,"
The Break Free Foundation aims to break the stigma surrounding mental 
health and substance use disorders by providing advocacy, education, and
 support. Key community initiatives include: 
• Recovery Scholarships:
 The foundation provides financial aid for individuals seeking treatment
 for substance use or co-occurring disorders, which is funded through 
events like the biannual Recovery on the Runway fundraiser.
• Educational Initiatives:
 They organize events and collaborate with mental health activists to 
educate the public, increase understanding, and reduce stigma.
• Community Building:
 They host online and in-person events, including women-led and LGBTQ+ 
support groups, to create a supportive community for people in recovery.
• Advocacy through Art: Through their fashion shows, such as Break Free NYFW, they use art as a platform to raise awareness about mental health and recovery. 
• What they do for college studentsThe
 foundation does not appear to have specific programs designed for 
college students, but students could benefit from their broader 
initiatives: 
• Recovery Scholarships:
 College students can apply for the recovery scholarship to cover 
treatment costs if they are struggling with mental health or substance 
use disorders.
• Support Groups: Students can join the foundation's support groups to connect with others and find peer support.
• Volunteer Opportunities:
 The foundation offers volunteer opportunities for peer support groups 
and in-person events, which could be relevant experience for students. ",,Founder and CEO,Founder & CEO,Jeremiah_AI_v2_Standardized,Yes
Luis Contreras,Brooklyn (External),Inclusion,Other,Financial Equity,Unbanked Users,803,Blockchain,,Blockchain-based inclusion for unbanked users,,Financial Equity,Founder,Jeremiah_AI_v2_Standardized,Yes
Andrew Adams,Brooklyn (External),Therapist Enablement,Other,Mental Health,Underserved Communities,806,,,Therapist enablement for underserved communities,,Mental Health,Co-Founder,Jeremiah_AI_v2_Standardized,Yes
Jennifer Beaugrand,Bronx(external),"Training and Employment Opportunities, Volunteer Coordination, Professional Opportunities, Civic Engagement",Civic Leadership & Innovation,"Environmental Stewardship, Community Development","Local Youth, Residents of the Bronx, College Students",804,"Environmental Justice, Sustainability",,"The Bronx is Blooming works to foster environmental stewardship and community development throughout the Bronx. Their main activities include: 
• Environmental stewardship:
 They train local youth to lead volunteer projects in Bronx parks. Since
 2011, they have stewarded over 20,000 trees across more than 20 parks.
• Civic engagement: They inspire residents to advocate for their local parks, driving change in their neighborhoods.
• Community building:
 They organize volunteer revitalization projects and create 
opportunities for community members to work together in their local 
green spaces. 
• How they help college studentsBiB offers opportunities for college students through its programs and internships. Specific ways they help include: 
• Paid internships and jobs:
 The organization provides seasonal job training and employment 
opportunities to young Bronx residents, which includes college-aged 
participants.
• Volunteer coordination: College students can volunteer at park revitalization projects, gaining hands-on environmental stewardship experience.
• Professional opportunities:
 The organization attracts college students and graduates to its staff. 
For example, Ava Chow, a Seasonal Environmental Program Coordinator, 
began as a Civic Corps member and is a graduate of Columbia University.
• Community connections:
 College students passionate about environmental justice and 
sustainability can gain valuable experience and connections through the 
organization's work.",,the Founder and Executive Director of The Bronx is Blooming (BiB),Executive Director,Jeremiah_AI_v2_Standardized,Yes
Ellen Hartigan,John Jay College,Staff,Faculty Research,,,807,,,,,IVP Student Affairs,Staff,Jeremiah_AI_v2_Standardized,Yes
Staff,NYC College of Technology,"Community Service, Synergy Building",Community Program,"AI, VR, Innovation","Students, General Public",805,,,Tech club around AI/VR; good for innovation + community service synergy.,,Club Officers (Student Org),Club Advisor / Officers,Jeremiah_AI_v2_Standardized,Yes
Frida Polli,Brooklyn (External),"Innovation, Equity",Other,Workforce Development,"Job Seekers, Employers",808,Social Justice,,Bias-free hiring via neuroscience and AI,,Workforce Equity,CEO,Jeremiah_AI_v2_Standardized,Yes
Madelaine Centeno,Bronx Community College,"Career Counseling, Job Placement Assistance, Vocational Training, Adult Basic Education, Stackable Credentials, Low-Cost Training",Career support,"Workforce Development, Education","Local Community, College Students, Economically Disadvantaged Residents, Veterans, Out-of-School Youth",809,"Career Advancement, Economic Security",,"
The BCC Office of Workforce Development & Continuing Education 
offers non-degree educational programs for both the local community and 
college students to help them improve their career prospects and 
economic security. For the community:
• Adult basic education:
 The office offers classes for those needing to improve their English as
 a Second Language (ESL) or prepare for high school equivalency exams.
• Vocational training:
 They provide training and certificate programs for high-demand fields 
such as construction, healthcare, early childhood education, and 
technology.
• Job preparation and placement:
 For economically disadvantaged residents, the department provides 
services like job readiness skills training, job placement assistance, 
and career counseling.
• Training for special populations: The office has special programs for veterans and out-of-school youth. 
• For college students:
• ""Stackable"" credentials:
 The office collaborates with academic departments to develop 
credit-bearing vocational training programs. Students can earn an 
industry certification and often receive college credit for the work 
they complete.
• Career pathways:
 Students enrolled in workforce development courses receive guidance on 
career pathways, connecting their training to the college's degree 
programs.
• Low-cost training: Many courses are offered at low cost to help students with their careers",,Director of Workforce Development,Director,Jeremiah_AI_v2_Standardized,Yes
Robin Steinberg,Brooklyn (External),"Advocacy, Financial Support",Other,Criminal Justice,Justice-Impacted Individuals,810,Reform,,Pays bail and advocates for criminal justice reform,,Justice Reform,Founder,Jeremiah_AI_v2_Standardized,Yes
Adam Rockman,Queens College,Staff,Faculty Research,,Students,813,,,,,"Vice President, Student Affairs & Enrollment Management",Staff,Jeremiah_AI_v2_Standardized,Yes
Alexis McLean,LaGuardia CC,Staff,Faculty Research,,Students,812,,,,,"Vice President, Student Affairs",Staff,Jeremiah_AI_v2_Standardized,Yes
Livia Katz,John Jay College,"Project Development, Outreach",Faculty Research,Writing,General Public,811,,,could help with civic writing / outreach project,,Director of Writing Center,Staff,Jeremiah_AI_v2_Standardized,Yes
Tonya Gayle,Brooklyn (External),"Training, Civic Service",Civic Engagement,Sustainability,NYCHA Youth,816,Sustainability,,Trains NYCHA youth in sustainability and civic service,,Sustainability,Executive Director,Jeremiah_AI_v2_Standardized,Yes
Georges Clement,Brooklyn (External),"Eviction Defense Tools, Tenant Rights",Other,Housing,Tenants,814,Justice,,Tenant rights and eviction defense tools,,Housing Justice,Co-Founder,Jeremiah_AI_v2_Standardized,Yes
Chris Collins,Brooklyn (External),"Education, Workforce Development",Other,Sustainability,General Public,815,Urban Sustainability,,Urban sustainability through education and workforce development,,Sustainability,Executive Director,Jeremiah_AI_v2_Standardized,Yes
Max Rusike-Griffith,Bronx(external),"Practical Training, Career Opportunities, Advocacy, Consultancy, Mentoring, Professional Development, Talent Placement",Innovation Hub,"Youth Development, Workforce Development, Community Development","Young Adults, College Students, Marginalized Communities, Families",817,"Social Change, Economic Growth",,"
The Thinkubator focuses on youth and workforce development in the Bronx,
 empowering young people by providing them with practical training, 
career opportunities, and a voice in local issues. Programs and initiatives for the community
• Workforce Development: Offers paid internships and work-based learning opportunities for young adults.
• Youth-led Consultancy:
 The ""Thinkubator Solves"" program employs young ""Junior Consultants"" to 
craft solutions for real-world problems facing businesses and 
organizations.
• Community Advocacy:
 The organization convenes youth, community leaders, and business 
leaders to address issues impacting the economic growth of the Bronx. It
 also directly supports community initiatives, such as providing meals 
and groceries to families.
• The Think Tank:
 Operates a research center that focuses on policy and action research 
to drive social change, especially for marginalized communities. 
• Engagement with college students
• Internships: Provides paid internships and work-based learning experiences specifically designed to connect college students to employers.
• Consultancy Projects:
 College students act as Junior Consultants in the ""Thinkubator Solves"" 
program, applying their skills to tackle real business challenges.
• Leadership and Mentoring: Connects students with professionals to provide mentoring and professional development.
• Talent Placement: Operates a Bronx-focused job board and employment matching service to help college students and other young adults find jobs.",,Contact person,Admin / Outreach,Jeremiah_AI_v2_Standardized,Yes
Mae Watson Grote,Brooklyn (External),"Tech Development, Coaching",Other,Financial Security,General Public,818,,,Builds financial security through tech and coaching,,Civic Tech,Founder & CEO,Jeremiah_AI_v2_Standardized,Yes
Cheryl Adolph,College of Staten Island,"Scholarship Management, Emergency Financial Assistance, Mentorship Programs, Facility Improvements, Academic Excellence Funding, Arts and Culture Programming, Alumni Engagement, Economic Development Support",Foundation / Fundraising / Community Support,"Education, Philanthropy, Community Development","Students, College of Staten Island Alumni, Local Community",820,"Education, Community",,"
The foundation provides critical support to students through a variety of programs: 
• Scholarships:
 The CSI Foundation funds numerous endowed and non-endowed scholarships 
to assist students with financial needs, helping to ensure access to a 
quality education.
• Emergency financial assistance:
 It provides emergency aid to students through a certified college 
counselor to help with financial crises. During the COVID-19 pandemic, 
this also included emergency meals.
• Mentorship programs:
 The foundation collaborates with the Office of Alumni Relations on the 
Pathfinder Alumni Mentoring Program, which pairs students with alumni 
for career guidance. 
• Contributions to the communityThe CSI Foundation supports both the college and the broader community in several ways: 
• Facility improvements: Philanthropic donations are used to fund campus projects, such as improvements to facilities and the athletics program.
• Academic excellence:
 The foundation helps the college expand its academic resources, 
including funding for specific schools and accreditation processes.
• Arts and culture: It offers the community affordable performances through the Center for the Arts.
• Alumni engagement:
 The foundation works with the Office of Institutional Advancement to 
connect alumni with the college through events, publications, and 
ambassador programs.
• Economic development:
 The college's Small Business Development Center (SBDC), also supported 
by institutional advancement, provides crucial business assistance to 
the local economy.",,the Interim Executive Director for both the College of Staten Island Foundation and the Office of Institutional Advancement,Executive Director,Jeremiah_AI_v2_Standardized,Yes
Olivia Frasca,Staten Island(external),"Community Engagement, Event Hosting, Advocacy, Career Development, Leadership Program Development",Innovation/Entrepreneurship,"Economic Development, Infrastructure, Transportation","College Students, Small Business Owners, Residents of Staten Island",819,"Economic Growth, Quality of Life Improvement",,"
The SIEDC works to create a thriving economy on Staten Island and 
improve the quality of life for its residents. Its community-focused 
activities include: 
• Promoting local investment:
 Since 1993, the SIEDC has attracted over $550 million in new 
investment, created more than 3,500 jobs, and helped develop over 1,000 
acres of vacant industrial land.
• Assisting small businesses:
 The organization provides services such as financing assistance, job 
training, technology assistance, and help navigating government 
regulations.
• Hosting community events:
 The SIEDC organizes public events throughout the year, such as the 
Annual Business Conference and the Health & Wellness Expo.
• Advocating for infrastructure:
 SIEDC staff and urban planners work to advance projects that benefit 
the borough, including the proposed West Shore Light Rail. 
• What the SIEDC does for college studentsThe
 SIEDC actively engages with college students, particularly those at the
 College of Staten Island (CSI). Benefits and opportunities for students
 include: 
• Business conference access:
 The SIEDC's Annual Business Conference offers students a chance to 
network with professionals, attend educational seminars, and learn from 
speakers in business, marketing, sustainability, and public policy.
• Career development:
 Students can gain valuable insights into different industries, with a 
focus on those that are relevant to Staten Island's economic growth, 
such as transportation, construction, and energy.
• Leadership programs:
 The conference also features the ""20 Under 40"" Leadership Awards, which
 spotlights young professionals and highlights the career pathways 
available to students.
• Partnerships with colleges:
 The SIEDC has partnered with the College of Staten Island to host 
events like the Transportation and Infrastructure Summit, which provides
 a platform for students to engage with leaders from public and private 
sectors.",,the Director of Communications & External Affairs,Director,Jeremiah_AI_v2_Standardized,Yes
Jamaine T. Smith,Staten Island(external),"Funding and Grants, Community Resource Center, Individual Artist Support, Artist Resources, Grant Opportunities, Internships",Media/Journalism,"Arts, Cultural Development, Education","College Students, Artists, Non-Profits, Cultural Producers, General Public",824,"Racial and Socioeconomic Equity, Inclusive Cultural Environment",,"Staten Island Arts fulfills its mission to foster a diverse cultural community by providing a wide range of programs and resources. 
• Funding and grants: It offers project grants to artists, collectives, and non-profits who create arts projects on Staten Island.
• Community resource center:
 The organization's website features a ""CultureWork"" page with resources
 to assist cultural producers, including information on potential 
partners, venues, and marketing support.
• Cultural development:
 It serves as a local arts agency that supports community-based cultural
 development, having been founded by working artists and administrators 
in 1992.
• Racial and socioeconomic equity:
 The organization is committed to addressing systemic inequities through
 its programs and partnerships to help create a more inclusive cultural 
environment. 
• Support for college studentsStaten Island Arts offers services and programs that can benefit college students, particularly those studying arts or humanities.
• Internships:
 While current openings vary, the organization's mission to provide 
resources may include opportunities that lead to potential internships 
for college students. For example, the College of Staten Island (CSI) 
offers its own art and performing arts programs, with some potentially 
relevant coursework featuring internships.
• Grant opportunities: College students who are residents of Staten Island may apply for project grants to fund their creative work.
• Individual artist support:
 Students can also seek one-on-one guidance from staff like Deputy 
Director Gena Mimozo for assistance with their projects and ideas.
• Artist resources: The organization's online resources can help students find partners, venues, and other support for their own cultural projects.",,Executive Director,Executive Director,Jeremiah_AI_v2_Standardized,Yes
Phaedra Ellis-Lamkins,Brooklyn (External),"Tech Application, Support Payments",Other,Criminal Justice,Justice-Impacted Individuals,821,Civic Reform,,Reducing incarceration through tech and support payments,,Civic Reform,CEO,Jeremiah_AI_v2_Standardized,Yes
Toyin Ajayi,Brooklyn (External),Care Coordination,Other,Healthcare,Underserved Communities,822,Health Equity,,Medicaid-focused care for underserved communities,,Health Equity,CEO,Jeremiah_AI_v2_Standardized,Yes
Aimée Eubanks Davis,Brooklyn (External),Career Readiness,Career support,Education,First-Generation College Students,823,,,Career readiness for first-gen college students,,Education Equity,Founder & CEO,Jeremiah_AI_v2_Standardized,Yes
Irene Delgado,Bronx Community College,Services,Career support,Career Development,Students,826,,,Career Development (Office of Career Services) at Bcc,, Director of Career Development (Office of Career Services),Director,Jeremiah_AI_v2_Standardized,Yes
Sarah Blas,Staten Island(external),"Empowerment, Advocacy, Voter Registration, Protest Organization, Student Engagement",Cultural Empowerment,"Women's Issues, Social Change, Community Engagement","Women, Female Activists, College Students, General Public",827,"Progressive Values, Social Justice",,"
SIWWM is a grassroots organization focused on progressive community engagement and social action. 
• Empowering women:
 The organization aims to inspire women to be more civically engaged. In
 2018, it held a women's breakfast to inspire young women and connect 
female activists.
• Community advocacy:
 SIWWM advocates for progressive values that reflect compassion and 
forward-thinking policy. It collaborates with diverse groups on Staten 
Island who share similar commitments to women's issues and social 
change.
• Voter registration and awareness: The group educates the community on elections and candidates, and has also promoted registering voters.
• Protests and political action:
 SIWWM organizes protests related to national events and encourages its 
members to take political action, such as contacting representatives.
• Student engagement:
 The organization has previously made an effort to engage with college 
students, including collaborating on events to inspire young women. The 
College of Staten Island (CSI) also has its own independent Women's 
Center, which is dedicated to creating an inclusive network for female 
students and encouraging community service. ",,Director for Staten Island Women Who March,Director,Jeremiah_AI_v2_Standardized,Yes
Yury Yakubchyk,Brooklyn (External),Platform Development,Other,Healthcare,Families of Children with Autism and ADHD,825,,,Autism and ADHD care platform,,Pediatric Health,CEO,Jeremiah_AI_v2_Standardized,Yes
Toy-Fung Tung,John Jay College,Community Support,Faculty Research,Asian American,Student Community Groups,829,,,supports student community groups,,Asian/American Affinity Group,Staff,Jeremiah_AI_v2_Standardized,Yes
Miss Purdie,John Jay College,Liaisoning,Faculty Research,Student Communities,African-American Students,833,,,liaison for student communities,,African-American Affinity Group,Staff,Jeremiah_AI_v2_Standardized,Yes
Marsha Weissman,Brooklyn (External),"Alternatives to Incarceration Advocacy, Reentry Support",Other,Criminal Justice,Justice-Impacted Individuals,830,Justice Reform,,Advocates for alternatives to incarceration and supports reentry,,Justice Reform,Founder Emerita,Jeremiah_AI_v2_Standardized,Yes
Javette Smallwood,Queens College,Internal Contact,Faculty Research,,Student Affairs,831,,,good internal contact,,"Secondary Relationship Manager, Student Affairs & Enrollment Management",Staff,Jeremiah_AI_v2_Standardized,Yes
Barbara Evans,City College,"Scholarship Management, Program Development, Campus Wellness Support, Research Support",Foundation / Advancement,Education,"Students, Faculty & Staff",828,,,"Focus on scholarships, programs, campus wellness, research support.",,The Foundation for City College & Office of Institutional Advancement & Communications,Associate Executive Director,Jeremiah_AI_v2_Standardized,Yes
Matt McCambridge,Brooklyn (External),Whole-Person Care,Other,Mental Health,Individuals with Serious Mental Illness,832,,,Whole-person care for serious mental illness,,Behavioral Health,CEO,Jeremiah_AI_v2_Standardized,Yes
Dr. Abass Abdullahi,Bronx Community College,"Research, Mentorship, Instructional Design, Curriculum Development, Academic Coordination, Pedagogical Research",Mentorship,Biological Sciences,"Students, Faculty, Community College Students, Wider Public",836,"Equity, Community Health, Justice",,"Active researcher and faculty mentor; can supervise student research, internships, and STEM outreach that align with equity and community health initiatives. 
Dr. Abdullahi has a strong record of initiatives designed to improve learning and outcomes for BCC students. 
• Curriculum design:
 He was instrumental in designing BCC's Biotechnology program and 
teaches courses within it, including Cell and Molecular Biology.
• Academic coordination:
 As a coordinator for Anatomy and Physiology I and II, he has been 
involved in the departmental assessment for these key courses since 
2007, a role that helps shape the curriculum and improve student 
performance.
• Pedagogical research:
 His published research investigates innovative teaching strategies. 
Topics have included the use of open-note quizzes and workshops to 
improve student success in science courses and an analysis of distance 
learning and technology-enhanced instruction.
• Instructional design:
 He has developed interactive online course materials, incorporating 
animations, quizzes, and weekly modules to improve distance learning for
 students.
• Mentorship: Dr. Abdullahi actively mentors students, guiding them in their academic pursuits.
• Student ratings:
 He is generally regarded by students as a caring, well-organized, and 
respected professor who is invested in their academic success. 
• For the communityDr. Abdullahi's contributions extend beyond the classroom, impacting both the academic community and the wider public.
• Research and patents:
 He has a background in Biochemistry and Molecular Biology and has 
contributed to collaborative research projects with City College. This 
work has led to grants and a U.S. patent through the CUNY Research 
Foundation.
• Faculty development: He helps mentor junior faculty, contributing to the professional growth of his colleagues.
• Published scholarship:
 His research is published in numerous peer-reviewed journals, which 
advances the field of biological sciences and pedagogical practices for 
community college education.
• Collaborative events:
 The Biological Sciences department has noted that Abdullahi and another
 professor, Carlos Liachovitzky, have organized department activities 
open to the community",,"Professor, Biological Sciences Dept",Faculty,Jeremiah_AI_v2_Standardized,Yes
Melissa Aase,,,,,,834,,,,,,,Jeremiah_AI_v2_Standardized,Yes
Dr. Efstathia Korkou,York College,Leadership,Faculty Research,STEP,STEP Program,835,,,Also in leadership of STEP program,,"Co-Associate Director, STEP",Staff,Jeremiah_AI_v2_Standardized,Yes
Nicholas Jones,York College,Operations,Faculty Research,"Student Affairs, Enrollment",Students,838,,,Key operations in student affairs / enrollment,,"Executive Director, Enrollment Management / Student Affairs",Staff,Jeremiah_AI_v2_Standardized,Yes
Claudia Schrader,York College,"Advocacy, Request Routing",Faculty Research,Higher Education,Campus Community,841,,,"Top executive, can advocate or route requests",,"President, York College",Staff,Jeremiah_AI_v2_Standardized,Yes
Kerry pustam ,Queens College,"Partnership Building, Retention & Service Outreach",Faculty Research,Academic Advising,Students,840,,,Partner for advising + retention & service outreach,,"Associate Director, Academic Advising & Chief of Staff",Staff,Jeremiah_AI_v2_Standardized,Yes
Andrew Sidman,John Jay College,Service Coordination,Faculty Research,Academic Service Learning,Students,839,Civic Reform,,might connect to academic service learning,,Academic Programs Office,Staff,Jeremiah_AI_v2_Standardized,Yes
Rob Lorey,Hunter College,"Mentorship, Support Functions",Faculty Research,Student Services,Students,837,,,Works in student services; good contact for mentorship / support functions,,"Director of Student Services, Silberman School of Social Work",Staff,Jeremiah_AI_v2_Standardized,Yes
Latysha McKenzie,Hunter College,"Volunteer Coordination, Organization Support",Faculty Research,Student Life,"Students, Volunteer Organizations",842,,,Works with student clubs and volunteer orgs ,,Clubs & Organizations Assistant,Staff,Jeremiah_AI_v2_Standardized,Yes
Prof. Annette Ortiz,Bronx Community College,"Academic Guidance, Curriculum Development, Mentoring, Teaching, Research Publishing, Leadership",Mentorship,"Healthcare, Education","Students, Local Healthcare Workforce, Bronx Community, Schools, Community-Based Agencies, Families",844,"Social Justice, Institutional Leadership",,"As
 an Associate Professor of Radiologic Technology and Chairperson of the 
Nursing and Allied Health Sciences Department, Annette Ortiz supports 
students and the broader Bronx community through academic guidance, curriculum development, and preparation of a skilled local healthcare workforce. Contributions to students
• Program leadership:
 As Chairperson, Ortiz oversees critical health-related programs at BCC,
 including Radiologic Technology and Nursing. She appeared in a 2020 
YouTube video discussing the Radiologic Technology program and its 
benefits for students.
• Advising and mentoring:
 She serves as an academic advisor and an experienced mentor for 
students. As a member of the Academic Advising Committee, she 
coordinates advising efforts and integrates tools that help students 
succeed.
• Radiologic technology training:
 Based on her experience as a registered Radiologic Technologist in both
 Radiography and Computed Tomography, Ortiz teaches essential technical 
courses for the Radiologic Technology program.
• Professional development: Ortiz publishes research in peer-reviewed journals, such as the Journal of the American Society of Radiologic Technologists, which helps advance the field and informs her teaching. 
• Contributions to the community
• Skilled workforce development:
 Through her leadership of the Nursing and Allied Health Sciences 
programs, Ortiz helps develop local talent that provides critical 
healthcare services to the Bronx community.
• Community engagement:
 Faculty members like Ortiz support the college's wider mission to be 
responsive to community needs through partnerships with schools and 
community-based agencies. These collaborations help to attract local 
students to campus and connect families with the college's resources.
• Social justice initiatives:
 As a faculty member, Ortiz is part of a larger network of faculty, 
staff, and students who advocate for social justice within the college 
and broader Bronx community.
• Institutional leadership:
 Ortiz has been at BCC since 2010 and has served in multiple leadership 
roles, helping to shape the college's academic direction for over a 
decade",,Associate Professor of Radiologic Technology and Chairperson of the Nursing and Allied Health Sciences Department,Chair / Professor,Jeremiah_AI_v2_Standardized,Yes
Anabela Carrera,Hunter College,Programming,Faculty Research,Student Services,Students,843,,,Supports student services / programming,,"Staff, Student Affairs",Staff,Jeremiah_AI_v2_Standardized,Yes
Dr. Jalil Moghaddasi,Bronx Community College,"Academic Instruction, Leadership, Curriculum Development, Research Opportunities, Mentorship",Mentorship,"Engineering, Physics, Technology","Students, Community, Industry Partners",847,"Education, Workforce Development, Community Engagement",,"As Chairperson of the Engineering, Physics, and Technology Department at Bronx Community College (BCC), Dr. Jalil Moghaddasi supports students through academic leadership and helps provide the community with valuable technical resources.
 While the search results provide insight into Dr. Moghaddasi's role, 
information regarding his specific community engagement efforts beyond 
his position was not identified. How Dr. Moghaddasi supports BCC studentsAcademic instruction and leadership
• Department Chair:
 As chairperson, he oversees the Engineering, Physics, and Technology 
Department, ensuring program quality and guiding students interested in 
technical fields. The department is committed to academic excellence and
 prepares students for careers and further education in science and 
engineering.
• Subject-Matter Expertise:
 Dr. Moghaddasi is a professor with extensive knowledge in specialized 
fields like laser and optical properties, fiber optics, and LIDAR 
systems.
• Curriculum Development:
 He helps maintain the relevance of academic programs by updating 
curricular offerings and fostering partnerships with industry, 
positioning students well for their professional careers.
• Research Opportunities:
 His participation in a collaborative NASA grant and his work as a 
consultant for the Naval Command indicate that he brings valuable 
research and real-world experience to the academic department. 
• Supportive mentorship
• Student-focused approach:
 Based on anonymous student reviews on Rate My Professors, Dr. 
Moghaddasi is described as ""caring,"" with ""clear grading criteria"".
• Course availability: He is involved in teaching core physics courses, such as PHY 11 - College Physics I, to a wide range of students. 
• How Dr. Moghaddasi's work impacts the communityAs department chair, Dr. Moghaddasi contributes to the broader community by:
• Developing a skilled workforce:
 The department he leads responds to the ""complex needs of the community
 we serve"" by preparing students with in-demand technical skills.
• Fostering industry partnerships:
 His efforts to create partnerships with industry directly benefit the 
community by aligning BCC's programs with local employers' needs and 
creating job opportunities for graduates.
• Contributing to academic prestige:
 His collaborative grant work with NASA elevates the academic standing 
of BCC and CUNY, attracting talent and investment to the Bronx",,"Chairperson Department Engineering, Physics & Tech",Chair / Professor,Jeremiah_AI_v2_Standardized,Yes
Paul Philips,Hunter College,"Event Management, Outreach, Messaging",Faculty Research,Communication,Campus Community,846,,,"Oversees event communication, outreach & campus messaging",,"Director, Office of Student Communication",Staff,Jeremiah_AI_v2_Standardized,Yes
Sarah Chinn,Hunter College,Governance,Faculty Research,Student Governance,Students,845,,,Senate is a student governance body; good for student initiatives,,"Senate Chair, Hunter College Senate",Staff,Jeremiah_AI_v2_Standardized,Yes
Grace-Ann Prescod,York College,Admissions Management,Faculty Research,Higher Education,International Students,848,,,In charge of international student programming,,"Associate Director, Graduate/International Admissions",Staff,Jeremiah_AI_v2_Standardized,Yes
Dr. Paul Jaijairam,Bronx Community College,"Active and engaging instruction, Focus on student success, Participation in college initiatives, Contribution to academic quality, Departmental management, Supporting college-wide goals, Supporting workforce development, Scholarly contributions",Civic Engagement,"Business & Information Systems, Accounting","Students, Faculty, Community",849,"Academic Excellence, Professional Development",,"Dr.
 Paul Jaijairam is a Professor and Deputy Chairperson in the Business 
and Information Systems Department at Bronx Community College (BCC), 
where his work focuses on supporting students and departmental 
administration. For students
• Active and engaging instruction:
 Dr. Jaijairam has developed creative and stimulating teaching methods 
for accounting students. These include blended learning, activity-based 
modules, games, and computer simulations to provide practical, real-life
 accounting situations.
• Focus on student success:
 According to student reviews, he is a caring and knowledgeable 
professor who actively wants students to succeed. He goes over topics in
 multiple ways to deepen understanding and is known for being accessible
 to students who need extra help.
• Participation in college initiatives:
 He has contributed to initiatives that directly impact students, such 
as a First-Year Seminar designed to help new students acclimate to 
college and a revised valedictorian/salutatorian policy.
• Contribution to academic quality:
 In his role as deputy chairperson, Dr. Jaijairam helps oversee the 
assessment and evaluation of faculty and programs, which contributes to 
overall academic quality. For example, he assisted the paralegal program
 in its rigorous re-approval process with the American Bar Association 
(ABA), an accreditation that gives students a significant professional 
advantage. 
• For the community
• Departmental management:
 As Deputy Chairperson, he assists in the overall management of the 
Business and Information Systems Department, which includes overseeing 
faculty, curriculum, and other programs that serve BCC and the broader 
community.
• Supporting college-wide goals:
 Dr. Jaijairam's work contributes to BCC's overarching strategic plan to
 build a ""community of excellence"". This includes empowering students, 
deepening learning, and cultivating a modern curriculum.
• Supporting workforce development:
 By ensuring the quality and relevance of business programs, Dr. 
Jaijairam helps prepare students for employment and professional 
careers. The accounting program, for instance, focuses on developing 
essential business and technology skills.
• Scholarly contributions:
 His published research on topics such as accounting ethics, fair value 
accounting, and government programs adds to the academic community's 
body of knowledge.",,"Deputy Chairperson / Professor, Business & Information Systems",Chair / Professor,Jeremiah_AI_v2_Standardized,Yes
Prof. Stephen Powers,Bronx Community College,"Student Advocacy, Academic Support, Mentoring, Teaching, Grant Writing, Research, Access to Education",Community Advocacy,"Education & Academic Literacy, Urban Education","Students, First-Generation College Students, Urban Communities, The Bronx Community",851,"Education, Community Development",,"Professor
 Stephen Powers at Bronx Community College (BCC) is a dedicated student 
advocate who contributes to both the student body and the community 
through teaching, mentoring, and administrative service. Contributions to students
• Student advocacy:
 As the college's ombudsperson since 2018, Powers intervenes on behalf 
of students to help them navigate complex college issues that might 
jeopardize their success.
• Academic support:
 He chairs the Committee on Academic Standing, which reviews and acts on
 student appeals regarding policies on grading, graduation requirements,
 and academic progress. He also advises students and trains other 
faculty on applying these policies fairly.
• Mentoring:
 Powers is known for building strong relationships with students and 
mentoring them, particularly those who have struggled academically. He 
focuses on helping them recover and succeed.
• Teaching:
 In the Department of Education and Academic Literacy, he teaches 
courses such as Introduction to Early Childhood Education and Urban 
Education. He also supervises student fieldwork and leads First-Year 
Seminars, which expose students to different fields of study.
• Grant writing:
 He helped secure a grant for his department to fund training in 
behavioral therapy and Google Classroom, providing students with 
additional skills and certifications. 
• Contributions to the community
• Generational learning:
 Having been at BCC since 2000, Powers has taught multiple generations 
of learners, including the children of former students. His work creates
 an enduring connection between the college and the surrounding 
community.
• Urban education research:
 Powers's research interests include mentoring in urban communities and 
the digital divide's effect on the achievement gap. This scholarship 
directly addresses issues facing the Bronx and other urban communities.
• Access to education:
 Drawing on his own experience as a first-generation college student, 
Powers is passionate about making higher education accessible. He seeks 
to provide the guidance and support to students that he once needed.
• CUNY-wide technology development:
 He serves on CUNY-wide committees on technology, which helps to shape 
the university system's approach to digital tools for teaching and 
learning. 
• Background and approach
• Extensive educational experience:
 Powers brings a wealth of experience to BCC, having previously worked 
as a middle school teacher, an elementary school principal, and a high 
school assistant principal.
• Reward in student success:
 He finds it most rewarding to see his students cross the stage at 
graduation, knowing that his work has helped them get their lives back 
on track and achieve a degree.",,Professor (Education & Academic Literacy) / Student advocate,Faculty,Jeremiah_AI_v2_Standardized,Yes
Johnny Diaz  ,York College,Liaison,Faculty Research,Academics,Students,850,,,For academic records / scheduling liaison,,Associate Registrar,Staff,Jeremiah_AI_v2_Standardized,Yes
Alicia Greene,Hunter College,"Program Support, Wellness Program Management",Faculty Research,Student Services,Students,852,,,Supports student services & wellness programs ,,"Assistant Director of Student Services, Silberman",Staff,Jeremiah_AI_v2_Standardized,Yes
La toro Yates ,York College,Request Routing,Faculty Research,Civic,Students,856,York,,can route civic requests at York,,IVP Student Development,Staff,Jeremiah_AI_v2_Standardized,Yes
Dr. Sunil Bhaskaran,Bronx Community College,"Mentorship, Research Leadership",Mentorship,"Geospatial Research, Public-Interest Tech","Students, External Agencies",853,"Civic Data, Public Interest",,Leads a geospatial research center that partners with external agencies and trains students in applied mapping/GIS — strong fit for civic data / public-interest tech projects and mentorship.,,"Director, Bronx Community College Geospatial Center (CUNY CREST Institute)",Director,Jeremiah_AI_v2_Standardized,Yes
Anita Furman,Hunter College,Coordination,Faculty Research,Student Governance,"Students, Senate",854,,,"Works with Senate, student governance matters",,"Administrative Coordinator, Senate",Staff,Jeremiah_AI_v2_Standardized,Yes
Frankie Solorzano,York College,Outreach,Faculty Research,Higher Education,Students,855,,,"Admissions staff, good to know for outreach",,"Assistant Director, Admissions",Staff,Jeremiah_AI_v2_Standardized,Yes
Prof. Robert Beuka,Bronx Community College,"Academic Leadership, Effective Educator, Campus Club Advising, Published Author, Editor, Guest Lecturer, Pop Culture Analysis",Mentorship,"English, American Literature, Pop Culture","Students, Faculty, Wider Academic Community",857,"Student Leadership Development, Public-Facing Research Communication",,"Experienced in community writing, communication, and civic storytelling — valuable for public-facing research communication and student leadership development.As a Professor of English at Bronx Community College (BCC), Dr. Robert Beuka supports students through his teaching, administrative leadership, and efforts to improve the English Department's offerings.
 His contributions to the wider community primarily stem from his 
academic expertise in American literature and pop culture, which he has 
shared at international forums. For students
• Academic leadership:
 As the former Chair and current Assessment Coordinator for the English 
Department, Dr. Beuka has been involved in developing department-wide 
programs to benefit students. A key achievement under his past 
leadership was the proposal of an Associate of Arts degree in English, 
driven by student interest.
• Effective educator:
 Student reviews highlight Dr. Beuka's dedication to teaching and his 
role in challenging and improving students' writing and analytical 
skills. He is described as:
    ◦ Inspirational and knowledgeable: Some students say he is very knowledgeable and helped them ""think outside the box"".
    ◦ Supportive:
 He provides clear and insightful feedback, works with students who need
 extra help, and assists them in becoming better writers.
    ◦ Challenging: He is noted for assigning a moderate-to-heavy workload and helping students prepare for the rigors of college academics.
• Campus club advising:
 He has supported student life by advising the Creative Writing Club, 
nurturing student interest in literature outside the classroom. 
• For the communityDr.
 Beuka's contributions extend to the broader academic community through 
his scholarly work and presentations. His expertise is in the evolving 
image of the American suburbs in literature and pop culture. 
• Published author: He has written books including SuburbiaNation (2004) and American Icon: Fitzgerald's The Great Gatsby in Critical and Cultural Context (2011).
• Editor: He has served as editor of the F. Scott Fitzgerald Society Newsletter.
• Guest lecturer:
 His research has reached international audiences. For example, he was 
invited to speak at Palacký University in the Czech Republic about his 
work on suburban studies.
• Pop culture analysis: He analyzes the depiction of suburbia in various media, from classic sitcoms like Leave It to Beaver to zombie horror films, providing a critical perspective on American culture for a wider audience.",, Professor of English and Chair of the English Department at BCC,Chair / Professor,Jeremiah_AI_v2_Standardized,Yes
Laura Silverman ,Queens College,"Guidance, Advising",Faculty Research,"Civic, Service",Students,858,Civic,,Advising is crucial for guiding students into civic / service paths ,,"Director, Academic Advising",Staff,Jeremiah_AI_v2_Standardized,Yes
Debbie McCalla,York College,Coordination,Faculty Research,Administration,Students,859,,,Useful for coordinating student-facing activities,,"Administrative Assistant, STEP",Staff,Jeremiah_AI_v2_Standardized,Yes
Jordan Brodie,Hunter College,Support,Faculty Research,Administration,Students,861,,,Works within Student Affairs / administrative support,,"Staff, Student Affairs Office",Staff,Jeremiah_AI_v2_Standardized,Yes
Prof. George Patchoros,Bronx Community College,"Instruction and Mentorship, Curriculum Development, Departmental Leadership, Advisement and Guidance, Workforce Development, Publications and Expertise, Industry Collaboration",Mentorship,"Engineering, Physics, Technology","Students, Automotive Industry Professionals, Local Community",862,"Education, Career Development, Community Engagement",,"Runs lab instruction and student technical training — can support applied projects with community partners.s
 an Assistant Professor and Deputy Chairperson of the Engineering, 
Physics & Technology Department at Bronx Community College (BCC), 
George Patchoros serves students and the community through automotive technology instruction and departmental administration. His roles involve academic development, student advisement, and industry-standard program accreditation. Contributions to students
• Instruction and mentorship:
 As a full-time Automotive Instructor since 2007, Professor Patchoros 
teaches automotive courses and is highly regarded by his students for 
his clear communication and mentorship. Student reviews highlight his 
ability to break down complex topics and his willingness to discuss 
vehicle-related matters.
• Curriculum and accreditation:
 Professor Patchoros has helped to develop the automotive technology 
program's curriculum and ensure it meets industry standards. He has 
served on advisement committees and helped the program meet its NATEF 
(National Automotive Technicians Education Foundation) accreditation.
• Departmental leadership:
 As Deputy Chairperson of his department, he helps oversee academic 
programs and is the department's representative on the college's 
Assessment Council. This work ensures a high-quality educational 
experience for engineering and technology students at BCC.
• Advisement and guidance:
 Professor Patchoros helps guide students in their academic journey. His
 industry experience and certifications allow him to provide valuable, 
real-world insight to students preparing for careers in the automotive 
field. 
• Contributions to the community
• Workforce development:
 By teaching and helping to accredit the automotive technology program, 
Professor Patchoros plays a key role in developing a skilled local 
workforce. This training provides career opportunities for BCC students 
and supports the automotive industry in the New York City area.
• Publications and expertise: Professor Patchoros is an author for the publication Tomorrow's Technician,
 where he shares his knowledge on automotive topics with a wider 
audience. His articles cover everything from engine operation to 
diagnostic tools, providing valuable information to industry 
professionals and enthusiasts.
• Industry collaboration:
 With his certifications and experience with major manufacturers like 
Audi and Volkswagen, he brings strong industry connections to the 
college. This experience ensures that BCC's curriculum remains relevant 
to the needs of the automotive industry. ",,"Deputy Chair/Assessment Coordinator Engineering, Physics & Technology Dept",Chair / Professor,Jeremiah_AI_v2_Standardized,Yes
Heath Grant,John Jay College,Contact,Faculty Research,"Cultural, Civic",General Public,860,Civic,,another cultural / civic contact,,Jewish Affinity Group,Staff,Jeremiah_AI_v2_Standardized,Yes
Anna Ying,Hunter College,"Digital Content Management, Web Outreach",Faculty Research,Student Affairs,Students,864,,,"Manages digital content, web outreach for student affairs",,"Web Content & Social Media Specialist, Student Communication",Staff,Jeremiah_AI_v2_Standardized,Yes
Dr. Reza Khanbilvardi,CUNY,"Education and Mentorship, Research Opportunities, Workforce Development, Environmental Solutions, Partnerships and Outreach, UN Collaboration",Mentorship,"Environmental Engineering, Earth System Sciences","Students, Community Members, Local Region",863,"Sustainability, Resilience, Environmental Conservation",,"Dr.
 Reza Khanbilvardi is a prominent and highly active figure at the City 
College of New York (CCNY), not at BCC (Bronx Community College). 
He is a Professor of Environmental Engineering and Director of several 
initiatives focused on Earth system sciences and environmental 
engineering. His work profoundly impacts students and the wider 
community through his research, academic leadership, and mentorship. Contributions to students and the communityFor students
• Education and mentorship:
 As a professor and director of the Earth System Science & 
Environmental Engineering program at CCNY, Dr. Khanbilvardi provides 
students with a multidisciplinary education. His work covers topics such
 as water resources, remote sensing, and sustainability. In May 2025, he
 received a Longevity Award for his exceptional service and commitment 
to student mentorship.
• Research opportunities:
 He has been the principal or co-investigator on over $100 million in 
research grants. This funding provides students with hands-on research 
experience in fields like flash-flood monitoring and climate change 
impacts.
• Workforce development:
 Dr. Khanbilvardi founded NOAA Cooperative Science Centers (CREST and 
CESSRST) to train students for careers with agencies like the National 
Oceanic and Atmospheric Administration (NOAA). 
• For the community
• Environmental solutions:
 His research focuses on real-world environmental problems, including 
water resources management and the impact of climate change. The 
findings from these projects can inform policy and help communities 
adapt to environmental challenges.
• Partnerships and outreach:
 Dr. Khanbilvardi has secured extensive grant funding from federal 
agencies (e.g., NASA, NSF, USAID) and the City of New York. This work 
benefits the broader community by addressing water and environmental 
concerns that affect the local region.
• UN collaboration:
 He is the Executive Co-Director of the UN University Hub at CCNY, which
 applies remote sensing technology to address challenges in urban 
sustainability and resilience. This work provides global and local 
benefits through technological innovation.",,NOAA-CREST partner (external research collaborator frequently linked with BCC Geospatial center),Executive Director,Jeremiah_AI_v2_Standardized,Yes
Prof. Howard Clampman,Bronx Community College,"Mentoring, Curricular Development, Program Planning, Student Support, Career Opportunities Creation",Mentorship,Business & Information Systems,"Students, Campus Community, Local Workforce",866,"Institutional Service, Community Engagement, Education",,"Teaches business systems and works with student projects — useful for mentoring students on project management, community partnerships, and organizational capacity building.As
 Professor and Chairperson of the Business and Information Systems 
Department at Bronx Community College (BCC), Howard Clampman has 
significantly contributed to the campus and the wider Bronx community by
 developing new programs and fostering student success. Contributions to students
• Facilitates curricular development:
 As Chair of the Curriculum Committee for more than 20 years, Professor 
Clampman helps create and approve new academic programs. This has 
allowed him to shape the educational paths of every student at BCC.
• Developed new online degrees:
 He was instrumental in creating BCC's first fully online degree, an 
Associate of Arts in Liberal Arts and Sciences. He has also been 
involved in planning online versions of Computer Information Systems and
 Marketing degrees.
• Provides continuous student support:
 Though he no longer teaches classes, Professor Clampman remains a 
resource for students seeking advice, answering their emails and 
visiting with them in his office. He is guided by the philosophy that 
community college is about making students' lives better.
• Creates career opportunities:
 He helped launch apprenticeship programs with major corporations like 
EY, where Computer Information Systems students gain valuable 
professional experience and are often hired after their apprenticeships. 
• Contributions to the community
• Serves as a campus leader:
 Throughout his 30-year tenure at BCC, Professor Clampman has served on 
many college committees, including the Middle States Steering Committee 
and the Strategic Planning Committee. His commitment to institutional 
service is integral to his persona.
• Helps build the local workforce:
 By continually updating the curriculum in his department and securing 
professional opportunities with companies like EY, Clampman ensures BCC 
students are prepared for the job market and can contribute to the local
 economy.
• Serves on external boards:
 In addition to his work at BCC, Clampman is a member of the 
Accreditation Council for Business Schools and Programs (ACBSP) 
Associate Degree Board of Commissioners, where he helps ensure the 
quality of business programs nationally.
• Advocates for students:
 In hiring new faculty, Clampman emphasizes finding people focused on 
improving students' lives, reinforcing the college's mission and its 
positive impact on the community",,Chairperson/Professor Business & Information Systems,Chair / Professor,Jeremiah_AI_v2_Standardized,Yes
Derrick Brazill ,York College,"Programming, Service Learning",Faculty Research,Education,Students,865,,,"Academic programming, potentially service learning",,"Provost & VP, Academic Affairs",Staff,Jeremiah_AI_v2_Standardized,Yes
Prof. Julia Rodas,Bronx Community College,"Advocacy, Mentorship, Publications, Event Organization",Community Advocacy,"Disability Studies, English","Students, Academia, General Public, Justice-Impacted Individuals",868,"Social Justice, Disability Advocacy",,"professor
 Julia Miele Rodas is a Professor of English at Bronx Community College 
(BCC) who focuses on disability studies, using her courses and 
scholarship to benefit both students and the broader community. Her work centers on social justice, disability advocacy, and encouraging critical thinking. Contributions to students
• Encourages inclusive learning:
 In her teaching, Professor Rodas consciously works to accommodate 
different learning styles, cognitive approaches, and abilities to create
 an inclusive environment.
• Focuses on social justice issues:
 Her writing classes at BCC often use social justice themes as their 
focus, allowing students to explore complex issues like racism, mass 
incarceration, and the experiences of marginalized people.
• Fosters advocacy:
 Through course design, she empowers students to become ""small-scale 
public disability advocates,"" teaching them how to integrate disability 
studies into their work and encouraging them to address social issues.
• Creates a ""safe working laboratory"":
 She cultivates a classroom environment where students can test new 
ideas about reading, writing, and culture without fear of failure, 
viewing learning as a ""messy"" but valuable process of asking bigger 
questions.
• Published student work: In 2024, she collaborated with BCC students on a chapter of a book, leading to their publication.
• Mentors student clubs:
 From 2008 to 2011, she served as the faculty advisor for the Bronx 
Community College Organization for Leadership in Disability (BOLD). 
• Contributions to the community
• Promotes disability studies:
 As a prominent disability studies scholar and Victorianist, her work 
helps to reshape how both academia and the public perceive disability. 
She is a founding co-chair of the CUNY Disability Scholars and co-chair 
of the Columbia University Seminar in Disability, Culture & Society.
• Leads museum initiatives:
 She has acted as a lead consultant for the Metropolitan Museum of Art's
 ""Crip the Met"" initiative, which focuses on making the institution more
 accessible.
• Organizes public events:
 As a faculty advisor for BOLD, she coordinated public events, such as a
 disability film screening and talkback, to raise awareness and educate 
the community.
• Reshapes perception of autism: Her book, Autistic Disturbances: Theorizing Autism Poetics from the DSM to Robinson Crusoe,
 challenges stereotypical and pathologizing views of autism. She 
provides a framework for understanding and appreciating autistic 
language within a broader literary context.
• Promotes dialogue through publications:
 Her numerous publications in literary and cultural disability studies 
have contributed to ongoing public and academic conversations about 
disability, identity, and rhetoric.",,"Professor, English Dept",Faculty,Jeremiah_AI_v2_Standardized,Yes
Emine Martini,Hunter College,"Media Outreach, Digital Outreach",Faculty Research,Student Engagement,Students,867,,,"Supports student engagement via media, digital outreach ",,"Assistant Director, Student Communication",Staff,Jeremiah_AI_v2_Standardized,Yes
Robert Ramos,Bronx Community College,"Advising, Leadership Development, Mentoring, Recruitment",Mentorship,Education,Underrepresented Students,869,Civic Engagement,,"Robert is the listed counselor/advisor for the College Discovery program and the College Discovery Student Leadership group. That program is explicitly designed to support underrepresented students with advising, leadership development, and mentoring — a ready-made pipeline for recruiting students into paid internships, civic-tech cohorts, or research-mentorship programs that VNGLE INI runs. Partnering with College Discovery means you can reach students who need wraparound support (stipend, advising, follow-through) rather than just one-off workshops.",,"Counselor, College Discovery",counselor,Jeremiah_AI_v2_Standardized,Yes
Katherine Acevedo-Coppa,Bronx Community College,"Mentorship, Research Promotion, Student Support, Teaching",Mentorship,"Education, Academic Literacy","Students, Faculty, Wider Community",870,"Civic Engagement, Higher Education",,"As
 Director for Special Projects and the CUNY Research Scholars Program at
 Bronx Community College (BCC), Katherine Acevedo-Coppa supports 
students through direct mentorship and administrative oversight of key academic initiatives. Her work also extends to the wider community through her involvement in college governance and research promotion. For students
• Encourages undergraduate research:
 As director of the CUNY Research Scholars Program at BCC, Acevedo-Coppa
 mentors students and encourages their participation in undergraduate 
research projects, particularly in STEM fields. This program connects 
students with faculty mentors to conduct research over a year-long 
period.
• Showcases student achievements:
 She facilitates student attendance and presentations at academic 
conferences, providing valuable networking and public speaking 
opportunities. For example, in 2024, she led four BCC students to 
present at the Middle States Commission on Higher Education conference.
• Serves as an educator:
 Acevedo-Coppa is an adjunct lecturer in the Education and Academic 
Literacy Department at BCC. She teaches a variety of courses, both 
in-person and online, sharing her expertise with students directly.
• Fosters a supportive environment: Student reviews on https://www.ratemyprofessors.com/professor/2457863
 describe her as caring, engaging, and clear about her expectations. 
Former students praise her teaching style and willingness to help 
students succeed.",,"Director for Special Projects, Office of Academic Affairs (faculty/admin)",Director,Jeremiah_AI_v2_Standardized,Yes
Stephannia Cleaton,York College,"External Communications Management, Media Relations",Faculty Research,Communications,General Public,871,Civic Partnerships,,"Manages external communications, media, which is key for civic partnerships",,"Director, Communications & External Relations",Staff,Jeremiah_AI_v2_Standardized,Yes
Jason Williams ,Hunter College,Communication,Faculty Research,Student Life,Students,872,,,Works with Paul Philips in communications / student life,Partner in student support,"Associate Director, Student Communication",Staff,Jeremiah_AI_v2_Standardized,Yes
Nieves Angulo,Hostos Community College,"Mentorship, Recruitment, Advising",STEM Pipeline,"STEM, Education","Students, Data/Tech Enthusiasts",873,,,"Math Dept. Chair — co-leads STEM programs, student research days and dual-degree advising; useful for recruiting students into data/tech civic projects and mentorship.",,Math Dept. Chair,Chair / Professor,Jeremiah_AI_v2_Standardized,Yes
Kennybel Peña ,York College,Mentoring,Faculty Research,Student Support,Students,874,,,"Advisement & student support, could partner on mentoring",Partner in mentoring ,"Director, Student Support & Advisement ",Staff,Jeremiah_AI_v2_Standardized,Yes
Bryan Betancur,Bronx Community College,"Instruction and Mentorship, Academic Support, Journalism and Writing, Scholarly and Creative Work, Civic Engagement",Mentorship,"Education, Language & Literature","Students, Faculty, Community Members",875,"Social Justice, Civic Engagement",,"Bryan Betancur is an associate professor and Spanish coordinator at Bronx Community College (BCC). His primary work involves teaching Spanish language and literature, but as a faculty member, he contributes to the broader campus community through academic pursuits and by fostering a welcoming learning environment. Contributions to students
• Instruction and mentorship: Betancur teaches Spanish language courses, including advanced classes on literary works like Don Quijote. According to student reviews, his teaching is well-organized and his courses are academically challenging but rewarding.
• Academic support:
 As the Spanish Coordinator, he helps guide the Spanish language 
curriculum at the college. He also contributes to the college's overall 
goal of providing students with academic and career support.
• Encouraging engagement:
 By offering classes that cover topics such as Hispanic political 
identity, he helps students explore social issues relevant to their 
communities. 
• Contributions to the community
• Journalism and writing:
 Beyond his teaching role, Betancur is a freelance journalist who writes
 about Hispanic political identity and representation. This work helps 
to inform the public and amplify important community perspectives.
• Scholarly and creative work:
 He has published poetry and creative nonfiction, adding to the cultural
 and intellectual life of the college and the wider community. He was 
also featured in a Bronx Community College publication highlighting 
faculty achievements in research and publishing.
• Civic engagement:
 While Betancur's direct involvement in community outreach is not 
explicitly detailed in search results, his role as an educator aligns 
with BCC's mission to promote civic engagement and social justice. The 
college as a whole is committed to ensuring students have opportunities 
for community involvement and public service. ",,"Associate Professor / Spanish Coordinator, Modern Languages & Cultures",Coordinator,Jeremiah_AI_v2_Standardized,Yes
Anthony Davis,York College,"Admissions Management, Event Collaboration",Faculty Research,Education,"Students, General Public",876,,,Manages admissions; may collaborate on outreach events,,Director of Admissions / Enrollment Management,Staff,Jeremiah_AI_v2_Standardized,Yes
Joseph Fantozzi,Hunter College,Staff,Faculty Research,Administration,Students,878,,,Higher-level administrative contact,,"Assistant Vice President, Student Affairs",Staff,Jeremiah_AI_v2_Standardized,Yes
Dr. Thitima Srivatanakul,York College,Program Leadership,Faculty Research,,,881,,,Co-lead of that program,,"Co-Associate Director, STEP",Staff,Jeremiah_AI_v2_Standardized,Yes
Ms. Susana Rivera,Bronx Community College,"Program Development, Advocacy, Collaboration, Resource Provision",Mentorship,"Higher Education, Access to Higher Education","Historically Underserved Students, New York City Public High School Students, Students, Community",877,"Equity in Education, Access to Higher Education for All",,"At Bronx Community College (BCC), Susana Rivera is the Director of the College Now program,
 which provides high school students with an authentic, no-cost college 
experience. She also has more than 25 years of experience in pre-college
 programming, expanding higher education access for historically 
underserved students. For students: The College Now programAs director, Ms. Rivera oversees a program that specifically benefits New York City public high school students by providing:
• College-level courses: Qualified students can take free courses, getting a head start on their college journey.
• A seamless transition: The program eases the move from high school to college and better prepares students for a successful academic career.
• Access to campus life: Students can use BCC's facilities and participate in campus academic, social, and cultural events.
• Valuable resources:
 Students interact with BCC faculty and students, and can receive 
assistance with accessing their CUNY accounts, email, and Blackboard. 
• For the community: Expanded access to higher educationMs. Rivera's work also provides a broader benefit to the community by:
• Strengthening dual enrollment:
 She participates in events, such as the Hispanic Education Summit, to 
discuss strategies for ensuring more equitable access to dual enrollment
 programs for students across New York State.
• Supporting underserved students:
 With her extensive experience, she is dedicated to increasing access to
 higher education for students who have historically been 
underrepresented.
• Fostering collaboration:
 As part of her advocacy for dual enrollment, she works to strengthen 
support networks and collaboration between CUNY and the New York City 
Department of Education. 
• While
 Ms. Rivera is specifically involved with the College Now program, it's 
worth noting that BCC offers many other services that benefit its 
students and the surrounding Bronx community, including the Access 
Resource Center (ARC), food pantries, and various counseling and career 
development services",,"College Now Director
Department College Now Program",Director,Jeremiah_AI_v2_Standardized,Yes
Dr. Katherine Culkin,Bronx Community College,"Curricular Leadership, Community History Projects, Civic Literacy, Oral-History, Research Mentoring",Community Engagement,History,"Academics, Students, General Public",879,Civic Engagement,,"Longstanding faculty active in curricular leadership and community history projects — good for civic literacy, oral-history, and community-engaged research mentoring.",,"Professor & Deputy Chair, History Dept.",Chair / Professor,Jeremiah_AI_v2_Standardized,Yes
Patricia Lapinski,Hunter College,Communication,Faculty Research,Student Communications,Students,880,,,Likewise part of student communications team,,"Associate Director, Student Communication",Staff,Jeremiah_AI_v2_Standardized,Yes
Michele Gregory,York College,Outreach,Faculty Research,Behavioral Sciences,"Community, Psychology",884,,,Department with community / psychology outreach potential,mental health outreach ,"Chair, Behavioral Sciences Dept",Staff,Jeremiah_AI_v2_Standardized,Yes
Mr. Eugene Adams,Bronx Community College,"Mentorship, Grant Development, Community Engagement, Program Development, Service-Learning",Mentorship,"Education, Partnerships, International Education","Students, West African Immigrant Students, Male Students, Urban Youth, Local Community",883,"Empowerment, Education for Social Change",,"As
 Director of Collaborative Education at Bronx Community College (BCC), 
Eugene Adams helps students and the broader Bronx community through partnerships, pre-college enrichment, and international programs.
 A ""possibility broker"" with nearly 40 years of experience, he is also 
co-founder of the Male Empowerment Network (MEN). For his efforts, he 
was honored with a Presidential Volunteer Service Award. For BCC students
• Mentorship and guidance:
 Adams is known as a mentor and confidant for students, particularly 
West African immigrant students who often visit his office for advice on
 personal and academic issues.
• Male Empowerment Network (MEN):
 As a co-founder, Adams supports BCC's programs for male students. At a 
""Lunch with Leaders"" event, he encouraged students to get involved with 
something bigger than themselves and become masters of more than one 
thing.
• Improved academic support:
 After attending an academic conference on Senegal, Adams gained a 
better understanding of how to create support programs tailored to the 
needs of BCC's West African student population.
• Academic preparation:
 Through the Male Empowerment Network (MEN) and other programs, Adams 
helps provide students with college credit and skill-building workshops 
in writing, science, mathematics, and critical thinking. 
• For the community
• Educational partnerships:
 Adams develops and strengthens educational partnerships throughout the 
Bronx with elementary, middle, and high schools. This includes 
pre-college programs that offer coursework and workshops to local middle
 and high school students.
• International programs: Adams is a strong advocate for international education and service-learning as a tool for empowering urban youth.
    ◦ He has coordinated programs for students in countries including Senegal and South Africa.
    ◦ He also serves as the U.S. Director of Operations for the Senegalese American Bilingual School in Dakar.
• Grant development:
 Adams has helped secure millions of dollars in grants from 
organizations like the U.S. Department of Education, Ford Foundation, 
and New York State. These grants have funded STEM and other educational 
initiatives for students both on and off campus.
• Community book donations:
 In 2024, Adams donated over 200 STEM-focused books to the Ghana Mobile 
Community Center project, an initiative run by his former student and 
mentee",,Director of Collaborative Education Programs (collaborative edu & partnerships),Director,Jeremiah_AI_v2_Standardized,Yes
Lori Hoeffner,York College,"Strategic Planning, Partnership Development",Faculty Research,Civic,Higher Education Institutions,882,Institutional Effectiveness,,Could help with strategic civic/partnership planning,,"Vice President, Institutional Effectiveness & Strategic Planning",Staff,Jeremiah_AI_v2_Standardized,Yes
Prof. Charmaine Aleong,Bronx Community College,"Community Health Initiatives, Student Practicum Placements, Research Mentorship",Mentorship,"Health, Nutrition Science","General Public, Students",887,Civic Health Projects,,Leads community health / nutrition initiatives and student practicum placements — aligns with civic health projects and community research mentorship.,,"Professor, Coordinator Dietetics and Nutrition Science Department Health, Physical Ed & Rec",Coordinator,Jeremiah_AI_v2_Standardized,Yes
Repair the World — BK,Brooklyn (Community),Partnership Evaluation,Community / Mentorship / Civic Insight,Service Programs,General Public,888,Civic Service,,Civic service programs; data-friendly partnership evaluation.,,Repair the World,Brooklyn Team,Jeremiah_AI_v2_Standardized,Yes
Johana Rivera,York College,"Student Retention, Civic Engagement",Faculty Research,Education,Students,885,,,"Oversees student retention, likely civic engagement ties",,"VP, Enrollment & Retention Management",Staff,Jeremiah_AI_v2_Standardized,Yes
Dr. Fenio Annansingh-Jamieson,York College,"Mentoring, Pipeline Development",Faculty Research,STEM,Youth,886,,,"Works with youth in STEM, mentoring pipeline",,"Director, STEP (Science & Tech Entry Program)",Staff,Jeremiah_AI_v2_Standardized,Yes
CESR Office,Brooklyn College,"Pipeline Development, Voter Engagement",Student Opportunity / Civic,Civic Engagement,Students,892,Social Responsibility,,Student civic pipelines and voter engagement.,,Civic Engagement & Social Responsibility (CESR),Office of Civic Engagement & Social Responsibility,Jeremiah_AI_v2_Standardized,Yes
Center for Justice Innovation — Red Hook,Brooklyn (Community),"Research Partnerships, Civic Data",Community / Mentorship / Civic Insight,Community Justice,General Public,890,Justice,,Evidence-based community justice; research partnerships; civic data.,,Center for Justice Innovation,Red Hook Community Justice Center,Jeremiah_AI_v2_Standardized,Yes
St. Nicks Alliance (Main),Brooklyn (Community),Program Direction,Community / Mentorship / Civic Insight,"Youth Employment, Education, Housing",Schools,889,,,"Youth employment, education, housing; program directors by school.",,St. Nicks Alliance,Main Office,Jeremiah_AI_v2_Standardized,Yes
Global Kids — BK,Brooklyn (Community),"Mentorship, College Access",Community / Mentorship / Civic Insight,"Education, Leadership","Youth, CUNY Students",891,Civic Leadership,,Civic leadership & college access; potential CUNY mentorship site.,,Global Kids,Programs / Partnerships,Jeremiah_AI_v2_Standardized,Yes
RiseBoro Community Affairs,Brooklyn (Community),"Mentorship, Research Programs",Community / Mentorship / Civic Insight,Community Development,"General Public, Partnership Members",895,Community Engagement,,Partnership intake; mentorship & community research programs.,,RiseBoro Community Partnership,Community Affairs,Jeremiah_AI_v2_Standardized,Yes
Girls for Gender Equity (GGE),Brooklyn (Community),"Leadership Development, Research, Policy Engagement",Community / Mentorship / Civic Insight,Gender Equality,"Youth, General Public",893,Social Justice,,Youth leadership & research; policy engagement.,,Girls for Gender Equity,Programs / Partnerships,Jeremiah_AI_v2_Standardized,Yes
Dr. Jocelynne Rainey,Brooklyn Org (formerly Brooklyn Community Foundation),"Grantmaking, Co-Funding Research",Community / Philanthropy,Civic Insights,"Students, Community",897,Participatory,,Participatory grantmaking; interest in civic insights; could co-fund student/community research.,,Brooklyn Org,President & CEO,Jeremiah_AI_v2_Standardized,Yes
Dr. Ken Irish-Bramble,Medgar Evers,Research,Faculty Research,Caribbean Diaspora,Caribbean Community,896,,,Policy and community research hub focused on Caribbean diaspora.,,Caribbean Research Center (CRC),Research Center,Jeremiah_AI_v2_Standardized,Yes
Brooklyn Chamber of Commerce,Brooklyn (Community),"Research, Mentorship",Community / Mentorship / Civic Insight,"Business, Civics","Small Business Owners, Startups",894,Economic Development,,Business civics; research on small business needs; mentorship to startups.,,Brooklyn Chamber of Commerce,Programs / Membership,Jeremiah_AI_v2_Standardized,Yes
ISNA Brooklyn Center (example placeholder),Brooklyn (Community),Validation,Community / Mentorship / Civic Insight,Civic Programming,Local Community,902,Faith-Based,,Faith-based civic programming; to be validated for local BK site.,,ISNA Brooklyn Center,Programs,Jeremiah_AI_v2_Standardized,Yes
HSI Office,Brooklyn College,"Research, Cultural/Community Engagement",Faculty Research,"Haitian Studies, Diaspora Issues","Haitian Community, General Public",900,,,Research center on Haitian and diaspora issues; strong cultural/community engagement.,,CUNY Haitian Studies Institute (HSI),Cultural Research Center,Jeremiah_AI_v2_Standardized,Yes
RiseBoro Administration,Brooklyn (Community),Routing,Community / Mentorship / Civic Insight,Administration,"Youth, Education, Community",899,,,Org-wide contact; can route to youth/education/community divisions.,,RiseBoro Community Partnership,Administration,Jeremiah_AI_v2_Standardized,Yes
Natalia Guarin-Klein,Brooklyn College,"Mentorship, Pipeline Development, Internship Coordination, Employer Partnership",Community/Engagement,Career Development,"Students, Professionals",901,,,Career and mentorship pipeline; supports internships and employer partnerships.,,Magner Career Center,Mentorship / Career Pipeline,Jeremiah_AI_v2_Standardized,Yes
Denise Paige ,Brooklyn College,"Mentorship, Project Coordination",Student Opportunity / Community,"Education, Community Development","Youth, CUNY Students",898,Place-Based Civic Engagement,,Youth programs with CUNY student mentors; place-based civic projects.,,Brooklyn College Community Partnership,Community Partnership,Jeremiah_AI_v2_Standardized,Yes
Dr. Rosamond S. King ,Brooklyn College,"Research, Discourse Facilitation",Faculty Research,Humanities,General Public,906,Civic Discourse,,Hosts public seminars/colloquia; humanities research & civic discourse.,,Ethyle R. Wolfe Institute for the Humanities,Institute Office,Jeremiah_AI_v2_Standardized,Yes
"CTLE Helpdesk, Margaret Carroll",Medgar Evers College,"Research Support, Data Literacy Workshop Hosting",Faculty Development / Research Support,"Interdisciplinary Research, Faculty Development","Academics, Researchers",904,,,Supports faculty scholarship and interdisciplinary research & outreach; can host data literacy workshops.,,CTLE (Faculty Development/Research Support),Center for Teaching & Learning Excellence,Jeremiah_AI_v2_Standardized,Yes
Gregory Anderson,Bridge Street Development Corporation,"Research Partnerships, Merchant Association Engagement",Community / Civic,"Youth Civic Development, Workforce Development, Neighborhood Vitality","Youth, General Public, Neighborhoods",905,Civic Development,,Youth civic & workforce development; merchant associations; research partnerships on neighborhood vitality.,,BSDC,President & CEO: Gregory Anderson,Jeremiah_AI_v2_Standardized,Yes
Park Slope United Methodist Church,Brooklyn (Community),"Service Coordination, Mentorship",Community / Mentorship / Civic Insight,Community Development,"Youth, Local Community",903,Civic Engagement,,"Community dinners, youth mentorship, local service.",,PSUMC,Community Programs,Jeremiah_AI_v2_Standardized,Yes
Brooklyn Org — Programs,Brooklyn (Community),"Grantmaking, Co-Funding",Community / Mentorship / Civic Insight,Civic Insights,CUNY (City University of New York),907,Community Development,,Borough-wide grantmaker; could co-fund CUNY civic insights projects.,,Brooklyn Org (Community Foundation),Programs / Grants,Jeremiah_AI_v2_Standardized,Yes
Common Justice,Brooklyn (Community),"Research, Community Insights",Community / Mentorship / Civic Insight,Justice,General Public,908,Restorative Justice,,Restorative justice & research; community insights.,,Common Justice,Programs / Partnerships,Jeremiah_AI_v2_Standardized,Yes
"Domenick Brucculeri, Philia Anekwe",Kingsborough Community College,"Pipeline Development, Program Management",Student Opportunity / Community,Education,"High School Students, College Students",912,Liberty Partnerships,,High school pipelines & Liberty Partnerships; multiple program directors listed.,,College Now / Liberty Partnerships Program,Directors & Liaisons (multiple),Jeremiah_AI_v2_Standardized,Yes
Per Scholas — Brooklyn,Brooklyn (Community),"Workforce Training, Talent Pipelines",Community / Mentorship / Civic Insight,IT,"Students, Professionals",909,Education,,IT workforce training; CUNY-aligned talent pipelines.,,Per Scholas Brooklyn,Admissions / Partnerships,Jeremiah_AI_v2_Standardized,Yes
NYC Outward Bound Schools (BK),Brooklyn (Community),"Leadership, Mentoring",Community / Mentorship / Civic Insight,Education,"Schools, Brooklyn Community",910,Partnerships,,Leadership & mentoring with Brooklyn school partners.,,NYC Outward Bound,Programs / Partnerships,Jeremiah_AI_v2_Standardized,Yes
YWCA Brooklyn,Brooklyn (Community),"Civic Advocacy, Student Engagement",Community / Mentorship / Civic Insight,Women's Leadership,"General Public, Students",911,Justice,,Women’s leadership; civic advocacy; student engagement.,,YWCA Brooklyn,Programs / Partnerships,Jeremiah_AI_v2_Standardized,Yes
Editor-in-Chief,Brooklyn College,Journalism,Student Opportunity,Education,"Students, General Public",913,,,Brooklyn College’s independent student newspaper.,,The Excelsior (Student Newspaper),Student Media (Newspaper),Jeremiah_AI_v2_Standardized,Yes
Director,Brooklyn College,"Research, Innovation",Faculty Research,"Music Technology, Sound Design",,915,,,Research and innovation in music technology and sound design.,,Center for Computer Music (CCM),Research Center,Jeremiah_AI_v2_Standardized,Yes
MCC Brooklyn (Muslim Community Center),Brooklyn (Community),"Mentorship, Community Services",Community / Mentorship / Civic Insight,Youth Development,"Youth, Muslim Community",914,,,Youth mentorship & community services.,,Muslim Community Center Brooklyn,Programs / Youth,Jeremiah_AI_v2_Standardized,Yes
University Settlement — BK,Brooklyn (Community),"Pipeline Development, Research and Evaluation",Community / Mentorship / Civic Insight,"Education, Workforce Development","Students, Professionals",918,,,Education & workforce pipelines; research & evaluation ready.,,University Settlement,Programs / Partnerships,Jeremiah_AI_v2_Standardized,Yes
CAMBA College Access,Brooklyn (Community),"Mentoring, Linkage",Community / Mentorship / Civic Insight,Education,Youth,919,CUNY,,College access & mentoring for youth; ideal for CUNY linkage.,,CAMBA College Access,Program Contact,Jeremiah_AI_v2_Standardized,Yes
Cypress Hills LDC,Brooklyn (Community),"Data Collaboration, Community Engagement",Community / Mentorship / Civic Insight,"Education, Youth Leadership","Students, Youth",917,College Success,,College success & youth leadership; community data collaborations.,,Cypress Hills Local Development Corporation,Programs / Partnerships,Jeremiah_AI_v2_Standardized,Yes
Emmanuel Baptist Church (Bed-Stuy),Brooklyn (Community),"Program Development, Partnership Building",Community / Mentorship / Civic Insight,Community Development,"Youth, General Public",916,Civic Engagement,,Community & youth programs; civic partnerships.,,Emmanuel Baptist Church,Community Development,Jeremiah_AI_v2_Standardized,Yes
Greg O’Connell,Red Hook Waterfront,Civic Data Projects,Community,Waterfront Resilience,Local Business/Community,920,Waterfront,,Local business/community hub; opportunities for civic data projects tied to waterfront resilience.,,Red Hook Waterfront,Community/Business Org,Jeremiah_AI_v2_Standardized,Yes
Pratt Center (Info Line),Brooklyn (Community),"Research, Policy Analysis",Community / Mentorship / Civic Insight,Community Development,"Students, General Public",924,Community Development,,Policy research & community development; student research alignment.,,Pratt Center for Community Development,Communications / General,Jeremiah_AI_v2_Standardized,Yes
Andre Brereton,Medgar Evers College,"Peer Mentoring, Leadership Programming, Voter Education, Civic Education Campaigns",Mentorship / Civic Engagement,Civic Education,"Youth, Men of Color",922,Empowerment,,"Peer mentoring, civic education campaigns, and leadership programming; voter education.",,Male Development & Empowerment Center (MDEC),Assistant Director,Jeremiah_AI_v2_Standardized,Yes
CAMBA Partnerships,Brooklyn (Community),Mentorship Pathways,Community / Mentorship / Civic Insight,"Youth Education, College Access, Workforce Development","Youth, Students",925,,,"Large Brooklyn nonprofit; youth education, college access, workforce; strong mentorship pathways.",,CAMBA,Partnerships / Programs,Jeremiah_AI_v2_Standardized,Yes
Brooklyn Community Services (Main),Brooklyn (Community),"Mentorship, Evaluation",Community / Mentorship / Civic Insight,Community Development,General Public,921,,,Borough-wide programs; mentorship & evaluation-friendly.,,Brooklyn Community Services (BCS),Main Office,Jeremiah_AI_v2_Standardized,Yes
Restoration (Services),Brooklyn (Community),"Evaluation, Data-Friendly Partnership",Community / Mentorship / Civic Insight,Personal Finance,Low-Income Individuals,923,Financial Inclusion,,Financial inclusion; evaluation & data-friendly partner.,,Bedford Stuyvesant Restoration Corporation,Center for Personal Financial Health,Jeremiah_AI_v2_Standardized,Yes
BRIC Media Education,Brooklyn (Community),"Instruction, Mentorship, Skills Pipelines",Community / Mentorship / Civic Insight,Media Education,Students,927,,,Classes & instruction—mentorship and skills pipelines.,,BRIC Media Center,Media Education,Jeremiah_AI_v2_Standardized,Yes
Brooklyn Navy Yard — Partnerships,Brooklyn (Community),"Partnership Building, Experiential Project Management",Community / Mentorship / Civic Insight,"Workforce Development, Innovation","Industry Partners, Job Seekers",930,,,Workforce & innovation; experiential projects with industry.,,Brooklyn Navy Yard,Employment Center / Partnerships,Jeremiah_AI_v2_Standardized,Yes
Denise Abarca,Kingsborough Community College,"Mentorship, Visits, Data Storytelling",Student Opportunity / Mentorship,Education,"K-16 Students, Community",929,Community Visibility,,K-16 pipeline work; mentorship and visits—good for community visibility & data storytelling.,,CUNY Explorers (K-16 Initiatives),Campus Coordinator,Jeremiah_AI_v2_Standardized,Yes
Jose Flores,Brooklyn (Community),"Leadership Development, Community Engagement",Community / Mentorship / Civic Insight,Education,"Youth, Neighborhoods",928,Community Development,,After-school leadership; neighborhood projects.,,St. Nicks Alliance,Program Director,Jeremiah_AI_v2_Standardized,Yes
Donna Hill,Medgar Evers College,"Mentorship, Program Development, Community Engagement",Community / Research,Literature,"Black Community, Writers",926,,,Literary research & programs; mentorship in writing; community engagement.,,Center for Black Literature (CBL),Executive Director,Jeremiah_AI_v2_Standardized,Yes
Shannon Caravello,Kingsborough Community College,"Research, Teaching, Internship Placement, Volunteer Coordination",Student Opportunity / Research,Food Systems,"Farmers, Students, General Public",934,,,Hands-on food systems research/teaching; internships & volunteers.,,KCC Community Farm & Garden (CFG),Garden Administrator,Jeremiah_AI_v2_Standardized,Yes
Christian Cultural Center (CCC),Brooklyn (Community),"Workforce Initiatives, Civic Hub",Community / Mentorship / Civic Insight,"Community Development, Education","Faith-Based Community, General Public",933,Social Justice,,Large faith-based institution with education & workforce initiatives; civic hub.,,"Christian Cultural Center, Brooklyn Campus",Community Development / Education,Jeremiah_AI_v2_Standardized,Yes
Brooklyn Movement Center (Org),Brooklyn (Community),Civic Engagement,Community / Mentorship / Civic Insight,Community Research,Central Brooklyn Community,936,Civic Engagement,,Civic engagement & community research in Central Brooklyn.,,Brooklyn Movement Center,Organization Contact,Jeremiah_AI_v2_Standardized,Yes
Plymouth Church (Brooklyn Heights),Brooklyn (Community),"Civic Engagement, Program Management",Community / Mentorship / Civic Insight,Community Development,"General Public, Church Congregation",931,Social Justice,,Historic abolitionist church; civic engagement & community programs.,,Plymouth Church,Community Life,Jeremiah_AI_v2_Standardized,Yes
CodePath (NYC),Brooklyn (Community),"Mentorship, Partnership Development",Community / Mentorship / Civic Insight,Technology,Students,935,Education,,University partnerships for tech mentorship; CUNY student-ready.,,CodePath,University Partnerships,Jeremiah_AI_v2_Standardized,Yes
Restoration (Communications),Brooklyn (Community),"Research, Partnership Building",Community / Mentorship / Civic Insight,Economic Development,Bedford Stuyvesant Community,932,Civic Partnerships,,Economic mobility & research; deep civic partnerships in Bed-Stuy.,,Bedford Stuyvesant Restoration Corporation,Communications,Jeremiah_AI_v2_Standardized,Yes
Maria Contel (Director),Brooklyn College,"Mentoring, Seminars, Fellowship Opportunities",Faculty Research,"Healthcare, Education","Undergraduate Students, Graduate Students, Researchers",939,Cancer Research,,Cancer research center with funded mentoring & seminars; undergrad/mast. fellowships.,,Brooklyn College Cancer Center (BCCC-CURE),Director,Jeremiah_AI_v2_Standardized,Yes
Chinese-American Planning Council (CPC) BK,Brooklyn (Community),Mentorship,Community / Mentorship / Civic Insight,"Education, Youth","General Public, Youth",941,,,Large multi-service org with education & youth; potential mentorship sites.,,CPC Brooklyn,Brooklyn Community Services,Jeremiah_AI_v2_Standardized,Yes
Arab-American Family Support Center (AAFSC),Brooklyn (Community),"Research, Youth Mentorship, Civic Engagement",Community / Mentorship / Civic Insight,Immigrant Communities,"Youth, Immigrant Communities",938,Civic Engagement,,"Civic engagement, youth mentorship, research on immigrant communities.",,AAFSC,Brooklyn Sites / Programs,Jeremiah_AI_v2_Standardized,Yes
Urban Upbound (BK programs),Brooklyn (Community),"Data Collaboration, Partnership Building",Community / Mentorship / Civic Insight,"Financial Empowerment, Workforce Development","Low-Income Individuals, Underserved Populations",940,Social Justice,,Financial empowerment & workforce; data collaboration potential.,,Urban Upbound,Programs / Partnerships,Jeremiah_AI_v2_Standardized,Yes
Suresh A. Sethi,Brooklyn College,"Research Opportunities, Data Insights",Faculty Research,"Environmental Science, Sustainability","Students, Researchers",937,Civic Data & Environmental Insights,,Aquatic sustainability research; student research opportunities. Strong match for civic data & environmental insights.,,Aquatic Research & Environmental Assessment Center (AREAC),Director,Jeremiah_AI_v2_Standardized,Yes
Young New Yorkers,Brooklyn (Community),"Leadership Development, Storytelling",Community / Mentorship / Civic Insight,Justice,Youth,943,Restorative Justice,,Restorative justice; youth leadership & storytelling.,,Young New Yorkers,Programs / Partnerships,Jeremiah_AI_v2_Standardized,Yes
Concord Baptist Church of Christ,Brooklyn (Community),"Mentorship, Ministry",Community / Mentorship / Civic Insight,"Health, Education","Bed-Stuy Community, General Public",946,Social Justice,,Historic Bed-Stuy civic hub; health & education ministries; mentorship.,,Concord Baptist Church of Christ,Community / Social Justice Ministries,Jeremiah_AI_v2_Standardized,Yes
BCS Volunteer Program,Brooklyn (Community),"Pipeline Management, Placement Coordination",Community / Mentorship / Civic Insight,Community Development,"Students, Community Members",942,Social Impact,,Volunteer pipelines—place students into community projects.,,Brooklyn Community Services (BCS),Volunteer Program,Jeremiah_AI_v2_Standardized,Yes
LEAP (Learning Through Expanded Arts Program),Brooklyn (Community),"Mentorship, Evaluation",Community / Mentorship / Civic Insight,"Arts, Civic Learning",Students,945,Partnerships,,Arts + civic learning; student mentorship & evaluation.,,LEAP NYC,Programs / Partnerships,Jeremiah_AI_v2_Standardized,Yes
Brooklyn Community Pride Center,Brooklyn (Community),"Data Analysis, Mentorship, Civic Engagement",Community / Mentorship / Civic Insight,"Community Needs, Youth Development","LGBTQ+ Youth, General Public",944,Social Justice,,"Civic engagement, youth mentorship, data on community needs.",,Brooklyn Community Pride Center,Programs / Partnerships,Jeremiah_AI_v2_Standardized,Yes
Coalition for Hispanic Family Services,Brooklyn (Community),Research Collaboration,Community / Mentorship / Civic Insight,"Education, Youth Development","Hispanic Families, Youth",951,,,Education & youth development; research collaborations.,,Coalition for Hispanic Family Services,Programs / Partnerships,Jeremiah_AI_v2_Standardized,Yes
Groundswell NYC,Brooklyn (Community),"Mentorship, Storytelling, Research",Community / Mentorship / Civic Insight,"Arts, Civic Engagement","Youth, General Public",949,Community Development,,Youth arts + civic storytelling; researchable outcomes; mentorship-ready.,,Groundswell Community Mural Project,Programs / Partnerships,Jeremiah_AI_v2_Standardized,Yes
SAIL Staff,Brooklyn College,"Leadership Hub, Club Oversight",Student Opportunity,Student Life,Students,950,,,Hub for student activities and leadership; oversees clubs via Bulldog Connection.,,SAIL Center,Student Life / Leadership Hub,Jeremiah_AI_v2_Standardized,Yes
Brownsville Partnership,Brooklyn (Community),"Neighborhood Research, Community Development",Community / Mentorship / Civic Insight,"Research, Safety, Health, Economic Mobility","Brownsville Neighborhood, Local Residents",952,Community Development,,"Neighborhood research, safety, health, and economic mobility.",,Community Solutions,Community Solutions — Brownsville Partnership,Jeremiah_AI_v2_Standardized,Yes
Destiny Mercado,Brooklyn (Community),"Leadership Development, Mentorship",Community / Mentorship / Civic Insight,Education,"Youth, Students",947,,,After-school leadership; student mentorship tie-ins.,,St. Nicks Alliance,Program Director,Jeremiah_AI_v2_Standardized,Yes
Library Media Staff,BMCC,Media Production,Student Opportunity,Education,Students,948,,,Library-supported podcast and student media space.,,BMCC Voices (Podcast),Student Media (Podcast),Jeremiah_AI_v2_Standardized,Yes
Ashlei McBride,Brooklyn (Community),"Parent Engagement, Data Analysis",Community / Mentorship / Civic Insight,"Education, Civic Data","Parents, Community Members",954,Community Development,,Community school; civic data & parent engagement.,,St. Nicks Alliance,,Jeremiah_AI_v2_Standardized,Yes
BRIC (General),Brooklyn (Community),"Storytelling, Training",Community / Mentorship / Civic Insight,"Arts, Education",General Public,956,Civic Engagement,,Media education partner; civic storytelling & training.,,BRIC Arts Media / BRIC Media Education,General Inquiries,Jeremiah_AI_v2_Standardized,Yes
Brooklyn Educational Opportunity Center (BEOC),Brooklyn (Community),"Mentorship, Pathway Development",Community / Mentorship / Civic Insight,Education,"Pre-College Students, CUNY Students",957,,,"Pre-college, career pathways; bridges to CUNY; mentorship.",,BEOC (SUNY),Student Services,Jeremiah_AI_v2_Standardized,Yes
Janrey Serapio,Brooklyn (Community),"Liaison, Request Routing",Community / Mentorship / Civic Insight,Community Development,General Public,953,,,Media liaison; can route research/partnership requests.,,Pratt Center for Community Development,Communications Manager,Jeremiah_AI_v2_Standardized,Yes
BKLYN Incubator (Program Team),Brooklyn Public Library,"Program Design, Mentorship, Funding, Research Collaboration, Civic Insights",Community / Mentorship,Innovation,"Entrepreneurs, Researchers",955,Civic Development,,Civic program design with mentorship + funding; open to research collaborations and civic insights.,,BKLYN Incubator,Program (Innovation),Jeremiah_AI_v2_Standardized,Yes
Regina Myer,Downtown Brooklyn Partnership,"Mentorship, Capstone Development",Community / Civic,"Civic Data, Placemaking",Businesses,959,Civic Engagement,,Civic data & placemaking; connections to businesses for mentorships & capstones.,,Downtown Brooklyn Partnership,President,Jeremiah_AI_v2_Standardized,Yes
Good Shepherd Services (GSS) — BK,Brooklyn (Community),"Program Development, Partnership Building",Community / Mentorship / Civic Insight,"Youth Development, Mentoring, Education","Youth, Families",958,,,"Youth development, mentoring, and education programs.",,Good Shepherd Services,Programs / Partnerships,Jeremiah_AI_v2_Standardized,Yes
BRIC Community Initiatives,Brooklyn (Community),"Capacity Building, Student-Led Outputs",Community / Mentorship / Civic Insight,"Arts, Nonprofit","Students, General Public",960,,,Media Share & nonprofit capacity—great for student-led outputs.,,BRIC Arts Media,Community Initiatives,Jeremiah_AI_v2_Standardized,Yes
UPROSE,Brooklyn (Community),"Research, Data Projects",Community / Mentorship / Civic Insight,Climate Justice,Sunset Park Community,962,Justice,,Sunset Park climate justice org; community research & data projects.,,UPROSE,General / Programs,Jeremiah_AI_v2_Standardized,Yes
"Jacqueline M. DiSanto, Ed.D.",Hostos Community College,"Mentoring, Research, Program Coordination",Mentorship,Education,"Students, K-12 Partners, Community",964,,,"great for civic tech opportunities that pair students with K–12 partners and education research/mentoring.The Education Department, under DiSanto's leadership, provides services to students and the community through its educational programs, which include: Teacher Education:
 The department coordinates the Teacher Education program, which 
provides students with the foundational knowledge needed to pursue teaching careers

",,"Chair & Unit Coordinator, Education / Teacher Education",Chair / Professor,Jeremiah_AI_v2_Standardized,Yes
Fifth Avenue Committee (FAC),Brooklyn (Community),Civic Insights Generation,Community / Mentorship / Civic Insight,"Community Development, Workforce Development, Youth Programs","General Public, Youth",961,,,Community development; workforce & youth programs; civic insights potential.,,Fifth Avenue Committee,General / Programs,Jeremiah_AI_v2_Standardized,Yes
Robert C. Till,John Jay College,Academic Program Leadership,Faculty Research,"Safety, Emergency Management, Civic Resilience","Students, General Public",963,Civic Resilience,,"leads academic programs focused on safety, emergency management, and civic resilience",,"Security, Fire & Emergency Management",Faculty,Jeremiah_AI_v2_Standardized,Yes
"Babette Audant, Ph.D",Hostos Community College,"Program Evaluation, Research Project Development, Faculty Partnerships",Student Support,"Institutional Research, Academic Effectiveness","Higher Education Institutions, Researchers, Faculty Members",969,Civic Data Efforts,,"Leads institutional research and academic effectiveness — useful for connecting program evaluation, research projects, and faculty partners for civic data efforts",,"Assistant Vice President of Institutional Effectiveness, Research & Assessment / Dean (Academic Affairs)",Vice President,Jeremiah_AI_v2_Standardized,Yes
Jennifer Klein,Hunter College,"Mentorship, Tutoring, Teaching",Faculty Research,Education,Students,968,,,"she provides mentorship, tutoring, and teaching experience for Hunter students",,Elementary Learning Lab Coordinator,Staff,Jeremiah_AI_v2_Standardized,Yes
Chantelle Wright,John Jay College,"Internship Placement, Employer Partnership Building",Faculty Research,"Career Development, Workforce Preparation","Students, Civic Workforce",967,Civic Workforce Preparation,,Connects students with internships and employer partnerships supporting career and civic workforce preparation,,"Career / internships, employer partnerships",Staff,Jeremiah_AI_v2_Standardized,Yes
Future Potential Partner,,,,,,966,,,,,,,Jeremiah_AI_v2_Standardized,Yes
Lilik Gondopriono,LaGuardia CC,"Technical Support, Lab Management",Faculty Research,"Education, Language Acquisition","Students, Educators",965,,,Provides technical lab support for language acquisition and educational outreach programs,,Education / Language Acquisition labs,Staff,Jeremiah_AI_v2_Standardized,Yes
Evelyn Fernández-Ketcham,Hostos Community College,"Grant Management, Strategic Partnerships, Mentorship, Inclusive Pathways, Career Readiness, Continuing Education",Innovation/Entrepreneurship,"Education, Workforce Development, Economic Mobility","Underserved Communities, Students with Intellectual Disabilities, Young Adults in the Bronx and Surrounding Areas",971,"Economic Mobility, Bridging Education and Careers, Community Engagement",,"
Dr. Fernández-Ketcham and her department focus on connecting underserved
 communities to jobs and educational advancement, with initiatives that 
include: 
• Workforce training and literacy: The CEWD offers programs to improve job skills and educational levels.
• Grant management:
 Dr. Fernández-Ketcham oversees federal, state, and city grants, as well
 as private funding, to support workforce development and literacy 
programs.
• Strategic partnerships: She has built cross-sector partnerships with various agencies and organizations to expand opportunities for students.
• Mentorship: She mentors new social workers and community leaders, drawing on her experience as a licensed clinical social worker.
• Inclusive pathways:
 Her department offers programs like CUNY Unlimited, which provides 
inclusive college pathways for students with intellectual disabilities.
• Career readiness: The department provides job development services to help students find employment and develop job-retention skills.
• Continuing education: Programs are available for individuals pursuing career advancements or professional development. 
• Impact on students and the communityThe CEWD's work under Dr. Fernández-Ketcham has a significant impact on both the Hostos student body and the broader community. 
• Economic mobility:
 By focusing on education and workforce development, the department 
directly addresses economic mobility, especially for young adults in the
 Bronx and surrounding areas.
• Bridging education and careers:
 The department creates a bridge between academic study and career 
opportunities, ensuring students are prepared for the job market upon 
graduation.
• Community engagement:
 Through various programs and partnerships, the CEWD actively engages 
with community members to provide necessary resources and training.
• Grant funding success:
 Under Dr. Fernández-Ketcham's leadership, the division has secured and 
managed millions of dollars in grants, expanding program capacity and 
reac",,Vice President of Continuing Education and Workforce Developmen,Vice President,Jeremiah_AI_v2_Standardized,Yes
Charles Ablakulov,John Jay College,"Coordination, Support",Faculty Research,Accessibility,"Students, Individuals with Disabilities",970,,,supports accessibility services coordination and student disability support programs,,Accessibility Services,Staff,Jeremiah_AI_v2_Standardized,Yes
"Andrea Fabrizio, Ph.D",Hostos Community College,"Curriculum Development, Partnership Building, Civic Tech Integration",Student Support,Academic Affairs,"Students, Faculty",975,Education,,"Senior academic leader who can enable cross-department curricular partnerships, seed courses or credit pathways that embed civic tech experiences.",,Interim Vice President & Provost (Academic Affairs),Vice President,Jeremiah_AI_v2_Standardized,Yes
Brady Steele ,Hunter College,Staff,Faculty Research,,,973,,,,,Office and Program Coordinator,Staff,Jeremiah_AI_v2_Standardized,Yes
Elena Beharry,John Jay College,"Service Delivery, Program Development",Faculty Research,"Education, Accessibility","Students, Campus Community",974,Equity,,leads accessibility services supporting equitable student access to education and campus programming,,Office of Accessibility Services,Staff,Jeremiah_AI_v2_Standardized,Yes
Arpita Paulemon,Queens College,Operations,Faculty Research,Admissions,,976,,,Works under admissions operations,,"Deputy Director, Undergraduate Admissions",Staff,Jeremiah_AI_v2_Standardized,Yes
Mara Zabel,John Jay College,"Service Coordination, Program Management",Faculty Research,Community Outreach,John Jay Students,972,Civic Service,,coordinates civic service and outreach programs for John jay students,,Office of Community Outreach & Service Learning ,Staff,Jeremiah_AI_v2_Standardized,Yes
Nayelli Valencia,LaGuardia CC,"Advocacy, Community Engagement",Faculty Research,Civic & Cultural,General Public,978,Justice,,co-directs a civic and cultural program focused on advocacy and community engagement ,,Casa de las Americas ,Staff,Jeremiah_AI_v2_Standardized,Yes
Alia Tyner-Mullings,Guttman Community College,"Alternative Educational Methods, Embedded Advisement, Experiential Learning, Research and Pedagogy",Student Support,"Sociology, Education","Students, Community College Students, Wider Community, New York City",977,"Student Success, Civic Engagement",,"
Dr. Tyner-Mullings is a founding faculty member who joined Guttman in 
2011, drawn by the college's experimental model to improve outcomes for 
community college students. A sociologist with a background in 
alternative education, she has helped shape Guttman's unique, 
student-centric approach. Her work emphasizes:
• Alternative educational methods:
 Having researched successful alternative schooling models, like Central
 Park East Secondary School, she supports Guttman's project-based, 
interdisciplinary curriculum over traditional standardized testing.
• Embedded advisement:
 She advocates for integrating academic guidance directly into the 
student experience, an approach Guttman utilizes to foster closer 
student-faculty relationships.
• Experiential learning:
 Her work is guided by the philosophy that education should develop 
critical thinking skills that students can apply to a variety of 
real-world situations. 
• The Humanities and Social Sciences departmentAs
 chair, Dr. Tyner-Mullings leads a department that is integral to 
Guttman's core mission of student success. The department works with 
students and the wider community through several initiatives:
• Foundational curriculum:
 The department is responsible for core courses that help students 
develop the critical reading, writing, and research skills necessary for
 college success.
• Civic and community engagement:
 Guttman's model includes experiences intended to build civic 
engagement. The department contributes to these through coursework that 
encourages students to apply their classroom learning to community 
issues.
• Community partnerships:
 By focusing on urban issues, the department's work is directly relevant
 to New York City. Students and faculty collaborate with the community 
on academic and service projects.
• Research and pedagogy:
 Faculty in the department, including Dr. Tyner-Mullings, have published
 research on the high-impact practices and interdisciplinary teaching 
models used at Guttman. This work helps refine the college's educational
 model and contributes to the broader field of higher education reform.",,"Professor of Sociology, H&SS Chair",Chair / Professor,Jeremiah_AI_v2_Standardized,Yes
Irene Yu Yan Cheng,Queens College,"Support, Partnership Building",Faculty Research,"Mental Health, Wellness",Students,979,,,"Mental health / wellness support, good partner for holistic service programs",,"Associate Director, Counseling Services",Staff,Jeremiah_AI_v2_Standardized,Yes
Rhonda Bondie,Hunter College,"Mentorship, Leadership Development",Faculty Research,"Service Learning, Civic Leadership",Students,980,Service,,"Involves students in mentorship roles, which is core to both service learning and civic leadership.",,Director of Hunter Learning Lab,Staff,Jeremiah_AI_v2_Standardized,Yes
Maria Fosco,Queens College,"Event Coordination, Coordination",Faculty Research,Administration,Student Affairs,981,,,Good contact for events / coordination under Student Affairs,,"Director of Administration & Special Events, SAEM",Staff,Jeremiah_AI_v2_Standardized,Yes
Ernest Ialongo,Hostos Community College,"Teaching and Advising, Encouraging Engagement, Promoting Scholarship, Faculty Mentoring, Department Leadership, Fostering Dialogue, Connecting with the Public, Academic Research, Building Community",Student Support,"Public Policy, Sociology, History, Criminal Justice","Students, College Governance, Honors Students, New Instructors, Hybrid Teaching Initiatives, Italian American Institute, Wider Intellectual Community",982,"Civic Engagement, Intellectual Development",,"
Oversees social science units (public policy, sociology, history) — excellent for civic-engagement, qualitative research collaborations, and community projects What Ernest Ialongo does for students and the communityFor students
• Teaching and advising:
 Dr. Ialongo teaches history courses and serves as a professor and 
advisor for students in the Behavioral and Social Sciences Department 
and the Criminal Justice A.A. program.
• Encouraging engagement: He encourages student participation in college governance, reminding students of their equal role on the College Senate.
• Promoting scholarship: He co-directs the Hostos Honors Program and has facilitated trips and opportunities for honors students.
• Faculty mentoring: He mentors other faculty members, including new instructors and those involved in the college's hybrid teaching initiatives. 
• For the community
• Department leadership:
 As Chair of the Behavioral and Social Sciences Department, he oversees 
offerings in subjects like history, sociology, psychology, and criminal 
justice. This work provides students with knowledge about human behavior
 and society, which fosters civic engagement and intellectual 
development.
• Fostering dialogue:
 As former Chair of the College-Wide Senate, Dr. Ialongo facilitated 
discussions and governance for the betterment of the entire college 
community.
• Connecting with the public: He organizes events and programs with institutions like the John D. Calandra Italian American Institute.
• Academic research:
 His extensive publications and research focus on modern European 
history, Italian politics, and culture. His work contributes to academic
 discourse and the wider intellectual community.
• Building community: He has participated in outreach efforts, such as a ""Meet and Greet"" for students to learn more about the department's programs.",,"Chairperson, Behavioral & Social Sciences",Chair / Professor,Jeremiah_AI_v2_Standardized,Yes
Cassandra Winter,Queens College,"Pipeline Development, Partnership Building",Faculty Research,Education,"Graduate Students, Higher Education Partners",984,,,For graduate-level partners and student pipeline,,"Acting Director, Graduate Admissions",Staff,Jeremiah_AI_v2_Standardized,Yes
Joseph Evering,LaGuardia CC,"Mentorship, Community Learning Initiative Support",Faculty Research,"Education, Language Acquisition","Students, General Public",983,,,Supports education and language acquisition programs with connections to mentorship and community learning initiatives,,Education & Language Acquisition,Staff,Jeremiah_AI_v2_Standardized,Yes
Marcia Edwards,Guttman Community College,"Career Pathway Creation, Experiential Learning Integration, Community Resource Connection, Workforce Development, Civic Engagement Fostering, Partnership Building",Mentorship / Civic Engagement,"Business Administration, Human Services, Information Technology","Student Body, Broader Community in and around New York City, New York Public Library's Residents",986,"Education, Community Development, Social Services",,"
Dr. Edwards and her department's work primarily benefit the student body and the broader community in and around New York City.For students:
• Creating career pathways:
 Edwards was instrumental in creating the Guttman-Baruch Business 
Academy, an initiative that provides students with a seamless path from a
 Guttman associate's degree to a bachelor's degree at Baruch's Zicklin 
School of Business.
• Providing vital experience:
 Edwards has overseen the integration of experiential learning, such as 
internships and fieldwork, into the human services curriculum. These 
hands-on opportunities are designed to prepare students for professional
 practice.
• Connecting with community resources:
 She initiated a partnership with the New York Public Library (NYPL) to 
help students utilize library resources for resume building, job 
searching, and internship development. This ""Live and Learn Series"" is a
 direct response to students' needs.
• Focusing on high-need areas:
 Her department's curricula include majors in Human Services and 
Information Technology, both fields that prepare students for critical 
jobs in the community. 
• For the community:
• Developing a trained workforce:
 By connecting students with internships and career development 
opportunities, the BAHSIT department helps create a skilled and educated
 workforce for New York City's social services and business sectors.
• Fostering civic engagement:
 Dr. Edwards' focus on community partnerships aligns with Guttman's 
mission to foster cooperation and create engaged citizens. For example, 
the NYPL partnership helps students serve the city's residents.
• Partnering with local institutions:
 The BAHSIT department collaborates with local institutions like the New
 York Public Library and Baruch College to provide mutual benefits. 
These partnerships strengthen the local educational ecosystem and 
provide students with valuable connections.",,"Chair, Business Administration / Human Services / IT (BAHSIT)",Chairperson,Jeremiah_AI_v2_Standardized,Yes
Dwayne D. Jones,Queens College,"Support, Program Development",Faculty Research,Student Issues,Students,985,,,"Key contact for student issues, support, programs ",,Dean of Students,Staff,Jeremiah_AI_v2_Standardized,Yes
Soheila Fortuna,John Jay College,"Program Direction, Mentorship",Faculty Research,Workforce Development,Students,989,,,directs edge workforce development programming focused on career readiness and student mentorship,,CUNY EDGE,Staff,Jeremiah_AI_v2_Standardized,Yes
Stefania Dinu,LaGuardia CC,"Initiative Co-Chairing, Program Support",Faculty Research,"Civic, Community","General Public, LHI Engagement",988,Civic and Community-Focused Programming,,"Co-chairs engagement initiatives for LHI, supporting civic and community-focused programming",,LHI Engagement (Co-Chair),Staff,Jeremiah_AI_v2_Standardized,Yes
Jason D. Rivera,John Jay College,"Civic Administration Preparation, Career Readiness",Faculty Research,"Public Administration, Public Policy","Students, Professionals",987,Civic Engagement,,"leads the public management department, preparing students for civic administration and public policy careers",,Public Management department ,Faculty,Jeremiah_AI_v2_Standardized,Yes
Tatyana Fridrikova,LaGuardia CC,"Advising, Fellowship Coordination",Faculty Research,"Workforce Development, Career Placement",Students,991,,,"Coordinates HRA Fellowship advising within CUNY EDGE, supporting student workforce readiness and career placement",,CUNY EDGE,Staff,Jeremiah_AI_v2_Standardized,Yes
Lisa Siegmann,Hunter College,"Mentorship, Pipeline Development",Faculty Research,Education,"K-12 Students, College Community",990,,,"Oversees Hunter’s K–12 campus schools, creating mentorship and education pipelines between college and community",,Hunter College Campus Schools,Staff,Jeremiah_AI_v2_Standardized,Yes
Keteya Harrison-Melville,Guttman Community College,Managerial,Student Support,,Academic,992,,,,,Academic Affairs Manager,manager,Jeremiah_AI_v2_Standardized,Yes
Theoni Angelopoulos,Hunter College,"Mentorship, Guidance",Faculty Research,Education,"Students, Alumni/Friends",994,,, pairing students with mentors (alumni/friends) for career / academic guidance,,Hunter college mentoring program,Staff,Jeremiah_AI_v2_Standardized,Yes
Dr. Samuel Finesurrey,Guttman Community College,"Oral History Collection Development, Participatory Research Leadership, Teaching and Advising, Textbook Co-Authorship, Community Engagement",Student Support,"History, Political Science","Students, Latinx Middle and High School Students, Immigrant and Activist Narratives in NYC, Historically Black Colleges and Universities (HBCU) Communities",995,"Civic Reform, Social Justice",,"
Dr. Finesurrey and his department have made significant contributions by
 involving students in direct, community-based historical research. His 
notable contributions include: 
• ""Voices from the Heart of Gotham"" oral history collection:
 In 2020, Finesurrey received a fellowship to develop this archive with 
undergraduates. The project involves students conducting, collecting, 
and preserving oral histories of contemporary immigrant and activist 
narratives in NYC.
• CUNY-School in the Square Intergenerational Participatory Research Collective:
 As the director, he leads a multi-year project that began in 2019. It 
tracks the experiences of Latinx middle and high school students 
navigating the New York City public school system.
• Teaching and advising:
 At Guttman, Finesurrey teaches courses in history and political 
science. He also serves as a faculty advisor for the Phi Theta Kappa 
Honors Society.
• ""A People's History of New York City"" initiative: He founded this educational program, further involving students in learning about local history.
• Textbook co-authorship: With fellow professor Gary Greaves, Finesurrey co-authored the textbook U.S. Government and Politics in Principle and Practice.
• HBCU Truth & Reconciliation Oral History Project:
 Finesurrey and a group of his students have participated as advisors in
 this Texas-based project, which gathers testimonies from communities 
challenging historic and modern manifestations of white supremacy.",,Assistant Professor (History) & PTK advisor / faculty mentor,assistant professor,Jeremiah_AI_v2_Standardized,Yes
Colette Atkins,Hostos Community College,"Fundraising, Student Experience Enhancement, Community Engagement, Cultural Enrichment",Civic Engagement,"Higher Education, Community Development","Hostos Community College Students, Alumni, Local Community Members, Broader NYC Community",993,Institutional Advancement,,"The division, under Atkins' leadership, includes the Center for Arts and Culture, Development, and Alumni Relations. It serves the Hostos community by: 
• Securing funding:
 It obtains philanthropic gifts and grants to support the college's 
programs and provide financial aid for students through scholarships and
 emergency assistance.
• Enhancing the student experience:
 The division uses its resources to fund internships, student-faculty 
research, and improvements to facilities, such as science laboratories.
• Connecting with the community:
 It uses career panels, networking events, and other activities to link 
students, alumni, and local community members with the college.
• Engaging the broader NYC community: The division connects Hostos with external partners through event sponsorships, space rentals, and student internships.
• Providing cultural enrichment: The division oversees the https://www.google.com/viewer/place?mid=/g/11bwp1gdx1&sa=X&ved=2ahUKEwjUtdiK8vaPAxWbGVkFHdoQDOMQqdYPegQIBhAG,
 which includes an art gallery, a black box theater, and two large 
theaters. These spaces host a variety of emerging and established 
artists, offering cultural programming for both the college and the 
surrounding community. ",, Vice President for Institutional Advancement at Hostos Community College,Vice President,Jeremiah_AI_v2_Standardized,Yes
Maria Cristina Pio,Queens College,"Partnership Development, Funding Acquisition, Civic Relations",Faculty Research,Governmental Relations,External Partnerships,999,Civic Engagement,,"Good link to external partnerships, funding, civic relations","funding, external partnerships","Co-Director, Office of External & Governmental Relations",Staff,Jeremiah_AI_v2_Standardized,Yes
Cory Head,John Jay College,"Counseling, Program Development",Faculty Research,"Mental Health, Student Wellness","Students, Campus Community",998,Wellness,,overseas counseling programs connecting student mental health support to campus wellness and engagement initiatives ,,Counseling Service,Staff,Jeremiah_AI_v2_Standardized,Yes
Seurette Bazelais,LaGuardia CC,"Operations Management, Faculty Coordination",Faculty Research,Administration,Academic Programs,996,,,"Manages administrative operations for the Humanities Office, supporting academic programs and faculty coordination",,Humanities Office ,Staff,Jeremiah_AI_v2_Standardized,Yes
Irving Uribe,Queens College,Request Routing,Faculty Research,Administration,Internal Staff,997,,,Can help route requests internally,,"Executive Assistant to the VP, S",Staff,Jeremiah_AI_v2_Standardized,Yes
Makeda J. Best,LaGuardia CC,Intersectional Work,Faculty Research,"Humanities, Civic Engagement",General Public,1000,Civic Action,,"Faculty member working at the intersection of humanities, culture, and civic action",,Humanities & Civic Engagement Programs,Faculty,Jeremiah_AI_v2_Standardized,Yes
Claire Smith,John Jay College,"Service-Learning Partnerships, Partnership Building",Faculty Research,Community Development,"New York City Communities, John Jay Students",1002,Civic Engagement,,Leads service-learning partnerships connecting John Jay students with New York City communities,,Office of Community Outreach & Service Learning,Staff,Jeremiah_AI_v2_Standardized,Yes
Sophie Frizzell,Hunter College,Scholarship Support,Faculty Research,"Public Humanities, Social Justice",Students,1003,Civic Focus,,"Administers the Mellon Public Humanities and Social Justice Scholars Program, supporting civic-focused student scholarship",,Mellon Public Humanities and Social Justice Scholars Program,Staff,Jeremiah_AI_v2_Standardized,Yes
Christina Medina Ramirez,Hunter College,Comprehensive Assistance,Faculty Research,"Natural Sciences, Technology",Hunter College Students,1001,,,provides comprehensive assistance to all Hunter College students in all areas of the natural sciences and technology.,,Director Of Skirball Science Learning Center,Staff,Jeremiah_AI_v2_Standardized,Yes
Anita Luckett,Guttman Community College,Leadership,Career support,Workforce Development,"Students, Working Professionals",1005,,,,,"Dean, Workforce & Continuing Education",Dean,Jeremiah_AI_v2_Standardized,Yes
Camille Shipman-McQueen,Queens College,Campus Life Participation,Faculty Research,Housing,Students,1004,,,Can help with student housing / campus life participation,,Director of Housing & Residence Life,Staff,Jeremiah_AI_v2_Standardized,Yes
Alexandra Venezian,Queens College,Student Engagement,Faculty Research,Veterans & Military Support,Veteran Students,1007,,,Good contact for veteran student engagement,,"Academic Advisor, Veterans & Military Support / ROTC Liaison",Staff,Jeremiah_AI_v2_Standardized,Yes
Erica Guzman,LaGuardia CC,"Career Support, Workforce Development",Faculty Research,Education,Students,1008,Employment,,Career specialist supporting student employment and workforce development through CUNY EDGE,,CUNY EDGE,Staff,Jeremiah_AI_v2_Standardized,Yes
Rachel Brown,John Jay College,"Programming Development, Campus Engagement",Faculty Research,Student Life,Students,1010,,,Supports student life programming and campus engagement initiatives,,Office of the Dean of Students,Staff,Jeremiah_AI_v2_Standardized,Yes
Dr. Althea J. Sterling,Hostos Community College,"Recruiting Diverse Students, Mentorship Programs, Civic-Tech Cohorts",Student Support,Student Development & Enrollment Management,"Students, Diverse Student Population",1006,Civic Responsibility,,"Oversees student services, retention and student orgs — key for recruiting diverse students into civic-tech cohorts and mentorship programs.As stated in CUNY’s Student Affairs mission statement, the strength of the City University of New York is derived from the diversity of its students and from each college’s distinctly defined institutional character, and the Division of Student Development and Enrollment Management (SDEM) is here to provide quality services and programs to all students from the time they first apply to Hostos to the point of graduation. Our goals are to support students’ academic achievement for career development; to enhance students’ intellectual, aesthetic, and social growth; to facilitate critical thinking skills; and to promote civic responsibility.

Going to college opens doors to a wide variety of educational, athletic, fine arts, co-curricular, and student support services that will contribute to your success in college and your personal development.",,"Vice President, Student Development & Enrollment Management",Vice President,Jeremiah_AI_v2_Standardized,Yes
Naji Muniz,LaGuardia CC,Programming Leadership,Faculty Research,"Workforce Development, Student Career Readiness",Students,1009,,,Leads CUNY EDGE programming focused on workforce development and student career readiness,,cuny edge,Staff,Jeremiah_AI_v2_Standardized,Yes
Juliana Alia,LaGuardia CC,"Programming Support, Operations Management",Faculty Research,Humanities,Office of Humanities Staff,1014,,,Supports Humanities programming and departmental operations within the Office of Humanities,,Office of Humanities,Staff,Jeremiah_AI_v2_Standardized,Yes
Saadia Lgarch,Hostos Community College,"Mentoring, Workshops, Hackathons, Academic Support, Career Services, Community Engagement, Civic Learning",Mentorship,Computer Science,"Students, Hostos Community College, Local Community",1013,"Socioeconomic Change, Civic Reform",,"Computer Science lead and deputy chair — directly relevant for mentoring students on civic-tech stacks, workshops, and hackathons.
How the departments support students and the communityFor students The
 Mathematics and Natural Sciences departments are part of the Office of 
Academic Affairs, which offers a wide array of support and resources for
 students at Hostos. 
• Prepares for career and transfer:
 The departments provide foundational coursework for Associate in 
Science (A.S.) degrees in Computer Science and other fields. These 
degrees prepare students for direct entry into the workforce or for 
transfer to four-year colleges.
• Provides academic support: The college offers various academic support services through the Hostos Academic Learning Center and special programs.
• Expands career opportunities: The Career Services Office helps students explore career paths through workshops, internships, and networking.
• Offers enriching experiences:
 Departments sponsor and encourage students to participate in activities
 that build skills beyond the classroom, such as research, 
service-learning, and club involvement. 
• For the communityHostos Community College as a whole strives to be an ""engine of socioeconomic change"" in the local community. 
• Partners with the community: The Office of Community Relations acts as a liaison to build networks and engage local organizations in college activities.
• Encourages civic engagement:
 Through initiatives like Constitution Day programs, the college fosters
 civic learning and encourages students to participate in their 
community.
• Reflects community needs:
 The college ensures that students acquire the skills necessary for 
success in a diverse and changing work environment, which serves the 
community's need for a skilled workforce.
• Highlights diverse heritages:
 The college's celebration of events, such as Hispanic Heritage Month, 
showcases and honors the diverse cultural backgrounds present in both 
the student body and the wider community. ",,Assistant Professor & Deputy Chair (Computer Science),Associate Professor & Deputy Chairperson,Jeremiah_AI_v2_Standardized,Yes
Valerine Gomez,LaGuardia CC,"Student Advising, Program Development",Faculty Research,"Workforce Preparation, Economic Mobility","Students, Community Members",1012,Community Advancement,,advises students in workforce preparation programs tied to economic mobility and community advancement,,cuny edge,Staff,Jeremiah_AI_v2_Standardized,Yes
Arthur Ford,Hunter College,"Operations Coordination, Initiative Support",Faculty Research,Student Services,Students,1011,,,Coordinates CSA operations supporting student services and engagement initiatives,,CSA (Coordinator),Staff,Jeremiah_AI_v2_Standardized,Yes
Courtney Stevenson,Guttman Community College,Student Affairs,Student Support,,Students,1019,,,,,"Assistant Dean, Student Affairs",Assistant Dean,Jeremiah_AI_v2_Standardized,Yes
Stacey Romano,Queens College,"High-Level Support, Official Endorsement",Faculty Research,Administration,Executive Office,1016,,,"Works within the Presidents office, good for high-level support, official endorsements",,"Director, President Office",Staff,Jeremiah_AI_v2_Standardized,Yes
Gina Taraskewich,LaGuardia CC,"Messaging, Outreach Initiatives",Faculty Research,Communications,Institutional Stakeholders,1017,,,"Directs institutional communications, overseeing messaging and outreach initiatives",,Communications,Staff,Jeremiah_AI_v2_Standardized,Yes
Wahidur Roni,Queens College,Accessibility,Faculty Research,Disability,Individuals with Disabilities,1015,,,Works in QC Special Services / accessibility,,Disability Accommodation Specialist,Staff,Jeremiah_AI_v2_Standardized,Yes
Karla Contreras,Hostos Community College,"Recruitment, Advising, Pipeline Management",STEM Pipeline,"STEM, Data Science, Technology","STEM Students, Transfer Students",1018,"Civic Projects, Transfer Pathways",,Directly manages STEM advising and dual-degree pipelines — perfect for recruiting STEM students into data/tech civic projects and transfer pathways.,,STEM & Dual Degree Advising Director,Program Manager,Jeremiah_AI_v2_Standardized,Yes
Erica King-Toler,John Jay College,"Mentoring, Academic Support",Faculty Research,Education,Underrepresented Students,1020,,,oversees seek programming supporting underrepresented students through mentoring and academic support,,SEEK Department,Staff,Jeremiah_AI_v2_Standardized,Yes
Dr. Nicola Blake,CUNY,"Leadership, Academic Administration",Community Advocacy,Higher Education,"Faculty Members, Students, University Staff",1021,Education,,,,University Dean for Faculty Affairs for the entire City University of New York (CUNY) system Interim Provost & Vice President for Academic Affairs (VPAA),Dean,Jeremiah_AI_v2_Standardized,Yes
Nancy  Dessables,Guttman Community College,Practicum Management,Career support,Human Services,Students,1022,,,,,Academic Internship / Fieldwork Manager (Human Services practicum manager),manager,Jeremiah_AI_v2_Standardized,Yes
Nina Ledis-Cannon,Hunter College,"Peer Mentoring, Academic Support, Leadership Development, Community Service",Faculty Research,Healthcare,Pre-Health Students,1023,,,"The program builds peer mentoring, academic support, leadership development, and community service opportunities into Hunter’s pre-health pipeline.",,Pre-Health Advisor & PHMI Faculty Supervisor,Staff,Jeremiah_AI_v2_Standardized,Yes
Johanna Gómez,Hostos Community College,"Civic Project Internship Management, Student Ambassador Coordination, Outreach",Student Support,Student Life,"Students, Student Organizations",1027,,,"Runs student life and organizations (SGA, clubs) — primary contact to introduce civic project internships, student ambassadors, and outreach.",,Dean / Associate Dean of Student Life,Dean,Jeremiah_AI_v2_Standardized,Yes
Charles Jennings,John Jay College,Research Direction,Faculty Research,"Emergency Response, Public Safety",General Public,1025,,,directs a research center focused on emergency response and public safety,,Christian Regenhard Center for Emergency Response Studies,Staff,Jeremiah_AI_v2_Standardized,Yes
Stacey Cooper,Queens College,"Leadership Development, Civic Engagement",Faculty Research,Higher Education,Students,1026,,,Oversees leadership development programs and civic engagement initiatives at Queens College,,Office of Student Development and Leadership,Staff,Jeremiah_AI_v2_Standardized,Yes
Lisa Rodriguez,John Jay College,"Operations Support, Logistics Coordination, Civic Initiative Support",Faculty Research,Public Management,"Students, Program Participants",1028,Civic Engagement,,supports operations and logistics for public management programs and student civic initiatives ,,Public Management,Staff,Jeremiah_AI_v2_Standardized,Yes
Marcus Allen,Guttman Community College,"Teaching, Leadership Development, Critical Thinking, Interactive Learning",Mentorship / Civic Engagement,"Political Science, Urban Studies","Students, Underrepresented Students",1024,"Civic Engagement, Education Reform",,"
He is a Professor of Political Science in the Department of Humanities 
& Social Sciences. He also holds the position of Academic Senate 
Chair.  Dr. Allen also previously served as the Urban Studies Program 
Coordinator from 2014 to 2016. Since 2015, he has been the Program 
Director for https://www.icqcm.org/nsf-2020/marcus-allen, part of the CUNY Black Male Initiative funded by the New York City Council. Dr.
 Allen and his department aim to inspire deep thinking in students, 
empowering them to process insights, ask questions, and think critically
 about the world around them, rather than simply memorizing information.
 His teaching includes courses like American Government and Politics.  
His approach encourages students to engage deeply with ideas, preparing 
them to be thoughtful leaders and citizens. He has also explored using 
student cellphone use to promote interactive learning in the classroom. Through
 UMOC, Dr. Allen and his department have been committed to supporting 
underrepresented students and making an impact on their lives and 
futures.",,"Professor of Political Science, Academic Senate Chair",Chair / Professor,Jeremiah_AI_v2_Standardized,Yes
Elizabeth Streich,LaGuardia CC,"Public Communications, Media Relations",Faculty Research,Education,General Public,1032,,,Manages media relations and public communications for LaGuardia Community College,,Media relations,Staff,Jeremiah_AI_v2_Standardized,Yes
Wynne Ferdinand,John Jay College,"Service Learning Integration, Civic Education",Faculty Research,Academic Programs,Students,1030,,,oversees academic programs and integrates services learning and civic education across curricula,,office of Academic Programs,Staff,Jeremiah_AI_v2_Standardized,Yes
Linda Lopez,Queens College,"Program Administration, Leadership Development",Faculty Research,Education,Students,1029,Civic Engagement,,Connects students to honors programs and scholarships with a civic and leadership focus,,Office of Honors and Scholarships,Staff,Jeremiah_AI_v2_Standardized,Yes
Karla Fuller,Guttman Community College,Academic Affairs,Student Support,,Higher Education,1031,,,,,"Dean, Academic Affairs",Dean,Jeremiah_AI_v2_Standardized,Yes
Dr. Elizabeth Kelvin,School of Public Health,Leadership,Faculty Research,"Immigration, Refugee Services, Global Health","Immigrants, Refugees, Global Health Professionals",1033,,,,,"Center for Immigrant, Refugee & Global Health",Associate Director,Jeremiah_AI_v2_Standardized,Yes
Jessie Heneghan,School of Public Health,Analysis,Faculty Research,Health,General Public,1034,,,,,Center for Advanced Technology and Communication in Health(CATCH),Senior Analyst,Jeremiah_AI_v2_Standardized,Yes
Kelly O’Shea,School of Public Health,Analysis,Faculty Research,Health,General Public,1039,,,,,Center for Advanced Technology and Communication in Health(CATCH),Senior Analyst,Jeremiah_AI_v2_Standardized,Yes
Samuele Petruccelli,School of Public Health,Research Analysis,Faculty Research,Health,General Public,1041,,,,,Center for Advanced Technology and Communication in Health(CATCH)Center for Advanced Technology and Communication in Health(CATCH),Research Analyst,Jeremiah_AI_v2_Standardized,Yes
Stephanie Lilavois,Harlem Children's Zone,"Media Inquiries, Communications",Community Program,Education,General Public,1040,,,Comunications/Media Inquries,,Harlem Children’s Zone,Communications,Jeremiah_AI_v2_Standardized,Yes
Greg Bangser,Northern Manhattan Improvement Corporation,Leadership,Community Program,"Strategy, Innovation",Northern Manhattan Residents,1044,,,,,Northern Manhattan Improvement Corporation (NMIC) ,Chief Strategy & Innovation Officer,Jeremiah_AI_v2_Standardized,Yes
Alexis Dibbs,School of Public Health,Operations Management,Faculty Research,Health,,1042,,,Operation Manager,,Center for Advanced Technology and Communication in Health(CATCH),Operations Manager,Jeremiah_AI_v2_Standardized,Yes
Maria Lizardo,Northern Manhattan Improvement Corporation,,Community Program,,,1043,,,,,Northern Manhattan Improvement Corporation (NMIC) ,Executive Director,Jeremiah_AI_v2_Standardized,Yes
Monique Weekes,Northern Manhattan Improvement Corporation,Financial Management,Community Program,Finance,Low-Income Communities,1046,,,,,Northern Manhattan Improvement Corporation (NMIC),Director of Finance,Jeremiah_AI_v2_Standardized,Yes
Ansley Hobbs,School of Public Health,Associate Director,Faculty Research,"Immigrant, Refugee & Global Health",Global Health,1045,,,,,"Center for Immigrant, Refugee & Global Health",Associate Director,Jeremiah_AI_v2_Standardized,Yes
Kevin Chin,School of Public Health,Analysis,Faculty Research,Health,General Public,1047,,,Senior Anaylyst,,Center for Advanced Technology and Communication in Health(CATCH),Senior Analyst,Jeremiah_AI_v2_Standardized,Yes
Dr. Jenny Shen,School of Public Health,Scientific Research,Faculty Research,Research,,1049,,,,,CUNY ISPH – CityMD Research Collaboration,Research Scientist,Jeremiah_AI_v2_Standardized,Yes
Dr. Sean Haley,School of Public Health,Leadership,Faculty Research,"Immigration, Refugee Services, Global Health","Immigrants, Refugees, Global Health Professionals",1051,,,,,"Center for Immigrant, Refugee & Global Health",Associate Director,Jeremiah_AI_v2_Standardized,Yes
Benjamin Katz,School of Public Health,Project Management,Faculty Research,AIDS Research,Research Community,1050,,,,,Einstein-CUNY-Rockefeller Center for AIDS Research (CFAR) Project apart of ISPH,Senior Project Manager,Jeremiah_AI_v2_Standardized,Yes
Dr. Bruce Y. Lee,School of Public Health,Leadership,Faculty Research,Health,General Public,1048,,,Executive Director of CATCH,,Center for Advanced Technology and Communication in Health(CATCH),Executive Director,Jeremiah_AI_v2_Standardized,Yes
Ian Korr,Northern Manhattan Improvement Corporation,Leadership,Community Program,Human Resources,Employees,1056,,,,,Northern Manhattan Improvement Corporation (NMIC) ,Director f Human Resources,Jeremiah_AI_v2_Standardized,Yes
Dr. Sarit Gloub,School of Public Health,Co-Directing,Faculty Research,AIDS Research,ISPH,1054,,,,,Einstein-CUNY-Rockefeller Center for AIDS Research (CFAR) Project apart of ISPH,Co-Director,Jeremiah_AI_v2_Standardized,Yes
Dr. Saba Qasmieh,School of Public Health,Research,Faculty Research,COVID-19,General Public,1052,,,,,"COVID exposure, infection, testing behaviors and long-haul COVID prevalence Project",Research Scientist,Jeremiah_AI_v2_Standardized,Yes
Avantika Srivastava,School of Public Health,Scientific Research,Faculty Research,Research,,1053,,,,,CUNY ISPH – CityMD Research Collaboration,Research Scientist,Jeremiah_AI_v2_Standardized,Yes
Dr. Milton Wainberg,Columbia University,Digital Intervention,Faculty Research,Healthcare,Individuals with Anxiety or Depression,1058,Public Health,,,,Brief digital intervention to increase COVID-19 vaccination among individuals with anxiety or depression ,Investigator,Jeremiah_AI_v2_Standardized,Yes
Dr. Ellen Brazier,School of Public Health,Investigation,Faculty Research,Population Health,General Public,1059,,,,,CUNY Institute for Implementation Science in Population Health,Investigator,Jeremiah_AI_v2_Standardized,Yes
Dr. Heidi Jones,School of Public Health,Leadership,Faculty Research,"Immigration, Refugee Services, Global Health","Immigrants, Refugees, Global Health Professionals",1060,,,,,"Center for Immigrant, Refugee & Global Health",Associate Director,Jeremiah_AI_v2_Standardized,Yes
Joseph Heitman,Boys and Girls Club of Harlem,Information Systems Management,Community Program,Technology,Youth,1063,,,,,Boys & Girls Club of Harlem,Manager of Technology and Information Systems,Jeremiah_AI_v2_Standardized,Yes
Justine Robinson,Boys and Girls Club of Harlem,Program Direction,Community Program,Youth Development,"Children & Youth, Community",1061,,,,,Boys & Girls Club of Harlem,Director of Programs,Jeremiah_AI_v2_Standardized,Yes
Gianna Chrisman,Macaulay Honors,Direction,Student Opportunity,Career Development,Students,1062,,,Director of Career Development,,The Office of Career Development of Macaulay Honor College,Director,Jeremiah_AI_v2_Standardized,Yes
Dr. Rishi Sood,School of Public Health,Leadership,Faculty Research,"Immigration, Refugee Services, Global Health","Immigrants, Refugees, Global Health Professionals",1066,,,,,"Center for Immigrant, Refugee & Global Health",Associate Director,Jeremiah_AI_v2_Standardized,Yes
Emily Faulhaber,School of Public Health,Communication,Faculty Research,Health,General Public,1064,,,Communication Associate,,Center for Advanced Technology and Communication in Health(CATCH),Communication Associate,Jeremiah_AI_v2_Standardized,Yes
Dr. Kathleen Cravero,School of Public Health,,Faculty Research,"Immigrant, Refugee & Global Health","Immigrants, Refugees, Global Health Community",1067,,,,,"Center for Immigrant, Refugee & Global Health",Director,Jeremiah_AI_v2_Standardized,Yes
John McGeehan,Northern Manhattan Improvement Corporation,Financial Management,Community Program,,Northern Manhattan Residents,1065,,,,,Northern Manhattan Improvement Corporation (NMIC),Interim CFO,Jeremiah_AI_v2_Standardized,Yes
Dr. Mustafa Hussein,School of Public Health,Associate Director,Faculty Research,"Immigrant, Refugee & Global Health",Global Health,1068,,,,,"Center for Immigrant, Refugee & Global Health",Associate Director,Jeremiah_AI_v2_Standardized,Yes
Ann Gaba,School of Public Health,,Student Opportunity,Nutrition,,1070,,,,,Nutrition and Dietetic Internship,Director,Jeremiah_AI_v2_Standardized,Yes
Dr. Sasha Fleary,School of Public Health,Digital Intervention,Faculty Research,Healthcare,Individuals with Anxiety or Depression,1071,Public Health,,,,Brief digital intervention to increase COVID-19 vaccination among individuals with anxiety or depression ,Associate Professor,Jeremiah_AI_v2_Standardized,Yes
Dr. Mckaylee Robertson,School of Public Health,Research,Faculty Research,Healthcare,General Public,1069,,,,,"COVID exposure, infection, testing behaviors and long-haul COVID prevalence Project",Investigator,Jeremiah_AI_v2_Standardized,Yes
Colleen Weatherwax,School of Public Health,Analysis,Faculty Research,Healthcare,Healthcare Professionals,1072,,,,,Center for Advanced Technology and Communication in Health(CATCH),Programmer Analyst,Jeremiah_AI_v2_Standardized,Yes
Dr. Madhura Rane,School of Public Health,Scientific Research,Faculty Research,Research,,1079,,,,,CUNY ISPH – CityMD Research Collaboration ,Research Scientist,Jeremiah_AI_v2_Standardized,Yes
Shaba R. Keys,Boys and Girls Club of Harlem,,Community Program,,Youth,1076,,,,,Boys & Girls Club of Harlem,Executive Officer,Jeremiah_AI_v2_Standardized,Yes
Dr. Christian Grov,School of Public Health,Co-Directorship,Faculty Research,AIDS Research,ISPH,1080,,,,,Einstein-CUNY-Rockefeller Center for AIDS Research (CFAR) Project apart of ISPH,Co-Director,Jeremiah_AI_v2_Standardized,Yes
Sheryl Scannell,School of Public Health,Operations Management,Faculty Research,Health,Healthcare Professionals,1078,,,,,Center for Advanced Technology and Communication in Health(CATCH),Director of Operations,Jeremiah_AI_v2_Standardized,Yes
Rebecca Zimmerman,Macaulay Honors,Career Development,Student Opportunity,,Students,1074,,,Assistant Director of Career Development,,The Office of Career Development,Associate Director,Jeremiah_AI_v2_Standardized,Yes
Dr. Chloe Teasdale,School of Public Health,Research,Faculty Research,COVID-19,General Public,1083,,,,,"COVID exposure, infection, testing behaviors and long-haul COVID prevalence Project",Associate Professor,Jeremiah_AI_v2_Standardized,Yes
Eishelle Tillery,Boys and Girls Club of Harlem,Compliance,Community Program,,Youth,1081,,,,,Boys & Girls Club of Harlem,Compliance Director,Jeremiah_AI_v2_Standardized,Yes
Nigel Bell,Boys and Girls Club of Harlem,Program Operations Management,Community Program,Youth Development,Children & Youth,1084,,,,,Boys & Girls Club of Harlem,Director of Program Operations,Jeremiah_AI_v2_Standardized,Yes
Eve Colavito,DREAM/Harlem RBI,Leadership,Community Program,Education,"Youth, Community",1082,Social Justice,,,,DREAM/Harlem RBI,Executive Director,Jeremiah_AI_v2_Standardized,Yes
Richard Berlin,DREAM/Harlem RBI,,Community Program,,,1085,,,,,DREAM/Harlem RBI,Executive Director,Jeremiah_AI_v2_Standardized,Yes
Sarah Kulkami,School of Public Health,Project Management,Faculty Research,AIDS Research,"Researchers, Public Health Professionals",1087,Healthcare,,,,Einstein-CUNY-Rockefeller Center for AIDS Research (CFAR) Project apart of ISPH,Associate Director,Jeremiah_AI_v2_Standardized,Yes
Dr. Diana Romero,School of Public Health,Associate Director,Faculty Research,"Immigrant, Refugee & Global Health",Global Health,1086,,,,,"Center for Immigrant, Refugee & Global Health",Associate Director,Jeremiah_AI_v2_Standardized,Yes
Kim Middleton,Boys and Girls Club of Harlem,Administration,Community Program,,Youth,1090,,,,,Boys & Girls Club of Harlem,Executive Admin,Jeremiah_AI_v2_Standardized,Yes
Sarah Bartsch,School of Public Health,"Analysis, Direction",Faculty Research,Health,General Public,1089,,,Project Director and Senior Analyst,,Center for Advanced Technology and Communication in Health(CATCH),Project Director,Jeremiah_AI_v2_Standardized,Yes
Dr. James Sherry,School of Public Health,Leadership,Faculty Research,"Immigration, Refugee Services, Global Health","Immigrants, Refugees, Global Public",1094,,,,,"Center for Immigrant, Refugee & Global Health",Associate Director,Jeremiah_AI_v2_Standardized,Yes
Kavya Velmurugan,School of Public Health,Analysis,Faculty Research,Health,Healthcare Professionals,1091,,,,,Center for Advanced Technology and Communication in Health(CATCH),Programmer Analyst,Jeremiah_AI_v2_Standardized,Yes
Elisabeth Manipoud Figueroa,School of Public Health,Associate Director,Faculty Research,"Immigrant, Refugee & Global Health",Global Health,1096,,,,,"Center for Immigrant, Refugee & Global Health",Associate Director,Jeremiah_AI_v2_Standardized,Yes
Dr. Rachel Piltch-Loeb,School of Public Health,Digital Intervention,Faculty Research,Healthcare,Individuals with Anxiety or Depression,1095,Public Health,,,,Brief digital intervention to increase COVID-19 vaccination among individuals with anxiety or depression,Investigator,Jeremiah_AI_v2_Standardized,Yes
info@islg.cuny.edu,,,,,,1098,,,,,,,Jeremiah_AI_v2_Standardized,Yes
Sarah Park,Queens College,"Leadership, Civic Initiative Development",Student Opportunity,Education,"Students, Campus Community",1099,,,Student leader overseeing Queens College student government and civic initiatives,,Student Association,Student Org Leader,Jeremiah_AI_v2_Standardized,Yes
"Deborah DeSimone, EdD",College of Staten Island,"Curriculum Design, Mentoring",Staff,Education,"Teachers, Teacher-Fellows",1101,,,Expertise in curriculum design — useful for co-developing civic learning modules and mentoring teacher-fellows.,,"Chair, Curriculum & Instruction",Chair / Professor,Jeremiah_AI_v2_Standardized,Yes
Emily Jimenez ,John Jay College,"Leadership, Campus Civic Engagement",Student Opportunity,Civic Engagement,"Students, Campus Community",1100,Civic Engagement,,President of the John Jay Student Council and a key leader in campus civic engagement,,Student Council,Student Org Leader,Jeremiah_AI_v2_Standardized,Yes
"Jiazhuo (George) Wang, PhD",College of Staten Island,"Partnership Development, Research Internship Coordination, Municipal Data Project Management",Faculty Research,"Accounting & Finance, Fiscal Literacy","Students, Professionals",1103,Financial Education,,"Finance researcher and department chair; strong for partnerships around fiscal literacy, municipal data projects, and student research internships.",,"Chair, Accounting & Finance",Chair / Professor,Jeremiah_AI_v2_Standardized,Yes
"Paolo Cappellari, PhD",College of Staten Island,"Outreach, Community Survey Design, Co-Branding Civic Programs",Community Engagement,"Marketing, Data Analytics",General Public,1102,,,"Marketing and data analytics background ideal for outreach, community survey design, and co-branding civic programs.",,"Chair, Marketing",Chair / Professor,Jeremiah_AI_v2_Standardized,Yes
"Don Selby, PhD",College of Staten Island,"Participatory Civic Research, Needs Assessments, Mentoring",Faculty Research,"Sociology, Anthropology","Graduate Students, Undergraduate Students, Community Members",1107,Civic Engagement,,"Community-based research and social analysis — ideal for participatory civic research, needs assessments, and mentoring grad/undergrad researchers.",,"Chair, Sociology & Anthropology",Chair / Professor,Jeremiah_AI_v2_Standardized,Yes
"Richard Flanagan, PhD",College of Staten Island,"Policy Analysis, Public Affairs Research, Outreach Partnership",Mentorship / Civic Engagement,"Political Science, Global Affairs","Academics, Researchers",1108,Civic Insights,,"Directly aligned with civic insights, policy analysis, and public affairs programs — natural research and outreach partner. ",,"Chair, Political Science & Global Affairs",Chair / Professor,Jeremiah_AI_v2_Standardized,Yes
"Susan L. Holak, PhD",College of Staten Island,"Research Leadership, Entrepreneurial Development, Mentoring, Community Partnerships",Innovation/Entrepreneurship,Business,"Students, Business Professionals, Policy Makers",1106,Leadership in Business and Policy,,"Leads business research and entrepreneurial programs; Business school engages in applied research, community partnerships, mentoring students for leadership in business, policy, etc.",,"Dean, Lucille & Jay Chazanoff School of Business",Dean,Jeremiah_AI_v2_Standardized,Yes
Elaine Walsh,Hunter College,"Program Direction, Placement Coordination",Faculty Research,Public Service,"Students, General Public",1104,Civic Alignment,,Directs a program placing students in public service internships with strong civic alignment,,Public Service Scholars Program (PSSP),Staff,Jeremiah_AI_v2_Standardized,Yes
"Christina Tortora, PhD",College of Staten Island,"Leadership, Mentorship, Storytelling, Civic Media Projects",Civic Leadership & Innovation,"English, Public Humanities","Students, Community",1105,,,"Leadership in English + public humanities; strong for community storytelling, civic media projects, and student writing mentorship.",,"Chair, English",Chair / Professor,Jeremiah_AI_v2_Standardized,Yes
Michelle Fine,John Jay College,"Civic Engagement, Social Justice",Faculty Research,"Psychology, Urban Education","General Public, Students",1109,Justice,,"Distinguished scholar whose work connects research, civic engagement, and social justice",,Psychology & Urban Education,Faculty,Jeremiah_AI_v2_Standardized,Yes
"Kenneth Gold, PhD",College of Staten Island,"Mentorship, Program Development",Community / Civic,Education,"Students, Community",1110,Civic Engagement,,"As Dean of Education, he oversees teacher preparation and educational scholarship; likely to support mentorship of students and programs that engage community / civic aspects.",,Dean of School of Education,Dean,Jeremiah_AI_v2_Standardized,Yes
"Bilge Yeşil, PhD",College of Staten Island,"Civic Media Development, Digital Storytelling, Public Communication Training",Student Media,"Media, Culture","Students, General Public",1111,,,"Media/culture expertise — great for civic media, digital storytelling, and student training in public communication.",,"Chair, Media Culture",Chair / Professor,Jeremiah_AI_v2_Standardized,Yes
Kayla Thompson,Hunter College,"Advocacy, Community Service",Student Opportunity,Equity,"Black Students, General Public",1114,Social Justice,,"Leads the Hunter Black Student Union, promoting equity, advocacy, and community service",,Black Student Union,Student Org Leader,Jeremiah_AI_v2_Standardized,Yes
"Ralf Peetz, PhD",College of Staten Island,"Mentorship, Research Support, Community-Science Partnership",STEM Pipeline,Science & Technology,"STEM Faculty, Students, General Public",1112,"Civic Projects, Environmental Initiatives, Tech-Driven Engagement",,"As Dean of Science & Technology, he oversees units that are heavily research- and lab-based. With resources, faculty in STEM fields, and institutional support, he is well positioned to support mentorship in scientific research and potentially community-science partnership, environmental or tech-driven civic projects.",,"Dean, Division of Science & Technology",Dean,Jeremiah_AI_v2_Standardized,Yes
"Carles Solà Belda, PhD",College of Staten Island,"Leadership/Mentorship Program Design, Community Stakeholder Engagement",Mentorship,"Organizational Behavior, Negotiation","Leadership/Management Professionals, Community Members",1113,,,Research in organizational behavior and negotiation — valuable for leadership/mentorship program design and community stakeholder engagement.,,"Chair, Management",Chair / Professor,Jeremiah_AI_v2_Standardized,Yes
Abigail Oyola,Hunter College,Leadership,Student Opportunity,Civic Programming,"Campus Community, Students",1116,,,President of Hunter’s Undergraduate Student Government and a key leader in campus civic programming,,Undergraduate Student Government,Student Org Leader,Jeremiah_AI_v2_Standardized,Yes
Nadege Dady,York College,"Leadership Development, Civic Programming",Faculty Research,Student Life,Students,1115,,,"Oversees student life operations, including leadership development and civic programming",,Dean of Students,Faculty,Jeremiah_AI_v2_Standardized,Yes
"Carlo Lancellotti, PhD",College of Staten Island,"Data Analysis, Algorithmic Analysis, Student Research Assistance",Mentorship,Mathematics,"Students, Civic Data Project Teams",1118,,,"
Math/data expertise — good for civic data projects, student research assistants, algorithmic analysis of municipal datasets. ",,"Chair, Mathematics",Chair / Professor,Jeremiah_AI_v2_Standardized,Yes
Elizabeth Broccoli,John Jay College,"Mentoring, Civic Advocacy Training",Faculty Research,"Legal, Public Interest","Students, Professionals Pursuing Legal and Public Interest Careers",1121,Justice,,Provides mentoring and civic advocacy training for students pursuing legal and public interest careers,,Pre-Law Institute / Center for Post-Graduate Opportunities,Staff,Jeremiah_AI_v2_Standardized,Yes
Jason Guzman,LaGuardia CC,"Organizing, Service Coordination, Leadership Development",Student Opportunity,"Civic Service, Leadership","Students, General Public",1119,Civic Engagement,,"President of LaGuardia’s Student Government Association, organizing civic service and leadership activities",,Student Government Association,Student Org Leader,Jeremiah_AI_v2_Standardized,Yes
"John Dixon, PhD",College of Staten Island,"Scholarship, Public History Experience, Collaboration",Faculty Research,History,"Civic Memory, Archives, Community Education",1117,Civic Engagement,,"Historical scholarship and public history experience — fits civic memory, archives, and community education collaborations.",,"Chair, History",Chair / Professor,Jeremiah_AI_v2_Standardized,Yes
"Burnett Joiner, PhD",College of Staten Island,"Leadership, Mentorship, Civic Education Curricula Development, Training Future Civic Leaders",Civic Engagement Training,Education,"K-12 Educators, Students, Future Civic Leaders",1120,Civic Education,,"Education leadership and mentorship; natural ally for K–12 partnerships, civic education curricula, and training future civic leaders.",,"Interim Dean, School of Education",Chair / Professor,Jeremiah_AI_v2_Standardized,Yes
"Miguel A. Aragón, MFA",College of Staten Island,"Civic Engagement, Community Arts Partnerships, Outreach Events, Creative Mentorship",Community Engagement,Performing & Creative Arts,"Arts Community, General Public",1126,,,Arts-based civic engagement and community arts partnerships; excellent for outreach events and creative mentorship.,,"Chair, Performing & Creative Arts",Chair / Professor,Jeremiah_AI_v2_Standardized,Yes
"Shuqun Zhang, PhD",College of Staten Island,"Mentorship, Research, Collaboration",STEM Pipeline,Computer Science,"Students, Researchers",1122,"Civic Tech, Computational Civics",,"The CS chair supports technical and computational research; potential for mentorship in data science, computational civics, civic tech, collaboration with other disciplines. Students often engage in project-based work under CS.",,"Chair, Computer Science",Chair / Professor,Jeremiah_AI_v2_Standardized,Yes
"Gene Fellner, PhD",College of Staten Island,"Mentorship, Evaluation",Civic Leadership & Innovation,Education,Students,1123,Civic Learning,,Research and program leadership in education; supports mentorship and evaluation of civic learning interventions,,"Chair, Educational Studies",Chair / Professor,Jeremiah_AI_v2_Standardized,Yes
Victor Ramos,John Jay College,"Leadership, Civic Engagement",Student Opportunity,"Latinx Advocacy, Justice","Latinx Community, Students",1124,Social Justice,,Leads a student organization focused on Latinx advocacy and justice-related civic issues,,Latino Justice Club,Student Org Leader,Jeremiah_AI_v2_Standardized,Yes
Jordan Thomas,York College,"Project Coordination, Leadership",Student Opportunity,Civic Engagement,"Students, Campus Community",1125,Service,,"President of York College’s Student Government Association, coordinating civic and service projects",,Student Government Association,Student Org Leader,Jeremiah_AI_v2_Standardized,Yes
Dr. Paul Archibald ,College of Staten Island,"Community Engagement, Applied Research",Community Engagement,Social Work,"Students, General Public",1129,Social Justice,,Strong community engagement and applied research background; ideal for social-justice oriented civic projects and student field placements. ,,"Chair, Social Work",Chair / Professor,Jeremiah_AI_v2_Standardized,Yes
"Simone Wegge, PhD",College of Staten Island,"Civic Insights, Local Economic Impact Studies, Evidence-Based Program Evaluation",Civic Leadership & Innovation,"Economics, Public Policy",General Public,1128,Justice,,"Econometrics/public policy expertise — great fit for civic insights, local economic impact studies, and evidence-based program evaluation.",,"Chair, Economics",Chair / Professor,Jeremiah_AI_v2_Standardized,Yes
"Sarolta A. Takács, PhD",College of Staten Island,"Civic Theory Development, Public Policy Analysis, Mentorship in Research, Qualitative Research, Cultural Research, Ethical Research",Faculty Research,"Humanities & Social Sciences, Political Science, Media, History, Sociology","Academics, Researchers, Students",1127,Civic Insights to Society,,"Leads disciplines that intersect with civic life (political science, media, history); Humanities & Social Sciences houses many departments (history, political science, sociology, etc.) where civic theory, public policy, and mentorship in research (qualitative, cultural, ethical) are strong. She would be supportive of efforts tying civic insights to society.",,"Dean, Division of Humanities & Social Sciences",Dean,Jeremiah_AI_v2_Standardized,Yes
Dr. Monique Couvson,Brooklyn (External),"Funding, Leadership Program Development",Civic Engagement,"Girls of Color, Civic Media",Girls of Color,1132,INI's Mission,,Funds civic media and leadership programs for girls of color. Strong alignment with INI’s mission.,,Grantmakers for Girls of Color,President & CEO,Jeremiah_AI_v2_Standardized,Yes
Catherine Lavender,John Jay College,"Programming, Community Engagement",Faculty Research,"History, Identity",General Public,1135,Interdisciplinary,,"Directs interdisciplinary programming connecting history, identity, and community engagement",,American Studies Program,Faculty,Jeremiah_AI_v2_Standardized,Yes
South Bronx United,Bronx(external),"Grant Management, Fellow Hosting, Partnership Development, Youth-Led Civic Campaigns",Civic Leadership & Innovation,"Soccer, Academic Mentorship, Civic Mentorship","Youth, Community Organizations",1133,"Education, Social Justice",,Combines soccer with academic and civic mentorship. CIF grantee. Could host INI fellows or partner on youth-led civic campaigns.,,South Bronx United,Executive Director,Jeremiah_AI_v2_Standardized,Yes
Dr. Anika Gibbons,Brooklyn (External),"Civic Education, Leadership Program Management",Civic Leadership & Innovation,Youth Development,"Bronx Youth, Youth-Led Initiatives",1137,Youth Empowerment,,Runs civic education and leadership programs for Bronx youth. Strong alignment with INI’s youth-led initiatives.,,Bronx Youth Empowerment Program,Executive Director,Jeremiah_AI_v2_Standardized,Yes
Dr. Crystal McQueen-Taylor,Brooklyn (External),"Civic Education, Organizing",Gender Justice / Youth Leadership / Civic Advocacy,Gender Equity,"Girls of Color, Youth",1143,Equity,,Leads civic education and organizing for girls of color. Strong partner for INI’s youth-led equity work.,,Girls for Gender Equity (GGE),CEO,Jeremiah_AI_v2_Standardized,Yes
Dr. Lurie Daniel Favors,Brooklyn (External),"Civic Policy Partnership, Youth-Led Legal Education",Civic Engagement,Racial Justice,"General Public, Youth",1138,Justice,,Leads one of NYC’s most respected racial justice centers. Strong partner for civic policy and youth-led legal education.,,Center for Law and Social Justice at Medgar Evers College,Executive Director,Jeremiah_AI_v2_Standardized,Yes
Elvis Bakaitis,Graduate Center,Reference,,LGBTQI+,Academic Community,1139,CUNY LGBTQI+ Council,,,,"Interim Head of Reference, Mina Rees Library (CUNY LGBTQI+ Council)",Staff,Jeremiah_AI_v2_Standardized,Yes
Michael Blitz,John Jay College,"Research Leadership, Student Mentorship",Faculty Research,Civic-Focused Research,Undergraduate Students,1142,Civic Engagement,,Leads undergraduate research initiatives including civic-focused research and student mentorship,,Office of Undergraduate Research,Faculty,Jeremiah_AI_v2_Standardized,Yes
Dr. Nadia Lopez,Brooklyn (External),Empowerment,Faculty,Youth Justice,Youth in Brownsville,1140,"Civic Media, Youth Justice",,Nationally recognized for empowering youth in Brownsville. Strong alignment with INI’s civic media and youth justice mission.,,The Lopez Effect / Mott Hall Bridges Academy,Founder,Jeremiah_AI_v2_Standardized,Yes
Dr. Maya Wiley,Brooklyn (External),"Civic Innovation Leadership, Equity Work",,"Criminal Justice, Human Rights","General Public, Students",1147,Justice,,Civil rights attorney and former MSNBC analyst. Leads civic innovation and equity work at The New School.,,The New School,President,Jeremiah_AI_v2_Standardized,Yes
Dr. Linda Sarsour,Brooklyn (External),"Leadership, Youth Organizing, Media Development",Media/Journalism,"Civic Engagement, Interfaith","Muslim Community, Youth, General Public",1145,"Civic Media, Justice",,National leader in Muslim civic engagement. Could support INI’s interfaith civic media and youth organizing.,,MPower Change,Co-Founder,Jeremiah_AI_v2_Standardized,Yes
Dr. Rashad Robinson,Brooklyn (External),"Leadership, Civic Media Support, Policy Storytelling",Civic Engagement,Racial Justice,General Public,1150,Justice,,Leads largest online racial justice org. Could support INI’s civic media and policy storytelling initiatives.,,Color Of Change,Vice President,Jeremiah_AI_v2_Standardized,Yes
Dr. Chris Emdin,Brooklyn (External),"Storytelling, STEM Justice Work",STEM Pipeline,Science Education,"Youth, General Public",1149,Civic Media,,"Founder of HipHopEd. Merges civic media, science, and youth culture. Ideal for INI’s storytelling and STEM justice work.",,HipHopEd,Professor of Science Education,Jeremiah_AI_v2_Standardized,Yes
Caura Washington Richardson,Other CUNY,"Mentorship, Keynote Speaking, Community-Rooted Civic Work",Civic Engagement,"Nonprofit Development, Faith-Based Organizations","Nonprofits, Faith-Based Organizations, INI Fellows",1152,Civic Work,,Leads statewide efforts to support nonprofits and faith-based orgs. Keynote speaker at 2025 Nonprofit Trailblazers. Could mentor INI fellows in community-rooted civic work.,,NYS Office of Faith and Nonprofit Development Services,Director,Jeremiah_AI_v2_Standardized,Yes
 Dr. Danielle Moss Lee,Brooklyn (External),Program Leadership,Civic Engagement,"Civic Education, Youth Empowerment",Girls of Color,1156,INI's Mission,,Leads civic education and youth empowerment programs for girls of color. Strong alignment with INI’s mission.,,YWCA NYC,CEO,Jeremiah_AI_v2_Standardized,Yes
NYC Civic Impact Funding Team,Other CUNY,"Funding, Research Support, Youth Engagement",Civic Engagement / Volunteerism / Equity Grants,"Community Development, Volunteer Management","TRIE Neighborhoods, Youth",1154,Civic Impact,,Funds orgs in TRIE neighborhoods to scale volunteer-driven services. Ideal for INI’s community-based research and youth engagement.,,NYC Service – Civic Impact Funding,Community Programs Team,Jeremiah_AI_v2_Standardized,Yes
Edward Remirez,Queens College,"Advisory Role, Initiative Development",Faculty Research,"Civic Activism, Human Rights","Students, Amnesty International Chapter Members",1157,Justice,,advises the qc amnesty international chapter focused on civic activism and human rights initiatives,,Amnesty International Student Chapter,Faculty,Jeremiah_AI_v2_Standardized,Yes
Dr. DeNora Getachew,Brooklyn (External),"Digital Campaigns, Civic Media Labs",Civic Engagement,Youth Civic Engagement,Youth,1160,Civic Engagement,,Leads one of the largest youth civic platforms in the U.S. Could partner on digital campaigns and civic media labs.,,http://dosomething.org/,CEO,Jeremiah_AI_v2_Standardized,Yes
Melissa Aase (1),,,,,,1161,,,,,,,Jeremiah_AI_v2_Standardized,Yes
Dr. Darrick Hamilton,Brooklyn (External),"Mentorship, Research Lab Co-Hosting",Civic Engagement,"Economics, Urban Policy","INI Fellows, General Public",1158,"Racial Equity, Civic Policy",,National thought leader on racial equity and civic policy. Could mentor INI fellows or co-host civic research labs.,,"Institute on Race, Power and Political Economy",Professor of Economics & Urban Policy,Jeremiah_AI_v2_Standardized,Yes
Melissa Aase,Lower East Side NYC,"Civic Storytelling, Youth Equity Pilots",Community Development / Arts / Mental Health,"Arts, Mental Health, Immigrant Family Services","New Yorkers, Youth",1163,,,"Leads a $60M nonprofit serving 40,000+ New Yorkers. Strong in arts, mental health, and immigrant family services. Ideal for civic storytelling and youth equity pilots",,University Settlement,CEO,Jeremiah_AI_v2_Standardized,Yes
Jackie DiSalvo,Hunter College,"Mentorship, Service Coordination",Faculty Research,"Civic Discourse, Public Service",Students,1167,Civic Engagement,,"Advises the Hunter College Debate Team, supporting students in civic discourse and public service",,Hunter College Debate Team,Faculty,Jeremiah_AI_v2_Standardized,Yes
Dr. Bettina Love,Brooklyn (External),"Leadership, Curriculum Development, Youth-Led Initiative Support",Civic Engagement,Education,"Educators, Students, Youth",1165,Justice,,Leads national movement for justice-centered education. Could support INI’s civic curriculum and youth-led initiatives.,,Abolitionist Teaching Network,Co-Founder,Jeremiah_AI_v2_Standardized,Yes
Dr. Michelle Fine,Other CUNY,"Research Leadership, Participatory Civic Research",Policy Research,"Justice, Equity","Youth, General Public",1169,Civic Reform,,Leads youth-led research on justice and equity. Ideal for INI’s participatory civic research model.,,Public Science Project,Distinguished Professor,Jeremiah_AI_v2_Standardized,Yes
Dr. Heather McGhee,Brooklyn (External),"Authorship, Policy Advocacy",Civic Engagement,"Civic Narrative, Equity Policy",General Public,1164,Justice,,"
Author of The Sum of Us. National leader in civic narrative and equity policy.

",,The Sum of Us / Demos (former president),Author & Policy Advocate,Jeremiah_AI_v2_Standardized,Yes
Dr. Shahana Hanif,Brooklyn (External),"Youth Civic Leadership Development, Advocacy for Immigrant Equity",Civic Engagement,Immigration,"Youth, Immigrants",1166,"Civic Leadership, Social Justice",,First Muslim woman elected to NYC Council. Strong advocate for youth civic leadership and immigrant equity.,,NYC Council – Committee on Immigration,NYC Council Member District 39,Jeremiah_AI_v2_Standardized,Yes
Dr. José Luis Vilson,Brooklyn (External),"Mentorship, Workshop Facilitation",Civic Engagement,"Racial Justice, Education","INI Fellows, General Public",1176,Justice,,National leader in racial justice in education. Could mentor INI fellows or co-host civic media workshops.,,EduColor,Executive Director,Jeremiah_AI_v2_Standardized,Yes
Eunji Kim,Hunter College,"Civic Project Development, Course Instruction",Faculty Research,Immigrant & Community Advocacy,"Asian American Communities, General Public",1170,Advocacy,,Faculty member running courses and civic projects tied to immigrant and community advocacy,,Asian American Studies Program,Faculty,Jeremiah_AI_v2_Standardized,Yes
Dr. Shafiq Abdussabur,Other CUNY,"Program Leadership, Safety Program Development",Civic Leadership & Innovation,"Civic Education, Youth Development","Youth, General Public",1174,Justice,,Former police officer turned civic educator. Leads youth civic safety programs. Strong alignment with INI’s justice mission.,,CT Center for Nonviolence,Founder,Jeremiah_AI_v2_Standardized,Yes
Sean Sime,Brooklyn (External),"Visual Storytelling, Media Training",Civic Engagement,"NYC, Media","Civic Leaders, Changemakers",1179,INI,,Captures NYC’s civic leaders and changemakers. Could support INI’s visual storytelling and media training.,,City & State NY / Nonprofit Trailblazers,Civic Photographer & Media Partner,Jeremiah_AI_v2_Standardized,Yes
Dr. Anthony Ramos,Brooklyn (External),"Media Strategy, Civic Storytelling Support, Policy Campaigns",Podcasts & Media,Latinx Civil Rights,Latinx Community,1178,Civic Reform,,Leads media strategy for Latinx civil rights org. Could support INI’s civic storytelling and policy campaigns.,,LatinoJustice PRLDEF,Director of Communications,Jeremiah_AI_v2_Standardized,Yes
Dr. Meisha Porter,Bronx(external),"Leadership, Partnership Building, Research Facilitation, Storytelling",Community Engagement,"Education, Community Development","Youth, General Public, Bronx Community",1181,Civic Equity,,Former NYC Schools Chancellor. Leads Bronx-wide civic equity initiatives. Strong partner for youth-led research and community storytelling.,,The Bronx Community Foundation,President & CEO,Jeremiah_AI_v2_Standardized,Yes
Dr. Marta Moreno Vega,Harlem(External),"Program Development, Youth Fellowship Management, Policy Forum Organization",Civic Leadership & Innovation,Cultural Justice,"African Diaspora Community, Youth",1182,"Cultural Equity, Storytelling",,"Pioneer in cultural justice. CCCADI hosts civic arts programs, youth fellowships, and policy forums. Ideal for INI’s cultural equity and storytelling work.",,Caribbean Cultural Center African Diaspora Institute (CCCADI),Founder,Jeremiah_AI_v2_Standardized,Yes
Rev. Dr. Chloe Breyer,Brooklyn (External),"Interfaith Civic Media Support, Justice Initiative Coordination",Civic Engagement,Civic Institutions,"Religious Leaders, General Public",1180,Civic Justice,,Connects religious leaders to civic institutions. Could support INI’s interfaith civic media and justice initiatives.,,Interfaith Center of New York,Executive Director,Jeremiah_AI_v2_Standardized,Yes
Dr. Nicole Hockley,Other CUNY,"National Youth-Led Civic Campaign Leadership, Civic Reform Engagement",Civic Engagement,"Youth-Led Civic Campaigns, Gun Safety, Mental Health","Youth, General Public",1185,Justice,,Leads national youth-led civic campaigns on gun safety and mental health. Strong alignment with INI’s justice mission.,,Sandy Hook Promise,Co-Founder & CEO,Jeremiah_AI_v2_Standardized,Yes
Brooklyn Book Bodega,Brooklyn (External),"Program Development, Resource Distribution",Mentorship,"Education, Literacy","Youth, TRIE Neighborhoods",1187,"Civic Literacy, Youth Engagement",,CIF grantee. Distributes free books to youth in TRIE neighborhoods. Ideal for civic literacy and youth engagement pilots.,,Brooklyn Book Bodega,Co-Founder,Jeremiah_AI_v2_Standardized,Yes
Dr. Pedro Noguera,Brooklyn (External),Leadership,Faculty Research,"Education Equity, Civic Policy",General Public,1186,Justice,,National leader in education equity and civic policy. Strong alignment with INI’s mission.,,USC Rossier School of Education,Dean,Jeremiah_AI_v2_Standardized,Yes
Dr. Christina Greer,Brooklyn (External),"Mentorship, Curriculum Development",Podcasts & Media,Political Science,"INI Fellows, Students",1183,Civic Engagement,,Political analyst and educator. Could mentor INI fellows or collaborate on civic media curriculum.,,Fordham Civic Engagement,Associate Professor of Political Science,Jeremiah_AI_v2_Standardized,Yes
Michael Sedillo,Brooklyn (External),"Ecosystem Oversight, Allyship for Civic Initiatives",Civic Engagement,"Nonprofit Ecosystem, Civic Media, Policy Pilots, Youth-Led Innovation","NYC Nonprofits, Civic Media Organizations, Policymakers, Youth",1190,Civic Engagement,,"Oversees NYC’s nonprofit ecosystem. Strong ally for civic media, policy pilots, and youth-led innovation.",,NYC Mayor’s Office of Nonprofit Services,Director,Jeremiah_AI_v2_Standardized,Yes
Dr. Mark Winston Griffith,Brooklyn (External),"Civic Media Partnership, Policy Storytelling",Civic Leadership & Innovation,Community Organizing,"Black-led Community, Central Brooklyn Residents",1188,Social Justice,,Leads Black-led community organizing in Central Brooklyn. Strong partner for civic media and policy storytelling.,,Brooklyn Movement Center,Executive Director,Jeremiah_AI_v2_Standardized,Yes
Dr. Khalil Gibran Muhammad,CUNY,"Mentorship, Research Leadership, Lab Coordination",Civic Engagement,"History, Public Policy, Race","INI Fellows, Schomburg Center Community",1193,Civic History,,Former director of Schomburg Center. Leads civic research on race and policy. Could mentor INI fellows or co-host civic history labs.,,Institutional Antiracism and Accountability Project,Professor of History Race & Public Policy,Jeremiah_AI_v2_Standardized,Yes
Dr. Monique Morris,Brooklyn (External),"Funding, Leadership Program Development",Civic Leadership & Innovation,"Girls of Color, Civic Media",Girls of Color,1191,INI's Mission,,Funds civic media and leadership programs for girls of color. Strong alignment with INI’s mission.,,Grantmakers for Girls of Color,President & CEO,Jeremiah_AI_v2_Standardized,Yes
Melissa Aase (1),,,,,,1192,,,,,,,Jeremiah_AI_v2_Standardized,Yes
Dr. Jonathan McBride,Brooklyn (External),"Pipeline Development, Youth Empowerment",Civic Leadership & Innovation,Civic Career Pipelines,Underrepresented Youth,1199,Civic Engagement,,Former White House official. Supports civic career pipelines for underrepresented youth.,,Management Leadership for Tomorrow (MLT),Board Member,Jeremiah_AI_v2_Standardized,Yes
Dr. David E. Kirkland,Brooklyn (External),"Research Leadership, Partnership Building",Civic Leadership & Innovation,"Equity-Focused Research, Youth Civic Engagement","Youth, Research Labs",1196,Equity,,Leads equity-focused research and youth civic engagement. Strong partner for INI’s research labs.,,NYU Metro Center,Executive Director,Jeremiah_AI_v2_Standardized,Yes
Leonard Achan,Other CUNY,"Mentorship, Civic Education, Health Justice",Health Equity / Organ Donation / Public Awareness,"Healthcare, Organ Donation","INI Fellows, General Public",1198,Justice,,Transformed organ donation in NYC. Partnered with NYU Langone for equity-focused fellowship. Could mentor INI fellows in health justice and civic education.,,LiveOnNY,President & CEO,Jeremiah_AI_v2_Standardized,Yes
Dr. Yolanda Sealey-Ruiz,Brooklyn (External),"Mentorship, Event Hosting",Civic Leadership & Innovation,Racial Literacy,"INI Fellows, General Public",1200,Civic Dialogue,,Leads racial literacy and civic dialogue programs. Could mentor INI fellows or co-host civic storytelling events.,,Racial Literacy Roundtables,Associate Professor,Jeremiah_AI_v2_Standardized,Yes
Dr. Jamila Lyiscott,Brooklyn (External),"Civic Media Curriculum Development, Spoken Word",Civic Leadership & Innovation,Youth Civic Literacy,"Youth, Researchers",1195,Civic Reform,,National thought leader in youth civic literacy and spoken word. Could support INI’s civic media curriculum.,,Center of Racial Justice and Youth Engaged Research,Assistant Professor & Poet,Jeremiah_AI_v2_Standardized,Yes
Bonnie Ip (Immigration Working Group),Graduate Center,Student Leadership,Student Opportunity,,Students,1204,,,,,Chartered Organization,Student Org Leader,Jeremiah_AI_v2_Standardized,Yes
Dr. Wes Moore,Brooklyn (External),Leadership,Civic Leadership & Innovation,Poverty-Fighting,Low-Income Individuals,1203,"Equity, Civic Innovation",,Led NYC’s largest poverty-fighting foundation. Strong alignment with INI’s equity and civic innovation mission.,,Robin Hood Foundation,Former CEO,Jeremiah_AI_v2_Standardized,Yes
"Joseph Fera, Ph.D.",Lehman College,"Research Mentoring, Student Mentorship, Pipeline Leadership",Faculty Research,"Mathematics, STEM Research","Students, Researchers",1205,,,"Prof. Fera heads the Math department and coordinates research mentoring programs (PhD Promise, REACH, NYC LSAMP) that boost STEM research participation and prepare students for graduate study — strong student mentorship and research pipeline leadership.",,"Chair & Professor, Department of Mathematics",Chair / Professor,Jeremiah_AI_v2_Standardized,Yes
"Elhum Haghighat, Ph.D.",Lehman College,"Mentorship, Civic Scholarship, Public Policy Research, Community- Relevant Project Development",Faculty Research,"Politics, Demography, Inequality, Social Justice","Students, Academia, General Public",1206,Justice,,"Dr. Haghighat’s research focuses on politics, demography, inequality and social justice; leading the Political Science department she mentors students in civic scholarship and public policy research and fosters community-relevant projects.",,"Professor & Chair, Political Science",Chair / Professor,Jeremiah_AI_v2_Standardized,Yes
"Tom O’Hanlon, M.F.A.",Lehman College,"Mentorship, Student Training",Media/Journalism,"Journalism, Media","Students, Professionals in Journalism & Media",1207,Civic Engagement,,"Media and journalism have strong civic dimensions; chairs a dept that trains people in public discourse, journalism; opportunities for student mentorship.",,"Chair, Department of Journalism & Media Studies",Chair / Professor,Jeremiah_AI_v2_Standardized,Yes
Dr. Cathy Albisa,Brooklyn (External),Systems-Level Civic Innovation,Civic Equity / Youth Development / Housing Justice,Civic Equity,Institutions,1209,Civic Innovation,,Leads civic equity strategy across institutions. Strong partner for INI’s systems-level civic innovation work.,,Race Forward,Vice President for Institutional and Sectoral Change,Jeremiah_AI_v2_Standardized,Yes
Dr. Deborah Wright,Brooklyn (External),"Civic Investment, Leadership",civic policy,"Workforce Development, Housing","Low-Income Individuals, Equity-Focused Organizations",1208,Social Justice,,Former NYC Housing Commissioner. Leads civic investment in workforce and equity initiatives. Strong alignment with INI’s mission.,,New York City Partnership Foundation,Chair,Jeremiah_AI_v2_Standardized,Yes
Susan Dumais,Lehman College,"Mentorship, Research Guidance, Community-Facing Scholarship",Faculty Research,"Education, Culture, Inequality","Faculty, Students, First-Generation College Students",1210,Social Inequality,,"Professor Dumais researches education, culture and inequality (including first-generation college student outcomes); as chair she mentors faculty and students and guides departmental research and community-facing scholarship on social inequality.",," Chair / Professor, Department of Sociology",Chair / Professor,Jeremiah_AI_v2_Standardized,Yes
"Peggy Conner, Ph.D.",Lehman College,"Research, Mentorship, Clinical Practice",Mentorship,"Academia, Health","Students, Professionals in Speech-Language & Hearing Sciences",1214,,,"Leads academic/graduate programs in speech/hearing, which often involve research, clinical mentorship; speech/community health implications.",,"Chair, Speech‐Language & Hearing Sciences",Chair / Professor,Jeremiah_AI_v2_Standardized,Yes
Dr. Shalini Sharma,Brooklyn (External),"Civic Engagement Program Leadership, Partnership Building",Youth Leadership / Immigrant Justice / Civic Education,"Youth Development, Immigrant Justice","South Asian Youth, Immigrants",1215,Justice,,Leads youth civic engagement programs for South Asian youth. Strong partner for INI’s immigrant justice and youth organizing work.,,South Asian Youth Action (SAYA),Executive Director,Jeremiah_AI_v2_Standardized,Yes
Dr. Tonya Gayle,Bronx(external),"Youth Civic Service Corps Leadership, Partnership Development",Community Program,"Sustainability, Civic Service","NYCHA Housing Residents, Youth",1213,"Climate Justice, Civic Workforce",,Leads youth civic service corps focused on sustainability in NYCHA housing. Strong partner for INI’s climate justice and civic workforce initiatives.,,Green City Force,Executive Director,Jeremiah_AI_v2_Standardized,Yes
Dr. Dianne Morales,Brooklyn (External),"Leadership, Program Development",Civic Equity / Youth Development / Housing Justice,"Civic Equity, Youth Development","Bronx Residents, Youth",1211,Social Justice,,Former NYC mayoral candidate. Leads civic equity and youth programs in the Bronx. Strong alignment with INI’s mission.,,Phipps Neighborhoods,Executive Director,Jeremiah_AI_v2_Standardized,Yes
Olena Zhadko,Lehman College,"Faculty Development, Pedagogical Mentorship, Civic-Minded Teaching, Research-Based Mentoring",Mentorship / Civic Engagement,Education,"Faculty Members, Students",1212,Civic Education,,Runs faculty development and pedagogical mentorship programs that increase civic-minded teaching and research-based mentoring practices.,,"Senior Director, Center for Teaching & Learning",Director,Jeremiah_AI_v2_Standardized,Yes
Dr. Jennifer March,Brooklyn (External),"Civic Research, Policy Advocacy",civic policy,Children's Equity,"Youth, General Public",1217,Justice,,Leads civic research and policy advocacy for children’s equity. Could support INI’s youth-led policy labs.,,Citizens’ Committee for Children of New York,Executive Director,Jeremiah_AI_v2_Standardized,Yes
"Wesley Pitts, Ph.D.",Lehman College,"Leadership, Mentorship, Grant Management, Teacher Preparation",STEM Pipeline,"Education, Science Education","Students, Urban Communities",1219,STEM Leadership,,"Dr. Pitts leads education programs, holds external (NSF) grants (e.g. STEM leadership, teacher preparation), mentors students, especially in urban science education. ",,"Interim Dean, School of Education; Professor, Science Education; Chair/Professor Middle & High School Education",Dean,Jeremiah_AI_v2_Standardized,Yes
Stephanie Frias,Baruch College,"Open Forum Facilitation, Civic Engagement Promotion, Public Service Coordination, Public Advocacy",Student Opportunity,Public Affairs,Baruch Students,1218,Civic Engagement,,"A club dedicated to public affairs would necessarily bring an open forum to Baruch students to engage in issues related to civic engagement, public service, and public advocacy.",,President of the Public Affairs Society ,Student Org Leader,Jeremiah_AI_v2_Standardized,Yes
Dr. Michael D. Tubbs,Brooklyn (External),"Mentorship, Campaign Leadership",civic policy,Civic Equity,"Low-Income Communities, Fellows",1220,Social Justice,,Former mayor of Stockton. Leads national civic equity campaigns. Could mentor INI fellows.,,End Poverty in California (EPIC),Founder,Jeremiah_AI_v2_Standardized,Yes
Anne Reid,Lehman College,"Research Leadership, Mentoring, Student Project Supervision, Connecting Research to Social/Civic Questions",Faculty Research,Psychology,"Academics, Students",1224,Social Justice,,"Dr. Reid leads the Psychology department, runs and publishes social-psychology research (self-concept, identity, group behavior) and oversees undergraduate research and mentoring programs — strong track record of supervising student projects and connecting research to social/civic questions.",,"
Associate Professor & Chair, Department of Psychology",Chair / Professor,Jeremiah_AI_v2_Standardized,Yes
Dr. Linda Darling-Hammond,Brooklyn (External),"Curriculum Development, Research Support",civic policy,Education,"Youth, Educators",1221,Civic Education,,National leader in education policy. Could support INI’s civic curriculum and youth-led research.,,Learning Policy Institute,President,Jeremiah_AI_v2_Standardized,Yes
Dr. Wayne Ho,Brooklyn (External),"Leadership, Partnership Building",Civic Engagement,"Asian-American, Youth-Led Civic Media, Equity Research","Asian-American Community, Youth",1222,Civic Engagement,,Leads one of NYC’s largest Asian-American civic orgs. Strong partner for youth-led civic media and equity research.,,Chinese-American Planning Council (CPC),President & CEO,Jeremiah_AI_v2_Standardized,Yes
Dr. Desmond Patton,Columbia University,"Research, Partnership Building",Civic Tech / Youth Violence / Digital Equity,"Social Work, Sociology","Youth, General Public",1225,"Civic Tech, Digital Justice",,Leads research on social media and youth violence. Strong partner for INI’s civic tech and digital justice work.,,SAFElab,Professor of Social Work & Sociology,Jeremiah_AI_v2_Standardized,Yes
Dr. Anthony Tassi,Brooklyn (External),"Program Leadership, Storytelling Support",Civic Leadership & Innovation,"Civic Education, Literacy",Immigrant Families,1223,Civic Literacy,,Leads civic literacy programs for immigrant families. Could support INI’s storytelling and civic education work.,,Literacy Partners,CEO,Jeremiah_AI_v2_Standardized,Yes
Juan Delacruz,Lehman College,"Faculty Research Support, Experiential Learning Facilitation, Student Mentorship, Internship Coordination, Community Economic Literacy Initiative Development",Mentorship,"Finance, Information Systems, Economics","Students, Faculty Members, Local Community",1230,Scholarship to Local Economic Issues,,"As chair of a multidisciplinary business unit he supports faculty research, experiential learning and student mentorship (internships, community economic literacy initiatives) that connect scholarship to local economic issues.",,"Associate Professor & Chair, Finance, Information Systems & Economics",Chair / Professor,Jeremiah_AI_v2_Standardized,Yes
Dr. Vincent Southerland,nyu school of law,"Mentorship, Research, Advocacy",Legal Advocacy / Civic Policy / Racial Justic,"Law, Racial Justice","INI Fellows, Students",1226,"Civic Legal Research, Racial Justice",,Leads civic legal research and racial justice advocacy. Could mentor INI fellows or co-host civic law labs.,,"Center on Race, Inequality, and the Law",Professor & Co-Director,Jeremiah_AI_v2_Standardized,Yes
African Student Association at Baruch,Baruch College,"Leadership Development, Community Building",Student Opportunity,"Education, Diversity & Inclusion",Students of African Descent,1229,,,,,"This clubs represents, unifies, and empowers students of African descent while supporting their academic and professional journeys.",Student Org Leader,Jeremiah_AI_v2_Standardized,Yes
Melisa Martinez Ascanio,Graduate Center,Leadership,Student Opportunity,Latinx & Latin American Studies,The Latinx and Latin American Students Association (AELLA),1227,,,,,The Latinx and Latin American Students Association (AELLA),Student Org Leader,Jeremiah_AI_v2_Standardized,Yes
Dr. Keith Magee,nyu,"Research, Policy Lab Partnership",civic policy,"Capitalism, Equity",General Public,1228,Civic Equity,,Leads civic equity and inclusive capitalism research. Strong partner for INI’s policy labs.,,NYU Wagner,Chair Inclusive Capitalism,Jeremiah_AI_v2_Standardized,Yes
Black Student Union,Baruch College,"Advocacy, Lobbying, Political Voice",Student Opportunity,"Academic Support, Social Support, Mental Health","Undergraduate Students of the African Diaspora, Campus Community",1233,"Student Success, Cultural Empowerment",,"BSU strives to act as a support mechanism that will assist students in becoming acclimated to the university. Further, BSU shall act as their advocate, lobby, and political voice campus-wide.
",,"The purpose of the Black Student Union (BSU) is be to enhance the quality of life for undergraduate students of the African Diaspora at Baruch College through a centralized, campus-wide organizational structure that addresses their academic, social, political and mental needs and concerns. ",Student Org Leader,Jeremiah_AI_v2_Standardized,Yes
Francesca Lopez,Graduate Center,Staff,Faculty Research,,Feminist Political Group,1232,,,,,Feminist Political Group ,Staff,Jeremiah_AI_v2_Standardized,Yes
Dr. Fatima Shama,Brooklyn (External),"Program Design, Mentorship, Fellowship Hosting, Co-Design",Civic Engagement,"Youth Development, Civic Leadership","Youth, INI Fellows",1235,Civic Engagement,,Leads youth civic and leadership programs through nature and mentorship. Could host INI fellows or co-design civic engagement retreats.,,The Fresh Air Fund,Executive Director,Jeremiah_AI_v2_Standardized,Yes
Dr. Anthony Ramos,Brooklyn (External),"Media Strategy, Civic Storytelling Support, Policy Campaigns",Civic Media,Latinx Civil Rights,Latinx Community,1231,Civic Reform,,Leads media strategy for Latinx civil rights org. Could support INI’s civic storytelling and policy campaigns.,,LatinoJustice PRLDEF,Director of Communications,Jeremiah_AI_v2_Standardized,Yes
"David Pantalone, PhD",Lehman College,"Faculty Research Infrastructure Support, Student-Faculty Mentorship Opportunities",Faculty Research,"STEM, Social Sciences","Students, Faculty",1236,Civic-Focused Scholarship,,"Leads STEM and social science units, supporting faculty research infrastructure and student-faculty mentorship opportunities in empirical and civic-focused scholarship.",,"Dean, School of Natural & Social Sciences",Dean,Jeremiah_AI_v2_Standardized,Yes
"Holly Porter-Morgan, Ph.D.",Lehman College,"Research, Mentorship, Project Development",Community / Research,"Environmental Science, Geospatial","Students, Community Members",1238,Civic Engagement,,"Active environmental scientist and department chair who runs community-centered environmental research, student field mentorship and geospatial civic projects.",,"Chair, Earth, Environmental & Geospatial Sciences",Chair / Professor,Jeremiah_AI_v2_Standardized,Yes
Dr. Cidra M. Sebastien,Other CUNY,"Program Leadership, Partnership Building",Youth Leadership / Gender Equity / Civic Education,"Civic Education, Leadership","Young Women, Gender-Expansive Youth",1237,Youth-Led Initiatives,,Leads civic education and leadership programs for young women and gender-expansive youth. Strong partner for INI’s youth-led initiatives.,,Sadie Nash Leadership Project,Program Director,Jeremiah_AI_v2_Standardized,Yes
Dr. Jonathan Bowles,Brooklyn (External),"Civic Research Leadership, Policy Lab Partnership, Youth Research Collaboration",civic policy,"Workforce Development, Education, Innovation","NYC's Workforce, Students, Youth",1239,INI Policy Labs,,"Leads civic research on NYC’s workforce, education, and innovation. Strong partner for INI’s policy labs and youth research.",,Center for an Urban Future,Executive Director,Jeremiah_AI_v2_Standardized,Yes
Dr. Michelle Grier,Harlem(External),"Program Oversight, Partnership Building",Community Engagement,Social Work,"Youth, Families",1243,"Civic Education, Equity",,Oversees youth and family support programs in Harlem. Strong partner for INI’s civic education and equity pilots.,,Harlem Children’s Zone,Director of Social Work,Jeremiah_AI_v2_Standardized,Yes
Dr. Shawn Dove,Brooklyn (External),"Mentorship, Co-Hosting Civic Storytelling Labs",Civic Leadership & Innovation,Civic Empowerment,"Black Males, INI Fellows",1242,Civic Empowerment,,National leader in Black male civic empowerment. Could mentor INI fellows or co-host civic storytelling labs.,,Campaign for Black Male Achievement,Founder,Jeremiah_AI_v2_Standardized,Yes
"Edward J. Kennelly, Ph.D.",Lehman College,"Lab Program Direction, Undergraduate Research Opportunities, Mentorship Activities, STEM Research Development, Student Training",Faculty Research,Biological Sciences,"Students, Researchers",1241,,,"As department chair and active researcher he directs lab programs, undergraduate research opportunities and field/mentorship activities in biological sciences — a central figure for STEM research development and student training at Lehman.",,"Chair / Professor, Biological Sciences",Chair / Professor,Jeremiah_AI_v2_Standardized,Yes
"Justine McGovern, Ph.D.",Lehman College,"Research, Mentorship, Publications",Faculty Research,"Health Promotion, Nutrition Sciences, Aging","Older Adults, Researchers",1244,Health Equity,,"Active researcher in older adult health & aging, health equity, arts‐based methods; strong mentorship via research and publications.",,"Chair, Department of Health Promotion & Nutrition Sciences (HPNS)",Chair / Professor,Jeremiah_AI_v2_Standardized,Yes
Center for Teaching & Learning (CTL),Baruch College,"Framing Civic Engagement, Pedagogy Support, Tech Integration",Faculty Research,Education,Faculty Members,1240,Civic Engagement,,"Useful for framing civic engagement in faculty courses, helping faculty adopt new practices.",,"Faculty development, pedagogy support, tech + teaching integration.",Career Office Staff,Jeremiah_AI_v2_Standardized,Yes
 Dr. Kassandra Frederique,Brooklyn (External),"Mentorship, Advocacy, Campaign Coordination",civic policy,Drug Policy,"Fellows, General Public",1247,Civic Health Equity,,Leads national advocacy on drug policy reform. Could mentor INI fellows or co-host civic health equity campaigns.,,Drug Policy Alliance,Executive Director,Jeremiah_AI_v2_Standardized,Yes
Cynthia Trevor,United Way New York City,"Resource Mobilization, Community Engagement",Community Partner,Social Services,Citywide Residents,1248,Social Justice,,Senior leader at United Way NYC focused on mobilizing community resources to address citywide social needs,,United Way of New York City,Staff,Jeremiah_AI_v2_Standardized,Yes
"Dene Hurley, Ph.D.",Lehman College,"Research Leadership, School Administration",Faculty Research,"International Finance, Trade, Labor Markets, Gender/Hispanic Labor Market Issues","Academics, Business Professionals",1246,,,"Her research includes international finance & trade, labor markets, gender/Hispanic labor market issues; also big role in school leadership & building the new School of Business.",,"Dean, School of Business",Dean,Jeremiah_AI_v2_Standardized,Yes
"James Mahon, Ph.D.",Lehman College,"Public Scholarship, Lecturing, Mentoring, Program Development",Mentorship,Arts & Humanities,"Academics, General Public, Community Members",1245,Civic Engagement,,"The Arts & Humanities often engage in civic/public scholarship; under him there are many public lectures, mentoring; also arts/media programs that connect with community.",,"Dean, School of Arts & Humanities",Dean,Jeremiah_AI_v2_Standardized,Yes
Dr. Kymberly N. Smith,Brooklyn (External),"Fellow Hosting, Co-Design Community Research",Community Development / Arts / Mental Health,"Civic Infrastructure, Equity",East New York Residents,1249,Community Development,,Leads civic infrastructure and equity work in East New York. Could host INI fellows or co-design community research.,,East New York Restoration LDC,Executive Director,Jeremiah_AI_v2_Standardized,Yes
Michael Chin,The City Tutors,"Volunteer Management, Mentoring, Tutoring",Other,Community Development,New Yorkers,1252,Civic Engagement,,A volunteer tutoring and mentoring community that connects New Yorkers with opportunities to get involved in their community,,Chief Program Success Officer,Staff,Jeremiah_AI_v2_Standardized,Yes
"Collette Brown, Ph.D.",Lehman College,"Research, Mentorship",Faculty Research,"Health Equity, Public Health",General Public,1251,Civic Focus,,"The “Health Equity” in her department name already indicates civic focus; engaged in research on health disparities, public health; mentorship possible.",,"Chair, Health Equity, Administration & Technology (HEAT)",Chair / Professor,Jeremiah_AI_v2_Standardized,Yes
David O. Monda,Graduate Center,"Research Leadership, Academic Initiatives",Student Opportunity,Africa,"Students, Researchers",1250,,,Student leader involved in the Africa Research Group with a focus on research and academic initiatives,,Africa Research Group,Student Org Leader,Jeremiah_AI_v2_Standardized,Yes
Dr. Sheena Wright,Brooklyn (External),"Citywide Partnerships, Policy Pilots",Civic Engagement,Civic Equity,General Public,1253,Civic Reform,,Oversees NYC’s civic equity strategy. Could support INI’s citywide partnerships and policy pilots.,,NYC Mayor’s Office,First Deputy Mayor,Jeremiah_AI_v2_Standardized,Yes
Bryan Duran,city tech,"Committee Leadership, Subcommittee Chair",Faculty Research,Education,"LGBTQIA+ Community, ESOL Students",1254,,,,, CUNY Office assistant in the English department and ESOL program at CityTech. Member of the LGBTQIA+ Collective where I am the chair of the pride lounge subcommittee,Staff,Jeremiah_AI_v2_Standardized,Yes
"Maria-Isabel Roldos-Prosser, Ph.D.",Lehman College,"Research Coordination, Student Training, Community Outreach, Mentorship",Faculty Research,Public Health,"Healthcare Professionals, Students, General Public",1255,"Civic-Oriented Research, Eliminating Health Disparities",,"Dr. Roldos-Prosser directs the Institute for Health Equity, coordinating research, student training, and community outreach focused on eliminating health disparities — a clear institutional leader for civic-oriented research and mentorship in public health.",,"Associate Professor; Director, CUNY Institute for Health Equity (CIHE)",Associate Professor,Jeremiah_AI_v2_Standardized,Yes
Dr. Danielle Deane-Ryan,Brooklyn (External),"Strategy Development, Initiative Support",civic policy,"Climate, Sustainability","Youth, Researchers",1258,Equity,,Leads climate equity strategy. Could support INI’s youth-led sustainability and civic research initiatives.,,Bezos Earth Fund,Director of Equitable Climate Solutions,Jeremiah_AI_v2_Standardized,Yes
Dr. Anthony Wells,Bronx(external),"Hosted Fellowships, Co-Designed Community Research",Civic Engagement,"Civic Services, Youth Programs","Bronx Residents, INI Fellows",1257,Community Development,,Oversees civic services and youth programs in the Bronx. Could host INI fellows or co-design community research.,,BronxWorks,President & CEO,Jeremiah_AI_v2_Standardized,Yes
Undergraduate Law Review,Baruch College,Leadership,Student Opportunity,Education,Students,1256,,,,,The Baruch Undergraduate Law Review is a student-run organization dedicated to advancing the legal writing and research skills of Baruch College's students,Student Org Leader,Jeremiah_AI_v2_Standardized,Yes
Teresita Levy,Lehman College,"Civic Insight Development, Student Mentoring",Community / Mentorship / Civic Insight,"International Partnerships, Community Engagement","Students, General Public",1259,Civic Engagement,,"
Directly responsible for community-engaged programming and international partnerships that foster civic insight and student mentoring. ",,"Executive Director, Office of International Programs & Community Engagement",Executive Director,Jeremiah_AI_v2_Standardized,Yes
Dr. Maria Torres-Springer,Brooklyn (External),"Community Research, Policy Pilots, Civic Development Strategy",civic policy,"Housing, Economic Development","INI Community, General Public",1261,Civic Development,,Oversees civic development strategy. Strong partner for INI’s community research and policy pilots.,,NYC Mayor’s Office,Deputy Mayor for Housing Economic Development & Workforce,Jeremiah_AI_v2_Standardized,Yes
Dána-Ain Davis,Graduate Center,Staff,Faculty Research,,Women,1260,,,,,Womens Center,Staff,Jeremiah_AI_v2_Standardized,Yes
Jane MacKillop,Lehman College,"Mentorship, Program Direction",Civic Engagement,"Civic Engagement, Continuing Education","Nontraditional Students, Community Partnerships",1264,Civic Engagement,,Directs continuing education programs and community partnerships that expand civic engagement and mentorship for nontraditional students.,,"Dean, School of Continuing & Professional Studies",Dean,Jeremiah_AI_v2_Standardized,Yes
Dr. Christina Pato,Brooklyn (External),"Storytelling, Media Work",Civic Engagement,Arts,General Public,1263,Civic Engagement,,Uses music and storytelling to elevate civic narratives. Could support INI’s arts-based civic media work.,,The Invisible Project,Artistic Director,Jeremiah_AI_v2_Standardized,Yes
"Brian Murphy, Ph.D.",Lehman College,"Curriculum Management, Research Partnership Development, Mentoring, Internship Coordination, Technical Skill Development",Faculty Research,Computer Science,"Students, Industry Partners",1265,Civic & Economic Needs,,"Dr. Murphy manages the CS curriculum and student research/industry partnerships; the department runs applied projects, internships and mentoring that develop technical skills tied to civic & economic needs in the Bronx.",,"Chair & Associate Professor, Computer Science",Chair / Professor,Jeremiah_AI_v2_Standardized,Yes
Dr. Darren Walker,Brooklyn (External),"Leadership, Grantmaking",Civic Engagement,Social Justice,"Civic Media, Equity Research Initiatives",1262,"Civic Media, Equity",,Leads one of the world’s largest social justice foundations. Could support INI’s civic media and equity research initiatives.,,Ford Foundation,President,Jeremiah_AI_v2_Standardized,Yes
Latin American Student Organization,Baruch College,Student Organization Leadership,Student Opportunity,Latin American Culture,"Hispanic Students, Baruch College Student Body",1268,,,,,LASO strives as an organization to represent the rich culture of Latin America and have an active Hispanic student body at Baruch College.,Student Org Leader,Jeremiah_AI_v2_Standardized,Yes
Dr. Jonathan Jayes-Green,Brooklyn (External),"Civic Media Support, Campaign Coordination",Immigrant Justice / Civic Organizing / Black Equity,"Immigrant Justice, Civic Advocacy","Black Undocumented Communities, Undocumented Individuals",1267,Justice,,Leads civic advocacy for Black undocumented communities. Could support INI’s civic media and immigrant justice campaigns.,,UndocuBlack Networ,Co-Founder,Jeremiah_AI_v2_Standardized,Yes
"Kimberly Kendall, Ph.D",Lehman College,"Program Development, Mentorship",Mentorship,Education,Non-Traditional/Continuing Education Students,1269,Civic and Outreach,,"Oversees programs which often serve non‐traditional/continuing education students; likely involved in program development, mentorship; may have civic and outreach components. ",,"Interim Dean, School of Continuing and Professional Studies",Dean,Jeremiah_AI_v2_Standardized,Yes
Salita Bryant,Lehman College,"Mentorship, Advocacy, Community Engagement",Community Advocacy,"English, Writing","Students, General Public",1266,Public Writing,,"Department chair who leads writing and composition programs that mentor students in public writing, advocacy, and community-based projects.",,"Chair, Department of English",Chair / Professor,Jeremiah_AI_v2_Standardized,Yes
ASEDOM (Dominican Student Association),Baruch College,"Event Planning, Education",Student Opportunity,Cultural Education,"Students, Dominican Community",1273,Cultural Preservation,,,,"ASEDOM unites and educates students on Dominican culture through the effective presentation of professional, social, cultural and educational events.
",Student Org Leader,Jeremiah_AI_v2_Standardized,Yes
"Rossen Petkov, Ph.D., CPA",Lehman College,"Mentorship, Experiential Learning, Economic Literacy Initiatives",Mentorship,Accounting,"Students, Professionals",1274,,,"Heads accounting programs that emphasize experiential learning, mentorship for internships and community-facing economic literacy initiatives.",,"Chair, Department of Accounting",Chair / Professor,Jeremiah_AI_v2_Standardized,Yes
Ryan Raaum,Lehman College,"Research Program Coordination, Student Research Opportunity Facilitation",Faculty Research,Natural & Social Sciences,"Faculty, Students",1271,,,"As interim associate dean in Natural & Social Sciences he helps coordinate faculty research programs and student research opportunities (e.g., undergraduate research).",,"Interim Associate Dean, School of Natural & Social Sciences",Associate Dean,Jeremiah_AI_v2_Standardized,Yes
Dr. Sonal Jessel,Brooklyn (External),Policy Strategy,civic policy,Environmental Justice,Environmental Justice Advocates,1272,Civic Equity,,Leads policy strategy for environmental justice org. Strong alignment with INI’s civic equity mission.,,WE ACT for Environmental Justice,Director of Policy,Jeremiah_AI_v2_Standardized,Yes
"Limor Pinhasi‐Vittorio, Ph.D.",Lehman College,"Mentoring, Community Engagement, Research",Faculty Research,"Education, Social Justice","Marginalized Populations, General Public",1270,Justice,,"Research on critical literacy, arts, social justice, marginalized populations; community engaged work; mentoring.",,"Chair, Counseling, Leadership, Literacy & Special Education (CLLSE)",Chair / Professor,Jeremiah_AI_v2_Standardized,Yes
Brandon Begarly,Lehman College,"Research Support, Grants Administration, Faculty/Student Research Development",Faculty Research,Research & Sponsored Programs,"Researchers, Students, Faculty",1279,Civic Research,,"Leads research support, grants administration and faculty/student research development — a key institutional mentor and resource for externally funded civic research.",,"Director, Office of Research & Sponsored Programs (ORSP)",Director,Jeremiah_AI_v2_Standardized,Yes
"Marie Marianetti, Ph.D.",Lehman College,"Leadership, Research Support, Archival Work, Civic-Minded History Programming",Faculty Research,History,"Students, Campus Community, Bronx Community",1277,"Public History, Community Engagement",,"Dr. Marianetti leads the History department which runs public history internships and community projects; she supports student research, archival work, and civic-minded history programming that connects campus scholarship to the Bronx.",,"Department Chair / Associate Professor, History",Chair / Professor,Jeremiah_AI_v2_Standardized,Yes
Dr. Toya Williford,Brooklyn (External),"Funding Oversight, Pilot Support, Youth-Led Initiative Facilitation",civic policy,Civic Innovation,"NYC Residents, Youth",1275,"Citywide Pilots, Civic Reform",,Oversees civic innovation funding for NYC. Could support INI’s citywide pilots and youth-led initiatives.,,The Mayor’s Fund to Advance NYC,Executive Director,Jeremiah_AI_v2_Standardized,Yes
Dr. Darren Martin,Brooklyn (External),"Funding Coordination, Program Support",Youth Leadership / Civic Philanthropy / Equity,Youth Development,"Youth, Fund Providers",1278,Civic Initiatives,,Connects funders to youth civic initiatives. Could support INI’s youth-led media and research programs.,,NYC Youth Funders Collaborative,Executive Director,Jeremiah_AI_v2_Standardized,Yes
Dr. Rashida Richardson,Brooklyn (External),"Mentorship, Co-Hosting",Mentorship / Civic Engagement,"Law, Political Science","INI Fellows, Civic Tech Equity Lab Participants",1276,Civic Tech Equity,,National expert on algorithmic bias and civic tech. Could mentor INI fellows or co-host civic tech equity labs.,,AI & Civil Rights Research,Assistant Professor of Law & Political Science,Jeremiah_AI_v2_Standardized,Yes
Dr. Arva Rice,Brooklyn (External),Program Leadership,civic policy,"Civic Equity, Youth Empowerment","General Public, Youth",1283,Justice,,Leads civic equity and youth empowerment programs. Strong alignment with INI’s mission.,,New York Urban League,President & CEO,Jeremiah_AI_v2_Standardized,Yes
"Luis Anchordoqui, Ph.D.",Lehman College,"Research Program Management, Student Supervision, Mentorship, Public Science Engagement",Faculty Research,"Physics & Astronomy, STEM","Students, Faculty, General Public",1281,"Education, Science",,"Professor Anchordoqui leads Physics & Astronomy, runs active research programs, and supervises student research and outreach — his role supports STEM mentorship and public science engagement in the college and region.",,"Professor & Chair, Physics & Astronomy",Chair / Professor,Jeremiah_AI_v2_Standardized,Yes
Dr. Aisha Nyandoro,Brooklyn (External),Research Support,Civic Engagement,Economic Justice,Low-Income Individuals,1280,Civic Research,,Leads guaranteed income pilots. Could support INI’s civic research and economic justice work.,,Springboard to Opportunities,CEO,Jeremiah_AI_v2_Standardized,Yes
Dr. Steven Choi,Brooklyn (External),Civic Advocacy,Civic Advocacy / Immigrant Justice / Policy,Immigration,Immigrant Communities,1282,Justice,,Former head of NY Immigration Coalition. Leads national civic advocacy for immigrant communities.,,One Nation,Co-Executive Director,Jeremiah_AI_v2_Standardized,Yes
Dr. Jennifer Jones Austin,Brooklyn (External),"Leadership, Policy Development",Civic Engagement,"Civic Policy, Equity","Faith-Based Organizations, Non-Profit Sector",1288,Social Justice,,Leads civic policy and equity work across NYC’s faith and nonprofit sectors. Strong alignment with INI’s mission.,,FPWA (Federation of Protestant Welfare Agencies),CEO,Jeremiah_AI_v2_Standardized,Yes
Dr. Deanna James,Staten Island(external),"Funding, Program Support",Civic Leadership & Innovation,"Civic Equity, Education",Staten Island Residents,1286,"Borough-Based Outreach, Research",,Funds civic equity and education programs in Staten Island. Could support INI’s borough-based outreach and research.,,Staten Island Foundation,President,Jeremiah_AI_v2_Standardized,Yes
 Dr. Lorie Slutsky,Brooklyn (External),"Strategic Funding, Equity Research",Civic Philanthropy / Systems Change / Equity,Civic Foundations,Non-Profit Organizations,1285,Justice,,Oversees one of NYC’s largest civic foundations. Strong partner for INI’s strategic funding and equity research.,,New York Community Trust,President,Jeremiah_AI_v2_Standardized,Yes
"Elgloria Harrison, Ph.D.",Lehman College,"Public Health Engagement, Health Equity Advocacy",Civic Engagement,"Health Sciences, Human Services, Nursing","Community Health Professionals, General Public",1284,Civic Impact,,"Her school works directly with community health, human services, nursing – fields deeply tied to civic impact; involvement in public health, health equity.",,"Dean, School of Health Sciences, Human Services and Nursing",Dean,Jeremiah_AI_v2_Standardized,Yes
Kenneth Schlesinger,Lehman College,"Mentoring, Library Leadership",Faculty Research,"Research Support, Scholarly Communications, Information Literacy, Civic Research","Students, Faculty",1287,Justice,,"
Library leadership is central to research support (data, scholarly communications) and to mentoring students/faculty in information literacy and civic research. ",,Associate Dean & Chief Librarian,Associate Dean,Jeremiah_AI_v2_Standardized,Yes
Alec Meeker,Community - NYC,"Reporting, Documentation",News Media,Hyperlocal Issues,Neighborhood Residents,1292,INI/Vngle,,"Bushwick Daily aligns with INI/Vngle by documenting hyperlocal issues in Bushwick, where neighborhood reports can guide coverage.",,Bushwick Daily,Editor,Jeremiah_AI_v2_Standardized,Yes
Martha Norrick,Community - NYC,"Data Analysis, Signal Integration",Government,Data Analytics,"City Government, Community Organizations",1290,Improving City Services,,MODA aligns with INI/Vngle by analyzing and sharing data that can incorporate community-sourced signals to improve city services.,,NYC Mayor’s Office of Data Analytics (MODA),Chief Analytics Officer,Jeremiah_AI_v2_Standardized,Yes
Afua Atta-Mensah,Community - NYC,Policy Advocacy,Advocacy,"Housing, Jobs, Public Services",Residents,1291,INI/Vngle,,"CVH aligns with INI/Vngle by turning residents’ experiences into policy wins on housing, jobs, and public services.",,Community Voices Heard (CVH),Executive Director,Jeremiah_AI_v2_Standardized,Yes
Berthold Reimers,Community - NYC,"Elevation of Borough Voices, Civic Alerts Sourcing",News Media,Community Radio,Residents,1289,INI/Vngle,,WBAI aligns with INI/Vngle as a community radio platform that can elevate borough voices and civic alerts sourced from residents.,,WBAI 99.5 FM,General Manager,Jeremiah_AI_v2_Standardized,Yes
Murad Awawdeh,Community - NYC,"Policy Influence, Community Uniting",Advocacy,Immigration,Immigrant Communities,1293,Justice,,NYIC aligns with INI/Vngle by uniting immigrant communities to influence policy with evidence from lived neighborhood experiences.,,New York Immigration Coalition (NYIC),President & CEO,Jeremiah_AI_v2_Standardized,Yes
Andrew Seligsohn,Community - NYC,"Dialogue Facilitation, Research, Data Analysis",Research/Advocacy,Public Policy,"Residents, Grassroots Organizations",1298,Civic Engagement,,"Public Agenda aligns with INI/Vngle by engaging residents in dialogue and research on civic issues, making grassroots data a crucial component for effective public problem solving.",,Public Agenda (NY Office),Executive Director,Jeremiah_AI_v2_Standardized,Yes
Susan Stamler,Community - NYC,"Coordination, Community Engagement",Advocacy,Neighborhood Development,"Residents, Settlement Houses",1294,INI/Vngle,,UNH aligns with INI/Vngle by coordinating settlement houses to respond to neighborhood challenges identified by residents.,,United Neighborhood Houses (UNH),Executive Director,Jeremiah_AI_v2_Standardized,Yes
Lauren Woodman,Community - NYC,"Mobilization, Insight Generation, Grassroots Engagement",Civic Tech,"Civic, Data Science","Grassroots Organizations, Data Scientists",1295,Equitable Outcomes,,DataKind aligns with INI/Vngle by mobilizing data scientists to turn grassroots civic inputs into actionable insights that drive equitable outcomes.,,DataKind,CEO,Jeremiah_AI_v2_Standardized,Yes
General Contact,Community - NYC,"Rapid Dissemination of Information, Community Engagement",News Media,Local News,"General Public, Real-Time Community Inputs",1297,INI/Vngle,,amNewYork aligns with INI/Vngle by rapidly disseminating local news where real-time community inputs can highlight emerging issues.,,amNewYork,Editor,Jeremiah_AI_v2_Standardized,Yes
Desmon Lewis,Community - NYC,"Investment Facilitation, Solution Shaping",Philanthropy,Community Development,Bronx Community,1296,INI/Vngle,,Bronx Community Foundation aligns with INI/Vngle by investing in Bronx-led solutions shaped by community input and evidence.,,Bronx Community Foundation,General Contact,Jeremiah_AI_v2_Standardized,Yes
Janet Haven,Community - NYC,"Research Framework Development, Community-Sourced Information Analysis",Research,"Data Science, Technology","Society, Researchers",1303,Responsible Data Use,,"Data & Society aligns with INI/Vngle by studying how data and technology affect society, providing research frameworks to responsibly use community-sourced information.",,Data & Society Research Institute,Press/General Contact,Jeremiah_AI_v2_Standardized,Yes
Maggie Greenfield,Community - NYC,"Mobilization, Community Engagement",Civic/Environment,Environmental Conservation,Residents,1302,INI/Vngle,,"Bronx River Alliance aligns with INI/Vngle by mobilizing residents to protect environmental assets, where local reports can guide interventions.",,Bronx River Alliance,Editor,Jeremiah_AI_v2_Standardized,Yes
General Contact,Community - NYC,"Report Validation, Timely News Segmentation",News Media,News,"Grassroots Organizations, General Public",1301,INI/Vngle,,NY1 aligns with INI/Vngle by providing citywide coverage that can incorporate validated grassroots reports to inform timely news segments.,,Spectrum News NY1,Assignment Desk,Jeremiah_AI_v2_Standardized,Yes
Meaghan McGoldrick,Community - NYC,Hyperlocal Coverage,News Media,Local Journalism,Residents,1300,INI/Vngle,,Brooklyn Paper aligns with INI/Vngle by delivering hyperlocal coverage informed by residents’ on-the-ground experiences and needs.,,Brooklyn Paper,Newsroom,Jeremiah_AI_v2_Standardized,Yes
Carter Strickland,Community - NYC,"Park Access Identification, Community Engagement, Green Space Creation",Advocacy,"Public Land, Urban Planning",Local Communities,1299,INI/Vngle,,TPL aligns with INI/Vngle by identifying park access gaps and co-creating green spaces with communities using local evidence.,,Trust for Public Land – NYC,New York State Director,Jeremiah_AI_v2_Standardized,Yes
Beverly Tillery,Community - NYC,"Outreach, Safety Improvement",Advocacy,Violence Prevention,"Survivors of Intimate Partner Violence, LGBTQ+ Community",1308,INI/Vngle,,"AVP aligns with INI/Vngle by responding to hate and intimate partner violence, where community-sourced incident data can improve outreach and safety.",,NYC Anti-Violence Project (AVP),Executive Director,Jeremiah_AI_v2_Standardized,Yes
Claudia Irizarry Aponte,Community - NYC,"Reporting, Community-Sourcing",News Media,Neighborhood-Level Issues,Brooklyn/Queens Residents,1306,INI/Vngle,,This reporting role aligns with INI/Vngle by centering neighborhood-level issues that benefit from real-time community-sourced information.,,THE CITY (Brooklyn/Queens beats),Senior Reporter,Jeremiah_AI_v2_Standardized,Yes
Nyah Berg,Community - NYC,"Empowerment, Advocacy",Youth Advocacy,"Education, Equity",Students,1305,"Integration, Equity",,IntegrateNYC aligns with INI/Vngle by empowering students to use evidence to advance school integration and equity.,,IntegrateNYC,Executive Director,Jeremiah_AI_v2_Standardized,Yes
C. Zawadi Morris,Community - NYC,"Equitable Coverage, Community Action",News Media,Local Insights,"Central Brooklyn, East Brooklyn",1307,INI/Vngle,,"BK Reader aligns with INI/Vngle by focusing on Central and East Brooklyn, where verified local insights can inform equitable coverage and community action.",,BK Reader,Founder & Publisher,Jeremiah_AI_v2_Standardized,Yes
Jonathan Westin,Community - NYC,"Organizing, Community Engagement",Advocacy,"Housing, Climate",Working-Class New Yorkers,1304,INI/Vngle,,NYCC aligns with INI/Vngle by organizing working-class New Yorkers on housing and climate issues informed by community evidence.,,New York Communities for Change (NYCC),Executive Director,Jeremiah_AI_v2_Standardized,Yes
General Contact,Community - NYC,"Incubation, Scaling",Civic Tech,"Civic Tech, Social Innovation",Grassroots Data Initiatives,1310,INI/Vngle,,"Civic Hall aligns with INI/Vngle by serving as a collaborative hub for civic tech and social innovation, where grassroots data initiatives can be incubated and scaled.",,Civic Hall,Director,Jeremiah_AI_v2_Standardized,Yes
Jennifer Ching,Community - NYC,Funding,Philanthropy,"Grassroots Groups, Community-Defined Needs",Grassroots Organizations,1312,INI/Vngle,,North Star Fund aligns with INI/Vngle by funding grassroots groups based on community-defined needs highlighted by real-time data.,,North Star Fund,Executive Director,Jeremiah_AI_v2_Standardized,Yes
Karla Bradley,Community - NYC,"Coordination, Outreach",Civic Engagement,Civic Engagement,"Underserved Neighborhoods, Community Groups",1309,INI/Vngle,,"NYCET aligns with INI/Vngle by coordinating civic groups to increase participation, where community data can target outreach to underserved neighborhoods.",,NY Civic Engagement Table (NYCET),Executive Director,Jeremiah_AI_v2_Standardized,Yes
Jo-Ann Yoo,Community - NYC,"Program Development, Advocacy",Advocacy,"Asian American, Community Development","Asian American Pacific Islander (AAPI) Neighborhoods, General Public",1314,INI/Vngle,,AAF aligns with INI/Vngle by addressing community needs across AAPI neighborhoods with data-driven programs and advocacy.,,Asian American Federation (AAF),Executive Director,Jeremiah_AI_v2_Standardized,Yes
Jessica Haller,Community - NYC,"Leadership Development, Grassroots Data Analysis",Civic Leadership,Community Development,"Women, Grassroots Organizations",1311,INI/Vngle,,Amplify Her aligns with INI/Vngle by preparing women leaders who can act on community concerns surfaced by grassroots data.,,Amplify Her,Co-Founder,Jeremiah_AI_v2_Standardized,Yes
Jacob Kaye,Community - NYC,"Reporting, Insight Generation",News Media,Civic Matters,"General Public, Local Community",1313,INI/Vngle,,"Queens Daily Eagle aligns with INI/Vngle by reporting on Queens courts and civic matters that benefit from local, real-time insights.",,Queens Daily Eagle,Newsroom,Jeremiah_AI_v2_Standardized,Yes
News Desk,Community - NYC,"Reporting Guidance, Public Service Information",News Media,Local Data,Bronx Communities,1318,INI/Vngle,,Bronx Times aligns with INI/Vngle by covering Bronx communities where verified local data can guide reporting and public service information.,,Bronx Times,News Desk,Jeremiah_AI_v2_Standardized,Yes
General Contact,Community - NYC,"Sharing, Verification",News Media,"Neighborhood News, Civic Reports","General Public, Neighbors",1316,INI/Vngle,,Patch NYC aligns with INI/Vngle by sharing neighborhood news and alerts that can be informed by verified civic reports.,,Patch NYC (All Boroughs),Tips,Jeremiah_AI_v2_Standardized,Yes
Amy Zimmer,Community - NYC,"On-Ground Reporting, Community Data Analysis",News Media,Public Education,"Schools, Youth",1319,INI/Vngle,,"Chalkbeat NY aligns with INI/Vngle by covering public education through on-the-ground perspectives, where real-time community data can highlight urgent school and youth issues.",,Chalkbeat New York,Bureau Chief,Jeremiah_AI_v2_Standardized,Yes
General Contact,Community - NYC,"Real-Time Journalism, Verified Local Insights",News Media,Community-Centered Journalism,Brooklyn Community,1315,INI/Vngle,,"BRIC TV aligns with INI/Vngle by producing community-centered journalism in Brooklyn that can immediately leverage real-time, verified local insights.",,BRIC TV,Newsroom,Jeremiah_AI_v2_Standardized,Yes
Noel Hidalgo,Community - NYC,"Pathway Creation, Information Publication, Analysis",Civic Tech,"Open Data, Civic Technology","Public, Community-Verified Civic Information",1317,INI/Vngle,,"BetaNYC aligns with INI/Vngle by advancing open data and civic technology, offering a pathway to publish and analyze community-verified civic information for public benefit.",,BetaNYC,Executive Director,Jeremiah_AI_v2_Standardized,Yes
General Contact,Community - NYC,"Infrastructure Development, Data Publishing",Civic Tech,Open Data,"Public Sector Agencies, Community Groups",1322,INI/Vngle,,"NYC Open Data aligns with INI/Vngle by offering infrastructure to publish live, community-generated datasets for public use and agency action.",,NYC Open Data (OTI/MODA),Program Team,Jeremiah_AI_v2_Standardized,Yes
Michael Max Knobbe,Community - NYC,"Data Broadcasting, Community Verification",News Media,Civic Data,Residents,1321,INI/Vngle,,BronxNet aligns with INI/Vngle as a public access outlet that can broadcast community-verified civic data to inform residents and mobilize solutions.,,BronxNet Community Television,Executive Director,Jeremiah_AI_v2_Standardized,Yes
General Contact,Community - NYC,Programming Development,Public Library,Civic Programming,"Neighborhoods, Community Members",1320,Access to Information,,BPL aligns with INI/Vngle by offering civic programming that can target neighborhoods where community data shows gaps in access or information.,,Libraries: Brooklyn Public Library Outreach,Director,Jeremiah_AI_v2_Standardized,Yes
Elizabeth Crews,Community - NYC,"Empowerment, Grassroots Insights Generation, Evaluating Ideas",Civic Engagement,Participatory Budgeting,Residents,1324,INI/Vngle,,"PBP aligns with INI/Vngle by empowering residents to propose and vote on local projects, where grassroots insights can generate and evaluate PB ideas.",,Participatory Budgeting Project (PBP),Acting Executive Director,Jeremiah_AI_v2_Standardized,Yes
Mazin Sidahmed,Community - NYC,"Reporting, Storytelling",News Media,Immigration,"Immigrant Communities, Grassroots Organizations",1323,Civic Insights,,"Documented aligns with INI/Vngle by reporting with and for immigrant communities, providing a powerful channel for grassroots stories and neighborhood-level civic insights.",,Documented,Co-Founder & Editor,Jeremiah_AI_v2_Standardized,Yes
Dave Giffen,Community - NYC,"Documentation, Advocacy",Advocacy,Homelessness,People Experiencing Homelessness,1327,City Government,,Coalition for the Homeless aligns with INI/Vngle by documenting shelter and street conditions and advocating for responsive city action.,,Coalition for the Homeless,Executive Director,Jeremiah_AI_v2_Standardized,Yes
General Contact,Community - NYC,"Coverage, Acceleration of Responsiveness",News Media,Civic Issues,"Neighborhoods, General Public",1325,INI/Vngle,,SILive aligns with INI/Vngle by covering Staten Island civic issues where neighborhood input can accelerate responsiveness.,,Staten Island Advance / SILive,Editor,Jeremiah_AI_v2_Standardized,Yes
General Contact,Community - NYC,"Voter Education, Outreach, Targeted Mobilization",Advocacy,Civic Engagement,Voters,1326,INI/Vngle,,"The League of Women Voters NYC aligns with INI/Vngle by educating and mobilizing voters, with real-time civic insights helping to target outreach and voter education efforts.",,League of Women Voters of the City of New York,Director,Jeremiah_AI_v2_Standardized,Yes
Alyssa Aguilera,Community - NYC,"Community Data Analysis, Vocal Advocacy",Advocacy,"Homelessness, Drug Use, Incarceration","New Yorkers Impacted by Homelessness, Drug Use, and Incarceration",1329,INI/Vngle,,"VOCAL-NY aligns with INI/Vngle by elevating the voices of New Yorkers impacted by homelessness, drug use, and incarceration with real-time community data.",,VOCAL-NY,Co-Executive Director,Jeremiah_AI_v2_Standardized,Yes
Renae Reynolds,Community - NYC,"Advancing Transit Equity, Safer Streets",Advocacy,Transportation,General Public,1328,INI/Vngle,,TSTC aligns with INI/Vngle by advancing transit equity and safer streets using data and community evidence.,,Tri-State Transportation Campaign,Executive Director,Jeremiah_AI_v2_Standardized,Yes
Barika Williams,Community - NYC,"Data Analysis, Advocacy",Research/Advocacy,"Neighborhood Development, Housing Justice","Low-Income Communities, Communities of Color",1330,"Equitable Development, Social Justice",,ANHD aligns with INI/Vngle by using neighborhood data to fight for housing justice and equitable development across NYC.,,ANHD (Assoc. for Neighborhood & Housing Development),Executive Director,Jeremiah_AI_v2_Standardized,Yes
Antonio Reynoso,Community - NYC,"Prioritization, Initiative Coordination",Government,"Government, Community Development","Neighborhoods, Communities",1331,INI/Vngle,,The Brooklyn Borough President’s Office aligns with INI/Vngle by using neighborhood-level input to prioritize capital projects and community initiatives.,,Brooklyn Borough President’s Office,Borough President,Jeremiah_AI_v2_Standardized,Yes
General Contact,Community - NYC,"Reporting, Accountability",News Media,"Local Governance, Courts",Community,1332,INI/Vngle,,Brooklyn Eagle aligns with INI/Vngle by reporting on local governance and courts where community data can prompt accountability.,,Brooklyn Eagle,Editor,Jeremiah_AI_v2_Standardized,Yes
Tom Allon,Community - NYC,"Community-Sourced Data Analysis, Accountability Reporting",News Media,"Policy Discourse, Neighborhood Realities","General Public, Communities",1333,INI/Vngle,,"City & State aligns with INI/Vngle by connecting policy discourse with neighborhood realities, where community-sourced data can shape accountability reporting.",,City & State New York,President,Jeremiah_AI_v2_Standardized,Yes
Fred Kreizman,Community - NYC,"Civic Reporting, Community Engagement",Government,Government,"Communities, Local Residents",1334,INI/Vngle,,The CAU aligns with INI/Vngle by connecting City Hall to communities and acting on local issues identified through civic reporting.,,NYC Mayor’s Community Affairs Unit (CAU),Commissioner,Jeremiah_AI_v2_Standardized,Yes
Susan Lerner,Community - NYC,"Data Analysis, Voter Suppression Identification",Advocacy,"Democracy, Government Accountability","Grassroots Organizations, Voters",1336,Civic Engagement,,"Common Cause New York aligns with INI/Vngle by strengthening democracy and government accountability, where grassroots civic data can spotlight areas of concern and voter suppression.",,Common Cause New York,Executive Director,Jeremiah_AI_v2_Standardized,Yes
Sideya Sherman,Community - NYC,"Addressing Disparities, Ensuring Equitable Delivery",Government,Equity,Residents,1335,INI/Vngle,,The Office of Equity aligns with INI/Vngle by addressing disparities identified by residents and ensuring equitable delivery of city services.,,NYC Mayor’s Office of Equity,Commissioner,Jeremiah_AI_v2_Standardized,Yes
Yoav Gonen,Community - NYC,"Investigation, Accountability",News Media,Education,"Schools, Youth",1338,Grassroots Insights,,This education beat aligns with INI/Vngle by investigating school and youth issues where verified grassroots insights can drive accountability.,,THE CITY (Education),Senior Reporter,Jeremiah_AI_v2_Standardized,Yes
Theo Oshiro,Community - NYC,"Organizing, Policy Advocacy",Advocacy,Neighborhood Development,Neighborhood Residents,1337,Collective Action,,Make the Road aligns with INI/Vngle by turning neighborhood challenges into collective action through organizing and policy advocacy.,,Make the Road New York,Co-Executive Director,Jeremiah_AI_v2_Standardized,Yes
Lisette Nieves,Community - NYC,"Incubation, Partnership Development, Community Insights Application",Civic Tech,"Civic Innovations, Public Services, Policy","Communities, General Public",1339,INI/Vngle,,FCNY aligns with INI/Vngle by incubating civic innovations and partnerships that turn community insights into improved public services and policy.,,Fund for the City of New York (FCNY),President,Jeremiah_AI_v2_Standardized,Yes
Sarah Sayeed,Community - NYC,"Participatory Budgeting Facilitation, Civic Education",Government,Civic Engagement,Community Members,1340,INI/Vngle,,The CEC aligns with INI/Vngle by facilitating participatory budgeting and civic education that directly benefits from community-defined priorities.,,NYC Civic Engagement Commission,Chair & Executive Director,Jeremiah_AI_v2_Standardized,Yes
Audrey Cooper,Community - NYC,Data Incorporation,News Media,Community-Driven Reporting,New Yorkers,1341,Civic Data,,WNYC/Gothamist aligns with INI/Vngle because it reaches New Yorkers across all boroughs with community-driven reporting that can directly incorporate verified grassroots civic data.,,WNYC & Gothamist,Editor-in-Chief,Jeremiah_AI_v2_Standardized,Yes
Chelsea Mauldin,Community - NYC,Redesign of Public Services,Civic Design,Public Policy,People Who Use Public Services,1342,INI/Vngle,,Public Policy Lab aligns with INI/Vngle by redesigning public services based on continuous feedback from the people who use them.,,Public Policy Lab,Executive Director,Jeremiah_AI_v2_Standardized,Yes
Christopher Robbins,Community - NYC,Editorial Team Leadership,News Media,Community Journalism,"General Public, Local Community",1345,INI/Vngle,,Hell Gate’s editorial team aligns with INI/Vngle by using community perspectives to shape coverage with borough specificity.,,Hell Gate,Editor,Jeremiah_AI_v2_Standardized,Yes
Garry Pierre-Pierre,Community - NYC,"Reporting, Data Analysis",News Media,"Community Journalism, Neighborhood Data","Haitian Communities, NYC Neighborhoods",1344,"Civic Needs, Successes",,"The Haitian Times aligns with INI/Vngle by reporting on Haitian communities across NYC, where verified neighborhood data can surface urgent civic needs and successes.",,The Haitian Times,Newsroom,Jeremiah_AI_v2_Standardized,Yes
Danny Tisdale,Community - NYC,"Advocacy, Service Coordination",News Media,Community Insights,"General Public, Uptown Community",1346,INI/Vngle,,Harlem World aligns with INI/Vngle by covering uptown issues where community insights can inform advocacy and services.,,Harlem World Magazine,Editor,Jeremiah_AI_v2_Standardized,Yes
Joo-Hyun Kang,Community - NYC,"Community Testimony Aggregation, Accountability Advocacy",Advocacy,Police Reform,Communities Affected by Police Violence,1343,Justice,,CPR aligns with INI/Vngle by aggregating community testimony to drive police accountability and safer communities.,,Communities United for Police Reform (CPR),Director,Jeremiah_AI_v2_Standardized,Yes
General Contact,Community - NYC,"News Analysis, Data Connection",News Media,"Policy, Local Government","Local Residents, Grassroots Organizations",1351,INI/Vngle,,City & State newsletters align with INI/Vngle by connecting policy news to local impacts that can be evidenced by grassroots data.,,City & State NY First Read (Newsletter),Editor,Jeremiah_AI_v2_Standardized,Yes
Daniel J. Leone,Community - NYC,Civic Information Distribution,News Media,Public Television,Queens Residents,1350,INI/Vngle,,QPTV aligns with INI/Vngle by providing borough-wide access television that can distribute civic information sourced directly from Queens residents.,,Queens Public Television (QPTV),President & CEO,Jeremiah_AI_v2_Standardized,Yes
Mark Levine,Community - NYC,"Grassroots Civic Reporting, Constituent Concerns Validation",Government,Civic Reporting,Constituents,1347,INI/Vngle,,The Manhattan Borough President’s Office aligns with INI/Vngle by acting on constituent concerns that can be identified and validated through grassroots civic reporting.,,Manhattan Borough President’s Office,Borough President,Jeremiah_AI_v2_Standardized,Yes
Christian Murray,Community - NYC,"Reporting, Contextualizing",News Media,"Neighborhood Development, Civic Issues",Residents,1349,INI/Vngle,,Queens/LIC Post aligns with INI/Vngle by highlighting neighborhood development and civic issues where resident reports add context.,,Queens Post / LIC Post,Editor,Jeremiah_AI_v2_Standardized,Yes
Liena Zagare,Community - NYC,Story Elevation,News Media,Community Journalism,"Brooklyn Neighborhoods, General Public",1348,INI/Vngle,,Bklyner aligns with INI/Vngle by historically covering Brooklyn neighborhoods; its indie updates can still elevate community-sourced stories.,,Bklyner (archive/indie updates),Editor,Jeremiah_AI_v2_Standardized,Yes
Christopher Robbins,Community - NYC,"Grassroots Intelligence Gathering, Timely Reporting",News Media,"Neighborhood-Level Reporting, Investigations","Local Neighborhoods, City-Wide",1356,INI/Vngle,,Hell Gate aligns with INI/Vngle because it publishes neighborhood-level reporting and investigations that benefit from timely grassroots intelligence across the city.,,Hell Gate,Co-Founder,Jeremiah_AI_v2_Standardized,Yes
Sara Lind,Community - NYC,"Tool Building, Coalition Building",Civic Tech,"Urban Planning, Neighborhood Development","General Public, Neighborhoods",1355,"People-First Streets, Equity",,"OpenPlans aligns with INI/Vngle by building tools and coalitions for people-first streets, where neighborhood data can guide safer, more equitable public spaces.",,OpenPlans,Co-Executive Director,Jeremiah_AI_v2_Standardized,Yes
General Contact,Community - NYC,"Documenting, Addressing Inequities",Youth Advocacy,Education,Youth,1352,INI/Vngle,,Teens Take Charge aligns with INI/Vngle by enabling youth to document and address educational inequities in their communities.,,Teens Take Charge,General Contact,Jeremiah_AI_v2_Standardized,Yes
Ben Max,Community - NYC,"Policy-Focused Reporting, Accountability",News Media,Community Development,"Neighborhoods, General Public",1353,INI/Vngle,,"Gotham Gazette aligns with INI/Vngle by translating community concerns into policy-focused reporting, ensuring neighborhood realities inform citywide debates and accountability.",,Gotham Gazette,Executive Editor,Jeremiah_AI_v2_Standardized,Yes
Vito Fossella,Community - NYC,"Community Engagement, Agency Coordination",Government,Government,Staten Island Community,1354,INI/Vngle,,The Staten Island Borough President’s Office aligns with INI/Vngle by responding to community concerns and coordinating agencies across the borough.,,Staten Island Borough President’s Office,Borough President,Jeremiah_AI_v2_Standardized,Yes
Kristen Lewis,Community - NYC,"Data Translation, Insight Generation",Research,"Local Well-being, Grassroots Indicators","Grassroots Organizations, Local Communities",1361,INI/Vngle,,Measure of America aligns with INI/Vngle by translating local well-being data into maps and insights that can incorporate grassroots indicators.,,Measure of America (SSRC),Co-Director,Jeremiah_AI_v2_Standardized,Yes
Jilly Stephens,Community - NYC,Resource Direction,Civic/Services,Food Security,Community Partnerships,1359,INI/Vngle,,City Harvest aligns with INI/Vngle by addressing food insecurity across boroughs using community signals to direct resources.,,City Harvest (Community Partnerships),Director,Jeremiah_AI_v2_Standardized,Yes
Andrea Miller,Community - NYC,"Advocacy, Policy Solutions",Advocacy,"Reproductive Health, Health Equity","Neighborhoods, General Public",1362,INI/Vngle,,"NIRH aligns with INI/Vngle by advocating for reproductive rights and health equity, using neighborhood-level data to highlight disparities and inform policy solutions.",,National Institute for Reproductive Health (NYC),Director,Jeremiah_AI_v2_Standardized,Yes
Jasmine Gripper,Community - NYC,"Advocacy, Reform Engagement",Advocacy,Education,"NYC Families, General Public",1358,Justice,,AQE aligns with INI/Vngle by advocating for education funding and reforms guided by the lived experiences of NYC families.,,Alliance for Quality Education (AQE),Executive Director,Jeremiah_AI_v2_Standardized,Yes
Dennis M. Walcott,Community - NYC,"Connecting Residents to Services, Data-Informed Outreach",Public Library,Government & Community Affairs,Residents,1357,INI/Vngle,,QPL aligns with INI/Vngle by connecting residents to services; grassroots data can inform branch-level outreach.,,Libraries: Queens Public Library – Government & Community Affairs,Director,Jeremiah_AI_v2_Standardized,Yes
John Tarleton,Community - NYC,"Amplification, Storytelling",News Media,"Community Issues, Civic Journalism","Residents, Underreported Communities",1360,INI/Vngle,,The Indypendent aligns with INI/Vngle by amplifying underreported community issues and providing a platform for civic stories sourced directly from residents.,,The Indypendent,Editor,Jeremiah_AI_v2_Standardized,Yes
General Contact,Community - NYC,"Reporting, Data Analysis",News Media,Local News,"Queens Neighborhoods, Grassroots Organizations",1363,INI/Vngle,,Times Ledger aligns with INI/Vngle by covering Queens neighborhoods where grassroots data can steer reporting to overlooked concerns.,,Times Ledger (Queens),Editor,Jeremiah_AI_v2_Standardized,Yes
Tom Wright,Community - NYC,"Long-term Regional Planning, Real-time Community Insights Integration",Research,"Transportation, Housing, Climate Resilience",Regional Stakeholders,1365,INI/Vngle,,"RPA aligns with INI/Vngle by integrating real-time community insights into long-term regional planning for transportation, housing, and climate resilience.",,Regional Plan Association (RPA),President & CEO,Jeremiah_AI_v2_Standardized,Yes
John Kaehny,Community - NYC,"Open Government Advocacy, Civic Data Accessibility",Civic Tech,"Government, Transparency","Watchdog Organizations, Reform Advocates",1364,INI/Vngle,,"Reinvent Albany aligns with INI/Vngle by championing open government and transparency, making civic data accessible for watchdogging and reform.",,Reinvent Albany,Executive Director,Jeremiah_AI_v2_Standardized,Yes
Jocelynne Rainey,Community - NYC,"Resource Direction, Priority Setting",Philanthropy,Community Development,"Brooklyn Neighborhoods, Residents",1368,INI/Vngle,,Brooklyn Community Foundation aligns with INI/Vngle by directing resources to Brooklyn neighborhoods in response to resident-identified priorities.,,Brooklyn Community Foundation,General Contact,Jeremiah_AI_v2_Standardized,Yes
Cea Weaver,Community - NYC,"Storytelling, Data Analysis, Policy Advocacy",Advocacy,Housing,"Tenants, Renter Advocates",1369,INI/Vngle,,Housing Justice for All aligns with INI/Vngle by using tenant stories and data to push for stronger renter protections and equitable housing policy.,,Housing Justice for All,Campaign Coordinator,Jeremiah_AI_v2_Standardized,Yes
Scott Millstein,Community - NYC,"Training, Data Analysis, Program Design, Policy Development",Civic Engagement,Civic Leadership,"Grassroots Organizations, Community Leaders",1367,INI/Vngle,,Coro aligns with INI/Vngle by training civic leaders who can leverage grassroots data to design responsive programs and policies.,,Coro New York Leadership Center,Executive Director,Jeremiah_AI_v2_Standardized,Yes
Stefaan Verhulst,Community - NYC,"Research, Innovation Deployment",Civic Tech,Government Innovation,"Verified Community Members, Governance Stakeholders",1366,People-Led Governance,,"The GovLab aligns with INI/Vngle by researching and deploying people-led innovation, where verified community inputs directly shape governance solutions.",,The GovLab (NYU),Co-Founder & Chief Researcher,Jeremiah_AI_v2_Standardized,Yes
Donovan Richards,Community - NYC,"Service Coordination, Investment Management",Government,"Government, Community Development",Constituents,1374,INI/Vngle,,The Queens Borough President’s Office aligns with INI/Vngle by leveraging constituent data to coordinate borough services and investments.,,Queens Borough President’s Office,Borough President,Jeremiah_AI_v2_Standardized,Yes
Vanessa L. Gibson,Community - NYC,"Resource Direction, Community Needs Assessment",Government,Neighborhood Issues,Communities in Need,1373,INI/Vngle,,The Bronx Borough President’s Office aligns with INI/Vngle by elevating neighborhood issues and directing resources to urgent community needs.,,Bronx Borough President’s Office,Borough President,Jeremiah_AI_v2_Standardized,Yes
Anthony W. Marx,Community - NYC,"Programming Alignment, Resource Coordination",Public Library,Community Outreach,"Manhattan, Bronx, Staten Island",1371,INI/Vngle,,"NYPL aligns with INI/Vngle by aligning programming and resources with real-time community needs across Manhattan, Bronx, and Staten Island.",,Libraries: NYPL Community Outreach,Director,Jeremiah_AI_v2_Standardized,Yes
General Contact,Community - NYC,Reporting,News Media,Civic Issues,Northwest Bronx Neighborhoods,1372,INI/Vngle,,The Riverdale Press aligns with INI/Vngle by reporting on Northwest Bronx civic issues illuminated by neighborhood perspectives.,,The Riverdale Press,Editor,Jeremiah_AI_v2_Standardized,Yes
Gersh Kuntzman,Community - NYC,"Advocacy, Data Analysis",News Media,"Transportation, Urban Planning",General Public,1370,"Safety, Equity",,"Streetsblog aligns with INI/Vngle by using granular, street-level data to advocate for safer streets, transit equity, and rapid city responses to hazards.",,Streetsblog NYC,Editor,Jeremiah_AI_v2_Standardized,Yes
Nicholas Dawes,Community - NYC,"Strengthening Civic Engagement, Delivering In-Depth Reporting, Elevating Community Voices",News Media,"Civic Engagement, Journalism","Local Communities, Community Leaders",1380,INI/Vngle,,"This program aligns with INI/Vngle because it is a nonprofit newsroom that strengthens civic engagement by delivering in-depth, borough-level reporting and elevating community voices in local decision-making.",,THE CITY,Executive Director,Jeremiah_AI_v2_Standardized,Yes
General Contact,Community - NYC,"Coordination, Data Utilization",Mutual Aid,Community Development,Neighborhoods,1379,INI/Vngle,,Mutual Aid NYC aligns with INI/Vngle by coordinating neighborhood support networks that can benefit from real-time community needs data.,,NYC Mutual Aid (borough networks),Coordinator,Jeremiah_AI_v2_Standardized,Yes
Peter C. Mastrosimone,Community - NYC,"Spotlighting, Real-Time Community Insights",News Media,"Neighborhood Issues, Public Meetings","General Public, Community Members",1378,INI/Vngle,,"Queens Chronicle aligns with INI/Vngle by spotlighting neighborhood issues and public meetings, benefiting from real-time community insights.",,Queens Chronicle,Editor-in-Chief,Jeremiah_AI_v2_Standardized,Yes
Danny Harris,Community - NYC,"Mobilization, Community Engagement",Advocacy,Transportation,"Residents, Neighborhoods",1377,Safety,,"Transportation Alternatives aligns with INI/Vngle by mobilizing residents to fix dangerous streets, guided by neighborhood reports and crash data.",,Transportation Alternatives,Executive Director,Jeremiah_AI_v2_Standardized,Yes
Síle Moloney,Community - NYC,"Reporting, Grassroots Engagement",News Media,Local Journalism,Bronx Neighborhoods,1375,Community-Centered Reporting,,"Norwood News aligns with INI/Vngle by centering Bronx neighborhood issues that can be illuminated through continuous, grassroots reporting streams.",,Norwood News,Editor-in-Chief,Jeremiah_AI_v2_Standardized,Yes
Gary Pierre-Pierre,Community - NYC,"Investigation, Accountability",News Media,"Housing, Development, Governance",New Yorkers,1376,INI/Vngle,,"City Limits aligns with INI/Vngle because it investigates housing, development, and governance issues that directly affect New Yorkers, making use of grassroots perspectives to drive accountability.",,City Limits,Executive Director,Jeremiah_AI_v2_Standardized,Yes
Eddie Bautista,Community - NYC,"Organizing, Grassroots Reporting",Advocacy,"Environmental Justice, Climate Justice",Frontline Communities,1383,Justice,,"NYC-EJA aligns with INI/Vngle by organizing frontline communities around climate and environmental justice, where grassroots reports can highlight pollution and resiliency challenges.",,NYC Environmental Justice Alliance,Executive Director,Jeremiah_AI_v2_Standardized,Yes
Liz Clay Roy,Community - NYC,"Problem Identification, Community Engagement, Action Planning",Civic Engagement,Education,Students,1384,Civic Reform,,Generation Citizen aligns with INI/Vngle by equipping students to identify local problems and take action using real community evidence.,,Generation Citizen (NYC),CEO,Jeremiah_AI_v2_Standardized,Yes
Sarah Ludwig,Community - NYC,"Civic Insights Generation, Systemic Barrier Identification",Advocacy,"Economic Justice, Financial Equity","Grassroots Organizations, Vulnerable Populations",1381,Justice,,"New Economy Project aligns with INI/Vngle by addressing economic justice and financial equity, where grassroots civic insights can help spotlight predatory practices and systemic barriers.",,New Economy Project,Executive Director,Jeremiah_AI_v2_Standardized,Yes
General Contact,Community - NYC,Documentation,News Media,"Local Culture, Civic Conversations",Residents,1385,INI/Vngle,,Brooklyn Magazine aligns with INI/Vngle by documenting local culture and civic conversations shaped by residents’ experiences.,,Bk Magazine / Brooklyn Magazine,Editor,Jeremiah_AI_v2_Standardized,Yes
Eddie Cuesta,Community - NYC,"Empowerment, Outreach",Civic Engagement,Civic Participation,"Dominican Communities, Neighborhoods",1382,INI/Vngle,,"Dominicanos USA aligns with INI/Vngle by empowering Dominican communities through civic participation, where neighborhood insights guide outreach.",,Dominicanos USA,Executive Director,Jeremiah_AI_v2_Standardized,Yes
Adrienne Lever,Community - NYC,"Targeted Outreach, Neighborhood-Level Needs Assessment",Government,Public Engagement,Neighborhoods,1388,INI/Vngle,,The PEU aligns with INI/Vngle by deploying targeted outreach informed by neighborhood-level needs identified in real time.,,NYC Public Engagement Unit (PEU),Director,Jeremiah_AI_v2_Standardized,Yes
S. Mitra Kalita,Community - NYC,"Data Analysis, Outreach",News Media,"Local News, Community Services","Immigrant Communities, Working-Class Communities, Neighbors",1386,INI/Vngle,,"Epicenter-NYC aligns with INI/Vngle by connecting neighbors to local news and services, where grassroots data can sharpen outreach to immigrant and working-class communities.",,Epicenter-NYC,Publisher,Jeremiah_AI_v2_Standardized,Yes
Tarry Hum,Queens College,"Advocacy, Civic Justice",Faculty Research,Immigrant Rights,"Student Immigrant Community, General Public",1390,"Equity, Justice",,Advises student immigrant rights org advocating for equity & civic justice.,,Faculty Advisor,Staff,Jeremiah_AI_v2_Standardized,Yes
Dan Coughlin,Community - NYC,"Training, Airing",News Media,Community Media,Community Producers,1387,Civic Insights,,MNN aligns with INI/Vngle by training and airing community producers whose work can incorporate verified grassroots civic insights across Manhattan.,,Manhattan Neighborhood Network (MNN),President & CEO,Jeremiah_AI_v2_Standardized,Yes
Martin Horn,John Jay College,"Civic Reform Engagement, Service Coordination",Faculty Research,Criminal Justice,"Justice-Impacted Individuals, Students",1389,Civic Reform,,"Former NYC Corrections leader, connects students to civic reform and service.",civic reform and service,"Distinguished Lecturer, Criminal Justice",Staff,Jeremiah_AI_v2_Standardized,Yes
Mona Dwedar,Baruch College,Support,Student Opportunity,Education,Students,1392,,,,,Academic Student Support Program Specialist (CUNY 2x Tech Program),Staff,Jeremiah_AI_v2_Standardized,Yes
Jay Weiser,Queens College,"Civic Governance, Leadership",Faculty Research,"Business, Public Policy","Students, Professionals",1395,Governance,,Ties business education with civic governance and leadership.,,"Faculty, Business & Public Policy",Staff,Jeremiah_AI_v2_Standardized,Yes
Maria Leonor Cadena,LaGuardia CC,"Mentoring, Civic Empowerment",Faculty Research,STEM,Students,1393,Equity,,"Encourages STEM equity, mentoring, and civic empowerment.",,Faculty Advisor,Staff,Jeremiah_AI_v2_Standardized,Yes
Daniel Pinello,John Jay College,Justice Studies Engagement,Faculty Research,"Law, Rights, Civic Policy",Students,1391,Justice,,"Specializes in law, rights, and civic policy - connects students to justice studies.",,Political Science Faculty,Staff,Jeremiah_AI_v2_Standardized,Yes
Nzinga Ajani,,Outreach,Faculty Research,Public Health,General Public,1396,Equity,,"Aligns well with INI public health, equity, and outreach mission.",,Staff contact of public health program ,Staff,Jeremiah_AI_v2_Standardized,Yes
Margaret Beale,York College,"Mentoring, Outreach",Faculty Research,Health,Student Nurses,1397,,,Leads student nurses in civic health outreach and mentoring programs.,,Faculty Advisor,Staff,Jeremiah_AI_v2_Standardized,Yes
David Shapiro,John Jay College,"Service Learning, Policy Reform",Faculty Research,"Economics, Community Development","Students, General Public",1402,Civic Service,,Links economics to civic service learning and policy reform.,,"Faculty, Economics/Community Development",Staff,Jeremiah_AI_v2_Standardized,Yes
Elizabeth Lowe,Queens College,"Multicultural Engagement, Language Connection",Faculty Research,"Translation Studies, Civic Communication",General Public,1401,Civic,,"Connects language, civic communication, and multicultural engagement.",,"Director, Center for Translation Studies ",Staff,Jeremiah_AI_v2_Standardized,Yes
Elizabeth Nunez,Hunter College,Civic Engagement Through Storytelling,Faculty Research,"English, Immigrant & Multicultural Narratives","Multicultural Individuals, General Public",1399,,,"Works on immigrant and multicultural narratives, civic engagement through storytelling.",storytelling-based civic narratives,"Distinguished Professor, English",Staff,Jeremiah_AI_v2_Standardized,Yes
James Lowry,LaGuardia CC,"Project Management, Student Engagement",Faculty Research,Civic History,"Students, Faculty",1398,,,Runs archival civic history projects with students.,,"Faculty, Archives & Civic History",Staff,Jeremiah_AI_v2_Standardized,Yes
Vivian Louie ,Hunter College,"Community-Engaged Research, Programming",Faculty Research,"Asian American Studies, Immigrant Justice","Asian American Community, Immigrant Communities",1400,Justice,,runs community-engaged research and immigrant justice programming.  ,,"Director, Asian American Studies Center & Program",Staff,Jeremiah_AI_v2_Standardized,Yes
Andrew Polsky,Hunter College,Research Alignment,Faculty Research,"Civic Governance, Democracy Studies",Academic Community,1407,INI,,"Works on civic governance and democracy studies, strong INI research alignment.",,Professor of Political Science,Staff,Jeremiah_AI_v2_Standardized,Yes
William Herbert,Hunter College,Civic Policy Program Development,Faculty Research,"Labor, Equity, Justice",Higher Education Professionals,1403,Social Justice,,"Runs civic policy programs around labor, equity, and justice.",,"Executive Director, National Center for the Study of Collective Bargaining in Higher Ed.",Staff,Jeremiah_AI_v2_Standardized,Yes
Ruth Wilson Gilmore,John Jay College,"Civic Work Engagement, Student Connection",Faculty Research,"Prison Abolition, Social Justice","Students, Justice-Impacted Individuals",1405,Justice,,Globally known scholar-activist connecting students to justice-centered civic work.,,Scholar of Prison Abolition & Social Justice,Staff,Jeremiah_AI_v2_Standardized,Yes
Mark Christian,York College,Focus on Civic Identity,Faculty Research,"Civic Identity, Race, Justice",General Public,1408,Equity,,"Focuses on civic identity, race, and justice, aligns with INI equity mission.",,"Chair, Social & Behavioral Sciences",Staff,Jeremiah_AI_v2_Standardized,Yes
George White Jr.,York College,Civic Programming Leadership,Faculty Research,"Intercultural Engagement, Race & Identity",General Public,1404,Leadership,,"Leads civic programming on race, identity, and leadership.",,"Director, Center for Intercultural Engagement",Staff,Jeremiah_AI_v2_Standardized,Yes
Maria Hupfield,LaGuardia CC,Civic Advocacy,Faculty Research,Indigenous Studies,Students,1409,Civic,,Leads Indigenous civic advocacy initiatives with students.,,Indigenous Studies Faculty,Staff,Jeremiah_AI_v2_Standardized,Yes
Andrea Kleiman,LaGuardia CC,"Civic Engagement, Service Coordination",Faculty Research,Social Science,"Students, Community",1412,Civic Engagement,,Leads civic engagement courses with community service components.,,"Faculty, Social Science/Civic Engagement",Staff,Jeremiah_AI_v2_Standardized,Yes
Selina Zheng ,Hunter College,"Tie-Building, Programming Coordination",Faculty Research,Cultural Affairs,"Student Organizations, Students",1411,,,"As a student government officer, she can be a strong tie to student orgs & civic programming.",,Cultural Affairs Commissioner,Staff,Jeremiah_AI_v2_Standardized,Yes
Lorna Malcolm,LaGuardia CC,"Civic Engagement, Internship Coordination",Faculty Research,Urban Studies,Students,1410,Justice,,Engages students in civic urban justice projects and internships.,,"Director, Urban Studies Program",Staff,Jeremiah_AI_v2_Standardized,Yes
Elizabeth Hendrey,Queens College,Initiative Oversight,Faculty Research,"Academic, Civic",QC Community,1417,Academic/Civic Initiatives,,Oversees academic/civic initiatives across QC.,,Provost & VP for Academic Affairs,Staff,Jeremiah_AI_v2_Standardized,Yes
Mohamed Shabazz,Queens College,Advisory,Faculty Research,Civic,"Muslim Student Association (MSA), Students",1415,,,Advises civic-minded MSA student org at Queens College.,,"Faculty Advisor, Muslim Student Association (MSA)",Staff,Jeremiah_AI_v2_Standardized,Yes
Stephen Powers,LaGuardia CC,Program Oversight,Faculty Research,"Education, Civic Partnerships",Public Schools,1414,,,Oversees LaGuardia civic programs tied to public schools.,,"Coordinator, Education & Civic Partnerships",Staff,Jeremiah_AI_v2_Standardized,Yes
Suzanne Oboler,John Jay College,"Student Advocacy, Mentorship",Faculty Research,Latinx Civic Justice,"Students, Faculty",1416,Civic Justice,,"Faculty leader in Latinx civic justice, student advocacy, and mentorship",,Latin American & Latina/o Studies,Staff,Jeremiah_AI_v2_Standardized,Yes
Mimi Hom,Hunter College,"Project Engagement, Student Engagement",Faculty Research,"Immigrant Rights, Civic Justice","Students, Asian American Community",1413,Justice,,Engages students in immigrant rights and civic justice projects.,,"Asian American Studies Faculty, Community Partnerships",Staff,Jeremiah_AI_v2_Standardized,Yes
Gail Spangenberg,LaGuardia CC,Community Service Project Coordination,Faculty Research,Adult Education,"Adult Learners, General Public",1421,,,Works with adult learners and community service projects,,"Faculty, Adult Learning & Civic Engagement",Staff,Jeremiah_AI_v2_Standardized,Yes
Karen Weingarten,Queens College,"Civic Activism, Advocacy",Faculty Research,Gender Equity,General Public,1419,Civic Reform,,Advocates gender equity and civic activism.,,Faculty Advisor,Staff,Jeremiah_AI_v2_Standardized,Yes
David Rivera ,Queens College,Civic Leadership,Faculty Research,LGBTQI+,"Students, General Public",1418,Civic Reform,,QC-based leader on LGBTQI+ civic leadership.,,"Associate Professor; Founding Director, CUNY LGBTQI+ Student Leadership Program ",Staff,Jeremiah_AI_v2_Standardized,Yes
Carl Mitchell,York College,Civic Project Support,Faculty Research,Environmental Science,Students,1420,Sustainability,,Supports student-led civic projects on sustainability and environment.,,"Faculty Advisor, Environmental Science Club",Staff,Jeremiah_AI_v2_Standardized,Yes
Thomas Ort,Queens College,"Course Development, Teaching",Faculty Research,"History, Civic Engagement","Students, General Public",1422,"Democracy, Justice",,Runs history/civic engagement courses on democracy and justice.,,"History Department, Civic Faculty",Staff,Jeremiah_AI_v2_Standardized,Yes
Lorraine Cohen,LaGuardia CC,"Civic Faculty Engagement, Community Organizing",Faculty Research,Social Science,"Students, General Public",1423,Social Justice,,Active civic faculty connecting students to social justice campaigns,,"Faculty, Social Science, Community Organizer",Staff,Jeremiah_AI_v2_Standardized,Yes
Ann Matsuuchi,LaGuardia CC,"Digital Archives Guidance, Civic Engagement",Faculty Research,Public History,Students,1425,,,Guides students on civic digital archives and public history.,,Library & Civic Digital Engagement,Staff,Jeremiah_AI_v2_Standardized,Yes
Rohit Parikh,Queens College,"Civic Logic, Debate Facilitation",Faculty Research,"Computer Science, Philosophy",Students,1427,,,"Known for civic logic and philosophy, student civic debates.",,"Distinguished Professor, Computer Science & Philosophy",Staff,Jeremiah_AI_v2_Standardized,Yes
Ron Daniels,York College,"Teaching, Organizing, Advocacy",Faculty Research,"Public Policy, Civic Engagement",Students,1426,Civic Leadership,,National civic leader teaching students organizing and advocacy.,,"Distinguished Lecturer, Public Policy & Civic Engagement",Staff,Jeremiah_AI_v2_Standardized,Yes
Ellen Mishkin,LaGuardia CC,Civic Project Development,Faculty Research,Environmental Justice,LaGuardia Community,1424,Environmental Justice,,Environmental justice civic projects at LaGuardia.,,Club Advisor of LaGuardia Green Club,Staff,Jeremiah_AI_v2_Standardized,Yes
William Kornblum,John Jay College,Outreach Tie-Ins,Faculty Research,Sociology,NYC Communities,1428,,,"Civic sociologist working with NYC communities, good for outreach tie-ins.",,"Emeritus Professor, Sociology",Staff,Jeremiah_AI_v2_Standardized,Yes
Keisha Davenport,Hunter College,"Mentoring, Support",Faculty Research,"Education, Civic Equity",Underserved Students,1429,Civic Equity,,"Oversees support and mentoring for underserved students, tied to civic equity.",,"Director, SEEK Program",Staff,Jeremiah_AI_v2_Standardized,Yes
Sam Weinstein,Hunter College,"Training, Student Development",Faculty Research,"Civic Discourse, Advocacy, Public Speaking",Students,1431,Justice,,"Trains students in civic discourse, advocacy, and public speaking.",,Faculty Advisor,Staff,Jeremiah_AI_v2_Standardized,Yes
Andre Ward,John Jay College,"Program Development, Civic Engagement & Equity",Faculty Research,"Reentry & Incarceration, Justice","Justice-Impacted Individuals, General Public",1430,Civic Reform,,Runs reentry and justice reform programs; aligns with civic engagement & equity.,,"Executive Director, Institute for Justice & Opportunity",Staff,Jeremiah_AI_v2_Standardized,Yes
Mechthild Nagel,Hunter College,Advocacy,Faculty Research,Human Rights,General Public,1432,Justice,,Civic human rights advocacy aligns with INI justice mission,human rights advocacy,Faculty Advisor ,Staff,Jeremiah_AI_v2_Standardized,Yes
test,,,,,,1443,,,,,,,Jeremiah_AI_v2_Standardized,Yes
Ryan Dooley,,Leadership,,Justice,Students,1445,Civic Reform,,,,Pipeline to Justice - CUNY,Director,Jeremiah_AI_v2_Standardized,Yes
Angie Beeman,Baruch College,Faculty,,,General Public,1444,,,,,,Faculty,Jeremiah_AI_v2_Standardized,Yes
